08:35:28,43.27
08:58:32,44.06
09:30:06,44.13
09:30:16,44.21
09:30:17,44.15
09:30:17,44.24
09:30:18,44.25
09:30:19,44.26
09:30:20,44.25
09:30:28,44.28
09:30:29,44.21
09:30:31,44.3
09:30:31,44.22
09:30:33,44.23
09:30:36,44.21
09:30:37,44.18
09:30:59,44.1
09:31:12,44.09
09:31:15,44.08
09:31:23,44.06
09:31:26,44.01
09:31:27,44.05
09:31:30,43.98
09:31:31,43.95
09:31:42,43.88
09:31:43,44
09:31:44,43.95
09:31:48,43.96
09:31:52,43.9
09:31:54,43.94
09:32:05,44.04
09:32:07,44.01
09:32:10,44.06
09:32:16,44.12
09:32:17,44.07
09:32:17,44.06
09:32:25,44.05
09:32:26,44.03
09:32:26,44.04
09:32:29,44.07
09:32:33,44.02
09:32:40,44
09:32:44,44.02
09:32:47,44.06
09:33:07,44.05
09:33:11,44.07
09:33:13,44.14
09:33:20,44.13
09:33:31,44.15
09:33:45,44.16
09:33:47,44.13
09:33:53,44.1
09:34:04,44.11
09:34:04,44.13
09:34:10,44.1
09:34:12,44.07
09:34:13,44.05
09:34:13,44.06
09:34:17,44.05
09:34:23,44.27
09:34:43,44.13
09:34:48,44.09
09:34:49,44.1
09:34:53,44.05
09:34:54,44.01
09:34:56,44.21
09:34:58,44.18
09:35:00,44.06
09:35:01,44.1
09:35:06,44.06
09:35:30,44.12
09:35:30,44.06
09:35:32,44.19
09:35:48,44.2
09:35:49,44.21
09:35:49,44.24
09:36:01,44.14
09:36:06,44.12
09:36:07,44.1
09:36:08,44.12
09:36:10,44.14
09:36:20,44.2
09:36:29,44.19
09:36:36,44.17
09:36:36,44.15
09:36:37,44.17
09:36:42,44.15
09:36:52,44.12
09:36:59,44.19
09:37:01,44.13
09:37:06,44.11
09:37:14,44.12
09:37:19,44.11
09:37:19,44.12
09:37:23,44.14
09:37:26,44.15
09:37:30,44.17
09:37:37,44.16
09:37:38,44.19
09:37:46,44.13
09:37:47,44.15
09:37:50,44.16
09:38:04,44.13
09:38:08,44.16
09:38:14,44.17
09:38:21,44.22
09:38:23,44.21
09:38:24,44.23
09:38:31,44.19
09:38:35,44.17
09:38:36,44.16
09:38:44,44.17
09:38:48,44.19
09:38:51,44.21
09:38:57,44.14
09:39:03,44.2
09:39:04,44.22
09:39:04,44.18
09:39:13,44.21
09:39:19,44.2
09:39:22,44.22
09:39:25,44.24
09:39:30,44.25
09:39:34,44.24
09:39:35,44.23
09:39:47,44.24
09:39:49,44.21
09:39:50,44.23
09:39:56,44.27
09:39:59,44.25
09:40:01,44.24
09:40:03,44.26
09:40:03,44.29
09:40:08,44.3
09:40:09,44.29
09:40:09,44.27
09:40:10,44.24
09:40:16,44.32
09:40:20,44.28
09:40:32,44.26
09:40:33,44.24
09:40:34,44.26
09:40:35,44.29
09:40:36,44.31
09:40:43,44.3
09:40:43,44.28
09:40:47,44.29
09:40:51,44.26
09:40:54,44.27
09:41:00,44.29
09:41:04,44.31
09:41:10,44.3
09:41:11,44.32
09:41:23,44.34
09:41:23,44.33
09:41:27,44.37
09:41:28,44.38
09:41:28,44.4
09:41:29,44.41
09:41:30,44.42
09:41:32,44.45
09:41:33,44.42
09:41:41,44.45
09:41:41,44.42
09:41:42,44.45
09:41:43,44.44
09:41:50,44.43
09:41:50,44.44
09:41:51,44.43
09:41:57,44.44
09:42:11,44.45
09:42:13,44.44
09:42:18,44.42
09:42:21,44.44
09:42:32,44.39
09:42:34,44.41
09:42:46,44.38
09:42:50,44.4
09:42:51,44.41
09:42:52,44.4
09:42:56,44.37
09:42:56,44.4
09:43:03,44.41
09:43:08,44.4
09:43:09,44.41
09:43:20,44.42
09:43:20,44.41
09:43:20,44.4
09:43:23,44.41
09:43:25,44.4
09:43:35,44.39
09:43:35,44.4
09:43:35,44.41
09:43:40,44.42
09:43:41,44.41
09:43:43,44.4
09:43:46,44.41
09:43:52,44.42
09:43:56,44.43
09:43:58,44.44
09:44:01,44.42
09:44:02,44.44
09:44:03,44.42
09:44:08,44.43
09:44:11,44.44
09:44:11,44.43
09:44:16,44.42
09:44:30,44.4
09:44:31,44.39
09:44:35,44.37
09:44:48,44.38
09:44:50,44.39
09:44:59,44.37
09:45:02,44.35
09:45:04,44.29
09:45:07,44.27
09:45:08,44.28
09:45:10,44.3
09:45:15,44.29
09:45:16,44.28
09:45:17,44.29
09:45:18,44.28
09:45:20,44.3
09:45:22,44.28
09:45:23,44.27
09:45:30,44.2
09:45:31,44.22
09:45:31,44.19
09:45:40,44.18
09:45:43,44.2
09:45:43,44.21
09:45:45,44.19
09:45:55,44.18
09:46:02,44.17
09:46:03,44.15
09:46:04,44.14
09:46:06,44.12
09:46:09,44.1
09:46:12,44.09
09:46:14,44.1
09:46:16,44.12
09:46:18,44.13
09:46:20,44.1
09:46:25,44.09
09:46:25,44.08
09:46:29,44.05
09:46:30,44.01
09:46:30,44.04
09:46:33,44.03
09:46:33,44.01
09:46:34,44.03
09:46:35,44.01
09:46:37,44.03
09:46:38,44.01
09:46:40,44.03
09:46:41,44.02
09:46:42,44.05
09:46:44,44.03
09:46:45,44.01
09:46:49,44.02
09:46:51,44.03
09:46:52,44
09:46:55,43.98
09:47:06,43.97
09:47:08,43.99
09:47:08,44.02
09:47:09,43.97
09:47:10,44.03
09:47:13,44
09:47:15,44.02
09:47:23,44
09:47:23,43.99
09:47:24,44.01
09:47:24,43.99
09:47:31,44
09:47:33,44.01
09:47:35,43.99
09:47:35,44
09:47:37,43.98
09:47:39,43.99
09:47:40,43.98
09:47:42,43.99
09:47:42,43.98
09:47:53,44
09:48:00,44.02
09:48:19,43.99
09:48:20,43.98
09:48:32,43.99
09:48:35,44.01
09:48:36,44
09:48:38,44.01
09:48:46,44.02
09:48:49,44.03
09:48:50,44
09:48:59,44.01
09:49:07,44.03
09:49:09,44.04
09:49:16,44.01
09:49:24,44.03
09:49:34,44.01
09:49:34,43.99
09:49:36,43.97
09:49:36,43.99
09:49:36,43.97
09:49:37,43.96
09:49:41,43.98
09:49:50,43.96
09:50:01,43.97
09:50:07,43.95
09:50:09,43.97
09:50:11,44
09:50:15,44.02
09:50:15,44.03
09:50:16,44.01
09:50:21,44.04
09:50:27,44.05
09:50:28,44.04
09:50:29,44.06
09:50:41,44.07
09:50:46,44.1
09:50:52,44.11
09:50:57,44.1
09:51:03,44.12
09:51:05,44.08
09:51:08,44.06
09:51:10,44.08
09:51:12,44.05
09:51:14,44.04
09:51:18,44.05
09:51:21,44.03
09:51:25,44.04
09:51:38,44.07
09:51:53,44.06
09:51:57,44.07
09:51:58,44.05
09:52:02,44.06
09:52:09,44.07
09:52:11,44.1
09:52:15,44.09
09:52:16,44.08
09:52:17,44.09
09:52:28,44.11
09:52:36,44.1
09:52:43,44.13
09:52:45,44.16
09:52:52,44.13
09:52:52,44.16
09:52:59,44.19
09:53:10,44.21
09:53:11,44.19
09:53:12,44.22
09:53:13,44.24
09:53:15,44.23
09:53:16,44.2
09:53:16,44.24
09:53:18,44.2
09:53:19,44.17
09:53:20,44.15
09:53:23,44.17
09:53:33,44.18
09:53:35,44.19
09:53:44,44.2
09:54:23,44.16
09:54:24,44.14
09:54:28,44.11
09:54:41,44.1
09:54:55,44.07
09:54:55,44.06
09:54:57,44.07
09:55:07,44.08
09:55:09,44.1
09:55:17,44.07
09:55:21,44.08
09:55:22,44.06
09:55:35,44.07
09:55:36,44.06
09:55:37,44.04
09:55:37,44.05
09:55:41,44.06
09:55:50,44.05
09:55:52,44.04
09:55:55,44.05
09:56:06,44.06
09:56:08,44.07
09:56:08,44.06
09:56:13,44.09
09:56:15,44.07
09:56:35,44.08
09:56:44,44.09
09:56:45,44.08
09:56:50,44.05
09:57:00,44.03
09:57:19,44.05
09:57:20,44.03
09:57:27,44.05
09:57:49,44.03
09:57:53,44.01
09:57:54,44.05
09:57:55,44.02
09:58:00,44.04
09:58:07,44.02
09:58:17,44.06
09:58:17,44.02
09:58:18,44.05
09:58:18,44.01
09:58:20,44
09:58:20,43.99
09:58:20,43.98
09:58:37,43.97
09:58:37,43.95
09:58:38,43.97
09:58:39,43.91
09:58:40,43.9
09:58:41,43.92
09:58:42,43.9
09:58:43,43.92
09:58:45,43.93
09:58:51,43.94
09:58:53,43.92
09:58:54,43.93
09:58:55,43.92
09:58:56,43.93
09:58:57,43.94
09:58:58,43.92
09:59:03,43.94
09:59:04,43.92
09:59:07,43.93
09:59:07,43.92
09:59:08,43.9
09:59:08,43.92
09:59:09,43.9
09:59:10,43.92
09:59:11,43.9
09:59:11,43.92
09:59:13,43.91
09:59:13,43.9
09:59:17,43.91
09:59:17,43.93
09:59:19,43.94
09:59:23,43.93
09:59:23,43.92
09:59:24,43.91
09:59:25,43.92
09:59:36,43.9
09:59:38,43.92
09:59:47,43.9
09:59:50,43.92
09:59:50,43.89
09:59:54,43.85
09:59:55,43.86
09:59:56,43.87
09:59:57,43.86
09:59:57,43.89
09:59:58,43.87
09:59:59,43.88
10:00:00,43.89
10:00:00,43.88
10:00:01,43.87
10:00:09,43.86
10:00:10,43.87
10:00:14,43.85
10:00:17,43.87
10:00:18,43.83
10:00:23,43.81
10:00:24,43.82
10:00:28,43.8
10:00:31,43.82
10:00:36,43.81
10:00:47,43.8
10:00:49,43.81
10:00:50,43.8
10:00:51,43.79
10:00:52,43.8
10:00:54,43.81
10:00:54,43.8
10:01:03,43.79
10:01:06,43.78
10:01:07,43.76
10:01:07,43.77
10:01:09,43.78
10:01:09,43.77
10:01:11,43.78
10:01:13,43.77
10:01:18,43.76
10:01:19,43.77
10:01:20,43.78
10:01:22,43.77
10:01:27,43.76
10:01:28,43.77
10:01:28,43.76
10:01:29,43.77
10:01:30,43.76
10:01:32,43.79
10:01:37,43.78
10:01:38,43.79
10:01:40,43.77
10:01:41,43.76
10:01:48,43.77
10:01:53,43.76
10:01:57,43.77
10:01:57,43.79
10:02:02,43.8
10:02:02,43.79
10:02:08,43.81
10:02:08,43.82
10:02:10,43.84
10:02:11,43.83
10:02:12,43.82
10:02:13,43.83
10:02:19,43.84
10:02:20,43.86
10:02:24,43.87
10:02:28,43.88
10:02:34,43.9
10:02:34,43.91
10:02:34,43.89
10:02:35,43.88
10:02:44,43.9
10:02:44,43.88
10:02:45,43.89
10:02:45,43.9
10:02:45,43.89
10:02:47,43.88
10:02:51,43.89
10:02:58,43.9
10:02:59,43.89
10:03:02,43.87
10:03:06,43.85
10:03:06,43.83
10:03:07,43.84
10:03:08,43.83
10:03:13,43.82
10:03:15,43.81
10:03:16,43.82
10:03:16,43.83
10:03:17,43.84
10:03:18,43.86
10:03:20,43.87
10:03:21,43.89
10:03:26,43.9
10:03:40,43.88
10:03:42,43.86
10:03:43,43.88
10:03:49,43.86
10:03:53,43.88
10:04:01,43.87
10:04:12,43.85
10:04:18,43.86
10:04:18,43.88
10:04:20,43.87
10:04:20,43.86
10:04:21,43.87
10:04:22,43.86
10:04:24,43.83
10:04:26,43.85
10:04:38,43.84
10:04:40,43.83
10:04:51,43.82
10:04:53,43.83
10:05:06,43.82
10:05:09,43.83
10:05:10,43.82
10:05:11,43.83
10:05:12,43.82
10:05:13,43.83
10:05:24,43.82
10:05:24,43.81
10:05:26,43.82
10:05:28,43.83
10:05:35,43.84
10:05:47,43.86
10:05:51,43.85
10:05:53,43.86
10:05:59,43.88
10:06:00,43.87
10:06:02,43.89
10:06:05,43.88
10:06:08,43.86
10:06:14,43.84
10:06:20,43.86
10:06:29,43.83
10:06:31,43.82
10:06:32,43.86
10:06:32,43.85
10:06:39,43.88
10:06:42,43.87
10:06:43,43.88
10:06:44,43.87
10:06:45,43.88
10:06:46,43.91
10:06:50,43.92
10:06:51,43.93
10:06:53,43.91
10:06:54,43.93
10:06:56,43.89
10:06:57,43.88
10:06:59,43.87
10:07:06,43.86
10:07:10,43.88
10:07:10,43.87
10:07:11,43.86
10:07:12,43.87
10:07:18,43.85
10:07:22,43.87
10:07:29,43.86
10:07:35,43.88
10:07:37,43.87
10:07:49,43.88
10:07:54,43.87
10:07:58,43.88
10:08:01,43.86
10:08:06,43.87
10:08:21,43.88
10:08:25,43.9
10:08:28,43.91
10:08:29,43.92
10:08:30,43.9
10:08:31,43.88
10:08:32,43.89
10:08:35,43.87
10:08:39,43.89
10:08:47,43.88
10:08:47,43.89
10:08:47,43.88
10:08:50,43.91
10:08:55,43.92
10:09:00,43.89
10:09:04,43.85
10:09:10,43.88
10:09:11,43.86
10:09:15,43.88
10:09:18,43.87
10:09:20,43.85
10:09:21,43.88
10:09:21,43.85
10:09:22,43.88
10:09:22,43.87
10:09:25,43.85
10:09:25,43.84
10:09:28,43.85
10:09:28,43.84
10:09:30,43.83
10:09:34,43.82
10:09:37,43.83
10:09:39,43.82
10:09:40,43.83
10:09:48,43.82
10:09:49,43.83
10:09:54,43.84
10:10:02,43.81
10:10:04,43.87
10:10:04,43.89
10:10:05,43.87
10:10:06,43.82
10:10:10,43.85
10:10:19,43.82
10:10:22,43.84
10:10:25,43.85
10:10:26,43.83
10:10:30,43.82
10:10:35,43.83
10:10:37,43.81
10:10:38,43.8
10:10:39,43.81
10:10:46,43.82
10:10:48,43.81
10:10:51,43.82
10:10:56,43.81
10:10:57,43.82
10:10:59,43.8
10:11:00,43.78
10:11:03,43.79
10:11:04,43.78
10:11:04,43.77
10:11:05,43.79
10:11:07,43.77
10:11:09,43.76
10:11:09,43.77
10:11:17,43.75
10:11:17,43.77
10:11:19,43.75
10:11:20,43.77
10:11:21,43.74
10:11:22,43.75
10:11:22,43.74
10:11:23,43.73
10:11:24,43.72
10:11:30,43.74
10:11:31,43.76
10:11:33,43.73
10:11:33,43.71
10:11:35,43.75
10:11:36,43.71
10:11:37,43.72
10:11:37,43.74
10:11:39,43.76
10:11:42,43.74
10:11:43,43.75
10:11:55,43.72
10:11:59,43.73
10:11:59,43.71
10:12:01,43.74
10:12:01,43.75
10:12:02,43.76
10:12:10,43.79
10:12:17,43.76
10:12:26,43.78
10:12:30,43.77
10:12:30,43.76
10:12:33,43.75
10:12:34,43.74
10:12:37,43.75
10:12:37,43.74
10:12:38,43.76
10:12:43,43.79
10:12:45,43.8
10:12:56,43.77
10:12:57,43.76
10:12:57,43.75
10:13:05,43.74
10:13:06,43.75
10:13:06,43.74
10:13:07,43.72
10:13:10,43.69
10:13:11,43.68
10:13:12,43.67
10:13:12,43.7
10:13:14,43.69
10:13:14,43.68
10:13:16,43.66
10:13:17,43.67
10:13:19,43.64
10:13:22,43.67
10:13:25,43.69
10:13:28,43.67
10:13:34,43.66
10:13:36,43.67
10:13:37,43.65
10:13:48,43.63
10:13:52,43.64
10:13:53,43.65
10:13:53,43.68
10:13:57,43.69
10:13:58,43.7
10:13:58,43.69
10:14:00,43.68
10:14:01,43.67
10:14:03,43.66
10:14:05,43.65
10:14:08,43.63
10:14:15,43.62
10:14:16,43.63
10:14:18,43.62
10:14:33,43.61
10:14:35,43.63
10:14:35,43.64
10:14:36,43.65
10:14:38,43.67
10:14:39,43.66
10:14:43,43.65
10:14:46,43.66
10:14:55,43.67
10:14:56,43.65
10:15:02,43.66
10:15:04,43.67
10:15:16,43.64
10:15:20,43.65
10:15:23,43.66
10:15:24,43.65
10:15:25,43.64
10:15:26,43.67
10:15:27,43.69
10:15:29,43.67
10:15:38,43.66
10:15:40,43.65
10:15:50,43.66
10:15:58,43.67
10:15:58,43.7
10:16:04,43.72
10:16:08,43.7
10:16:10,43.69
10:16:15,43.7
10:16:20,43.69
10:16:26,43.7
10:16:27,43.69
10:16:31,43.71
10:16:33,43.69
10:16:41,43.71
10:16:42,43.69
10:16:47,43.7
10:16:49,43.71
10:16:50,43.7
10:16:55,43.71
10:16:57,43.72
10:17:19,43.74
10:17:22,43.72
10:17:29,43.73
10:17:44,43.7
10:17:45,43.71
10:17:48,43.72
10:17:49,43.71
10:17:49,43.72
10:18:04,43.75
10:18:20,43.74
10:18:21,43.72
10:18:26,43.71
10:18:34,43.72
10:18:36,43.74
10:18:37,43.75
10:18:43,43.74
10:18:53,43.76
10:18:57,43.74
10:19:08,43.75
10:19:17,43.74
10:19:18,43.76
10:19:19,43.77
10:19:19,43.79
10:19:21,43.78
10:19:40,43.79
10:19:40,43.81
10:19:41,43.83
10:19:44,43.8
10:19:53,43.83
10:20:03,43.8
10:20:03,43.81
10:20:09,43.89
10:20:10,43.84
10:20:19,43.88
10:20:26,43.91
10:20:29,43.94
10:20:51,43.97
10:21:04,43.99
10:21:05,43.98
10:21:16,43.97
10:21:17,43.96
10:21:19,43.95
10:21:21,43.96
10:21:29,43.97
10:21:35,43.99
10:21:40,43.96
10:21:50,43.97
10:21:51,43.96
10:21:51,43.98
10:21:53,43.97
10:21:54,43.99
10:21:55,43.97
10:21:57,43.99
10:21:59,43.98
10:22:03,43.97
10:22:05,43.95
10:22:13,43.96
10:22:14,43.95
10:22:21,43.93
10:22:22,43.92
10:22:25,43.93
10:22:25,43.95
10:22:31,43.94
10:22:49,43.92
10:22:54,43.98
10:22:54,43.96
10:23:00,43.97
10:23:04,43.94
10:23:05,43.95
10:23:16,43.97
10:23:19,43.98
10:23:22,43.99
10:23:23,44.01
10:23:36,44
10:23:39,44.01
10:23:48,44.02
10:23:52,44.03
10:23:54,44.04
10:23:58,44.05
10:24:08,44.1
10:24:09,44.08
10:24:13,44.15
10:24:18,44.14
10:24:22,44.11
10:24:28,44.1
10:24:32,44.11
10:24:38,44.09
10:24:43,44.08
10:24:44,44.09
10:24:50,44.08
10:24:52,44.09
10:24:53,44.06
10:25:12,44.08
10:25:16,44.09
10:25:27,44.06
10:25:33,44.08
10:25:37,44.07
10:25:43,44.05
10:25:47,44.07
10:25:48,44.08
10:25:51,44.07
10:25:52,44.09
10:25:55,44.08
10:25:57,44.09
10:26:00,44.1
10:26:11,44.09
10:26:24,44.1
10:26:30,44.11
10:26:33,44.13
10:26:36,44.1
10:26:37,44.09
10:26:39,44.1
10:26:42,44.07
10:26:44,44.08
10:26:46,44.1
10:26:47,44.08
10:26:49,44.1
10:26:51,44.11
10:26:56,44.12
10:27:06,44.11
10:27:14,44.1
10:27:15,44.09
10:27:22,44.08
10:27:23,44.09
10:27:24,44.1
10:27:26,44.12
10:27:30,44.09
10:27:32,44.08
10:27:33,44.1
10:27:36,44.12
10:27:38,44.1
10:27:47,44.11
10:27:48,44.1
10:27:50,44.09
10:27:51,44.08
10:27:53,44.07
10:27:57,44.09
10:28:00,44.1
10:28:08,44.11
10:28:10,44.13
10:28:10,44.12
10:28:16,44.14
10:28:18,44.15
10:28:20,44.14
10:28:20,44.15
10:28:26,44.13
10:28:29,44.15
10:28:32,44.16
10:28:36,44.17
10:28:38,44.18
10:28:41,44.17
10:28:41,44.18
10:28:45,44.17
10:28:45,44.15
10:28:49,44.16
10:28:54,44.15
10:28:54,44.17
10:28:55,44.15
10:28:56,44.14
10:28:58,44.15
10:29:02,44.13
10:29:04,44.1
10:29:07,44.12
10:29:09,44.1
10:29:19,44.09
10:29:34,44.08
10:29:45,44.05
10:29:45,44.07
10:29:53,44.06
10:29:54,44.07
10:29:59,44.08
10:30:01,44.09
10:30:14,44.07
10:30:15,44.08
10:30:17,44.06
10:30:21,44.05
10:30:23,44.02
10:30:34,44.01
10:30:35,43.99
10:30:39,43.98
10:30:41,44.01
10:30:42,44
10:30:48,44.02
10:30:51,44.01
10:30:54,44.04
10:30:59,44.05
10:31:03,44.09
10:31:06,44.06
10:31:17,44.05
10:31:27,44.03
10:31:29,44.07
10:31:29,44.05
10:31:41,44.06
10:31:49,44.07
10:31:53,44.09
10:32:01,44.11
10:32:03,44.13
10:32:04,44.14
10:32:05,44.16
10:32:05,44.19
10:32:07,44.18
10:32:11,44.17
10:32:13,44.19
10:32:15,44.18
10:32:16,44.17
10:32:17,44.16
10:32:33,44.17
10:32:35,44.16
10:32:36,44.18
10:32:42,44.17
10:32:44,44.15
10:33:15,44.12
10:33:17,44.14
10:33:27,44.13
10:33:28,44.14
10:33:29,44.15
10:33:31,44.16
10:33:32,44.17
10:33:37,44.16
10:33:42,44.15
10:33:48,44.12
10:33:49,44.11
10:33:56,44.13
10:33:58,44.15
10:34:07,44.14
10:34:10,44.13
10:34:12,44.12
10:34:13,44.13
10:34:15,44.12
10:34:19,44.11
10:34:26,44.1
10:34:33,44.11
10:34:40,44.12
10:35:01,44.14
10:35:05,44.11
10:35:09,44.1
10:35:11,44.11
10:35:14,44.1
10:35:19,44.08
10:35:27,44.07
10:35:31,44.08
10:35:35,44.1
10:35:59,44.08
10:36:06,44.09
10:36:17,44.08
10:36:17,44.07
10:36:19,44.06
10:36:22,44.07
10:36:22,44.06
10:36:25,44.08
10:36:38,44.09
10:36:44,44.1
10:36:45,44.11
10:36:45,44.1
10:36:47,44.11
10:36:51,44.09
10:37:04,44.14
10:37:05,44.13
10:37:29,44.12
10:37:46,44.13
10:37:47,44.14
10:37:48,44.13
10:37:52,44.15
10:37:58,44.16
10:38:02,44.15
10:38:17,44.16
10:38:30,44.15
10:38:30,44.16
10:38:32,44.15
10:38:38,44.16
10:39:05,44.15
10:39:05,44.13
10:39:28,44.12
10:39:34,44.11
10:39:34,44.1
10:39:38,44.12
10:39:39,44.13
10:40:14,44.11
10:40:24,44.1
10:40:29,44.11
10:40:33,44.1
10:40:38,44.12
10:40:41,44.11
10:40:42,44.13
10:40:43,44.12
10:40:46,44.13
10:40:48,44.14
10:40:56,44.13
10:41:22,44.14
10:41:23,44.13
10:41:32,44.15
10:41:33,44.17
10:41:44,44.13
10:42:19,44.12
10:42:26,44.11
10:42:44,44.12
10:42:48,44.13
10:42:57,44.11
10:42:58,44.1
10:43:04,44.09
10:43:19,44.1
10:43:37,44.09
10:43:39,44.08
10:43:53,44.09
10:44:12,44.11
10:44:34,44.1
10:44:43,44.11
10:44:43,44.12
10:44:48,44.13
10:44:50,44.12
10:44:55,44.14
10:45:02,44.15
10:45:02,44.14
10:45:17,44.17
10:45:18,44.16
10:45:29,44.13
10:45:41,44.14
10:45:47,44.15
10:45:52,44.13
10:45:55,44.14
10:46:01,44.13
10:46:06,44.12
10:46:07,44.11
10:46:13,44.1
10:46:22,44.12
10:46:24,44.13
10:46:25,44.14
10:46:32,44.17
10:46:32,44.16
10:46:33,44.15
10:46:47,44.16
10:46:54,44.15
10:46:56,44.16
10:46:57,44.15
10:46:57,44.16
10:47:08,44.17
10:47:17,44.19
10:47:21,44.18
10:47:25,44.19
10:47:29,44.16
10:47:41,44.18
10:47:46,44.16
10:47:52,44.19
10:47:53,44.17
10:47:53,44.19
10:48:00,44.21
10:48:01,44.22
10:48:02,44.21
10:48:18,44.22
10:48:23,44.23
10:48:23,44.22
10:48:36,44.21
10:48:51,44.23
10:48:52,44.24
10:48:52,44.25
10:49:07,44.27
10:49:09,44.28
10:49:29,44.3
10:49:29,44.29
10:49:31,44.3
10:49:33,44.31
10:49:34,44.3
10:49:40,44.29
10:49:49,44.27
10:49:49,44.28
10:49:50,44.27
10:49:55,44.28
10:50:03,44.29
10:50:34,44.31
10:50:35,44.3
10:50:37,44.31
10:50:38,44.3
10:50:39,44.31
10:50:47,44.33
10:50:47,44.34
10:50:50,44.33
10:50:56,44.32
10:50:56,44.31
10:50:59,44.29
10:51:01,44.28
10:51:18,44.26
10:51:22,44.27
10:51:25,44.24
10:51:29,44.23
10:51:29,44.22
10:51:30,44.21
10:51:34,44.19
10:51:35,44.2
10:51:35,44.19
10:51:36,44.17
10:52:04,44.16
10:52:11,44.17
10:52:11,44.15
10:52:15,44.14
10:52:17,44.15
10:52:38,44.14
10:53:02,44.16
10:53:03,44.14
10:53:06,44.16
10:53:08,44.15
10:53:10,44.14
10:53:10,44.15
10:53:13,44.14
10:53:18,44.15
10:53:21,44.16
10:53:30,44.17
10:54:05,44.19
10:54:10,44.16
10:54:17,44.15
10:54:18,44.13
10:54:21,44.12
10:54:24,44.14
10:54:50,44.13
10:54:54,44.11
10:55:20,44.1
10:55:28,44.09
10:55:33,44.1
10:55:34,44.09
10:55:34,44.1
10:55:42,44.09
10:55:46,44.08
10:55:56,44.07
10:56:03,44.08
10:56:04,44.07
10:56:10,44.08
10:56:11,44.09
10:56:20,44.11
10:56:23,44.14
10:56:34,44.15
10:56:35,44.14
10:56:36,44.12
10:56:55,44.11
10:56:56,44.08
10:57:05,44.1
10:57:05,44.09
10:57:15,44.08
10:57:18,44.06
10:57:18,44.1
10:57:36,44.09
10:57:50,44.1
10:57:53,44.09
10:58:00,44.08
10:58:33,44.09
10:58:37,44.08
10:58:40,44.09
10:58:46,44.1
10:58:49,44.11
10:59:01,44.12
10:59:13,44.13
10:59:15,44.15
10:59:27,44.17
10:59:35,44.15
10:59:35,44.16
10:59:39,44.17
10:59:51,44.18
10:59:52,44.19
10:59:57,44.2
10:59:58,44.19
11:00:00,44.18
11:00:04,44.19
11:00:13,44.21
11:00:13,44.22
11:00:15,44.23
11:00:16,44.22
11:00:23,44.24
11:00:45,44.26
11:00:47,44.25
11:00:53,44.26
11:00:54,44.27
11:00:55,44.28
11:01:10,44.24
11:01:21,44.26
11:01:29,44.22
11:01:30,44.21
11:01:47,44.2
11:01:56,44.22
11:02:02,44.24
11:02:04,44.23
11:02:14,44.22
11:02:24,44.23
11:03:01,44.26
11:03:08,44.24
11:03:08,44.25
11:03:11,44.23
11:03:25,44.24
11:03:26,44.23
11:03:34,44.24
11:03:43,44.23
11:03:54,44.24
11:04:09,44.23
11:04:10,44.22
11:04:32,44.23
11:04:34,44.24
11:04:37,44.23
11:04:42,44.24
11:04:43,44.25
11:05:07,44.26
11:05:08,44.27
11:05:11,44.28
11:05:15,44.3
11:05:15,44.31
11:05:19,44.32
11:05:24,44.33
11:05:25,44.32
11:05:26,44.33
11:05:30,44.34
11:05:32,44.33
11:05:33,44.34
11:05:34,44.33
11:05:35,44.34
11:05:38,44.33
11:05:41,44.32
11:05:43,44.31
11:05:45,44.3
11:06:27,44.32
11:06:30,44.33
11:06:47,44.3
11:06:48,44.28
11:07:09,44.29
11:07:18,44.31
11:07:24,44.3
11:07:25,44.29
11:07:31,44.28
11:07:35,44.27
11:07:35,44.26
11:07:43,44.27
11:07:43,44.24
11:07:50,44.27
11:07:54,44.28
11:08:06,44.27
11:08:10,44.26
11:08:12,44.25
11:08:13,44.24
11:08:19,44.25
11:08:32,44.24
11:08:36,44.25
11:08:52,44.24
11:09:00,44.25
11:09:09,44.23
11:09:13,44.24
11:09:15,44.25
11:09:18,44.23
11:09:19,44.22
11:09:23,44.23
11:09:31,44.22
11:09:44,44.23
11:09:48,44.22
11:09:56,44.21
11:09:59,44.22
11:09:59,44.24
11:10:06,44.25
11:10:10,44.23
11:10:14,44.24
11:10:15,44.25
11:10:15,44.24
11:10:21,44.22
11:10:45,44.21
11:10:49,44.23
11:10:55,44.24
11:11:15,44.25
11:11:17,44.24
11:11:23,44.23
11:11:52,44.22
11:11:59,44.21
11:12:01,44.2
11:12:06,44.19
11:12:10,44.2
11:12:12,44.19
11:12:17,44.18
11:12:40,44.19
11:12:47,44.2
11:12:51,44.19
11:12:53,44.18
11:13:03,44.19
11:13:05,44.2
11:13:21,44.19
11:13:32,44.18
11:13:37,44.19
11:13:39,44.2
11:13:51,44.19
11:14:01,44.18
11:14:05,44.19
11:14:13,44.2
11:14:14,44.21
11:14:14,44.2
11:14:18,44.21
11:14:22,44.22
11:14:25,44.21
11:14:28,44.22
11:14:31,44.23
11:14:34,44.24
11:14:39,44.23
11:14:40,44.2
11:14:47,44.19
11:15:03,44.18
11:15:20,44.19
11:15:20,44.2
11:15:26,44.18
11:15:27,44.17
11:15:31,44.18
11:15:33,44.17
11:15:34,44.18
11:15:39,44.17
11:15:47,44.16
11:15:48,44.14
11:15:52,44.13
11:16:05,44.14
11:16:11,44.15
11:16:13,44.16
11:16:17,44.15
11:16:37,44.16
11:16:52,44.14
11:16:55,44.13
11:16:56,44.12
11:17:17,44.15
11:17:19,44.14
11:17:28,44.15
11:17:39,44.14
11:17:50,44.15
11:17:55,44.14
11:17:56,44.13
11:17:57,44.12
11:17:57,44.15
11:18:04,44.12
11:18:08,44.13
11:18:16,44.12
11:18:34,44.14
11:18:40,44.12
11:18:47,44.11
11:18:48,44.1
11:18:57,44.11
11:18:57,44.1
11:19:00,44.09
11:19:03,44.08
11:19:04,44.07
11:19:05,44.06
11:19:15,44.07
11:19:18,44.08
11:19:21,44.06
11:19:28,44.07
11:19:35,44.05
11:19:44,44.04
11:20:02,44.03
11:20:06,44.02
11:20:08,44.04
11:20:08,44.03
11:20:13,44.02
11:20:21,44.03
11:20:22,44.02
11:20:23,44.01
11:20:25,44.03
11:20:25,44.01
11:20:33,43.99
11:20:40,43.98
11:20:45,43.97
11:20:45,43.98
11:20:47,43.97
11:20:51,43.98
11:20:53,43.97
11:20:54,43.98
11:20:55,43.99
11:20:57,44
11:20:59,43.99
11:21:01,44
11:21:03,43.99
11:21:05,43.97
11:21:17,43.96
11:21:22,43.97
11:21:28,43.98
11:21:31,43.97
11:21:35,43.96
11:21:37,43.95
11:21:39,43.94
11:21:49,43.95
11:22:25,43.94
11:22:28,43.93
11:22:40,43.92
11:22:45,43.93
11:22:52,43.92
11:22:55,43.93
11:22:58,43.94
11:22:59,43.93
11:23:12,43.94
11:23:17,43.91
11:23:26,43.92
11:23:27,43.91
11:23:27,43.92
11:23:30,43.91
11:23:46,43.9
11:23:52,43.89
11:23:53,43.9
11:23:55,43.89
11:24:03,43.9
11:24:05,43.88
11:24:26,43.87
11:24:28,43.86
11:24:29,43.87
11:24:30,43.86
11:24:36,43.87
11:24:41,43.86
11:24:41,43.87
11:24:45,43.88
11:25:06,43.89
11:25:08,43.9
11:25:15,43.91
11:25:16,43.9
11:25:19,43.92
11:25:20,43.91
11:25:24,43.9
11:25:27,43.92
11:25:31,43.91
11:25:31,43.89
11:25:36,43.9
11:25:45,43.91
11:25:53,43.9
11:25:59,43.91
11:26:01,43.9
11:26:06,43.92
11:26:15,43.93
11:26:19,43.94
11:26:21,43.95
11:26:34,43.96
11:26:41,43.97
11:26:41,43.98
11:26:43,43.97
11:26:45,43.98
11:26:47,43.99
11:26:51,44
11:26:51,44.01
11:27:02,44.03
11:27:05,44.02
11:27:07,44
11:27:11,43.99
11:27:12,44.01
11:27:17,43.99
11:27:37,44
11:27:43,43.99
11:27:44,43.98
11:27:47,43.97
11:28:00,43.96
11:28:12,43.97
11:28:13,43.98
11:28:21,43.99
11:28:43,44
11:28:55,44.01
11:29:03,44.02
11:29:08,44
11:29:12,43.99
11:29:16,43.98
11:29:23,43.99
11:29:32,43.98
11:29:34,43.97
11:29:37,43.95
11:29:43,43.96
11:29:43,43.95
11:29:46,43.97
11:29:47,43.98
11:29:53,43.97
11:29:57,43.99
11:30:01,43.98
11:30:02,43.99
11:30:06,43.98
11:30:16,44
11:30:29,43.99
11:30:33,43.98
11:30:35,43.97
11:30:51,43.96
11:30:52,43.97
11:30:53,43.95
11:30:55,43.98
11:30:55,43.97
11:31:00,43.98
11:31:02,43.97
11:31:09,43.96
11:31:17,43.94
11:31:30,43.95
11:31:30,43.94
11:31:36,43.96
11:31:36,43.95
11:31:42,43.94
11:31:49,43.93
11:31:53,43.94
11:31:55,43.95
11:31:57,43.99
11:32:01,43.98
11:32:06,43.95
11:32:08,43.96
11:32:18,43.97
11:32:30,43.98
11:32:32,44
11:32:32,44.01
11:32:34,44
11:32:34,44.01
11:32:38,44.02
11:32:42,44.01
11:32:45,44
11:32:47,44.01
11:32:57,44.02
11:32:58,44.01
11:33:14,44
11:33:20,44.01
11:33:22,44
11:33:23,44.01
11:33:39,44.03
11:33:40,44.01
11:34:11,44.03
11:34:14,44.02
11:34:14,44.03
11:34:15,44.02
11:34:17,44.03
11:34:18,44.04
11:34:21,44.07
11:34:22,44.06
11:34:40,44.08
11:34:42,44.07
11:35:08,44.06
11:35:15,44.05
11:35:20,44.06
11:35:24,44.05
11:35:27,44.04
11:35:28,44.05
11:35:28,44.04
11:35:29,44.05
11:35:31,44.06
11:35:35,44.05
11:35:59,44.04
11:36:02,44.06
11:36:16,44.04
11:36:25,44.03
11:36:26,44.04
11:36:37,44.05
11:36:44,44.06
11:36:49,44.04
11:36:49,44.05
11:37:02,44.04
11:37:03,44.05
11:37:07,44.06
11:37:09,44.05
11:37:19,44.06
11:37:21,44.07
11:37:27,44.08
11:37:34,44.1
11:37:35,44.08
11:37:41,44.09
11:37:46,44.08
11:37:47,44.09
11:38:07,44.08
11:38:07,44.09
11:38:11,44.1
11:38:15,44.11
11:38:15,44.12
11:38:15,44.14
11:38:17,44.17
11:38:18,44.16
11:38:27,44.17
11:38:29,44.16
11:38:30,44.15
11:39:21,44.14
11:39:23,44.16
11:39:26,44.15
11:39:26,44.16
11:39:28,44.17
11:39:49,44.16
11:39:55,44.18
11:40:13,44.15
11:40:13,44.16
11:40:15,44.15
11:40:27,44.16
11:40:29,44.15
11:40:30,44.16
11:40:32,44.17
11:40:42,44.18
11:40:44,44.16
11:40:45,44.18
11:40:45,44.19
11:40:48,44.18
11:40:51,44.19
11:40:52,44.2
11:40:55,44.21
11:41:13,44.22
11:41:25,44.21
11:41:27,44.2
11:41:27,44.21
11:41:30,44.2
11:41:31,44.19
11:41:48,44.17
11:41:49,44.15
11:41:52,44.16
11:41:53,44.15
11:41:55,44.17
11:42:03,44.18
11:42:10,44.17
11:42:15,44.16
11:42:21,44.17
11:42:27,44.18
11:42:33,44.16
11:42:39,44.17
11:42:39,44.15
11:42:55,44.16
11:43:00,44.15
11:43:01,44.16
11:43:09,44.15
11:43:10,44.14
11:43:16,44.15
11:43:20,44.14
11:43:39,44.13
11:43:40,44.15
11:43:41,44.14
11:43:42,44.13
11:43:54,44.14
11:43:57,44.16
11:44:00,44.17
11:44:01,44.16
11:44:02,44.17
11:44:07,44.16
11:44:11,44.17
11:44:20,44.16
11:44:50,44.17
11:44:52,44.18
11:45:00,44.19
11:45:04,44.2
11:45:12,44.22
11:45:20,44.2
11:45:31,44.21
11:45:44,44.22
11:45:45,44.21
11:45:47,44.22
11:45:48,44.21
11:45:54,44.22
11:45:55,44.21
11:45:59,44.2
11:46:00,44.21
11:46:04,44.19
11:46:27,44.2
11:46:29,44.18
11:46:30,44.19
11:46:35,44.17
11:46:43,44.16
11:47:11,44.15
11:47:12,44.14
11:47:13,44.15
11:47:14,44.14
11:47:19,44.16
11:47:19,44.17
11:47:23,44.16
11:47:31,44.17
11:47:33,44.15
11:47:37,44.14
11:47:38,44.15
11:47:50,44.14
11:47:54,44.13
11:48:06,44.12
11:48:19,44.13
11:48:19,44.14
11:48:25,44.15
11:48:26,44.17
11:48:40,44.16
11:49:01,44.15
11:49:02,44.17
11:49:21,44.15
11:49:35,44.17
11:49:36,44.18
11:49:38,44.19
11:49:38,44.18
11:49:40,44.2
11:50:06,44.19
11:50:11,44.2
11:50:12,44.19
11:50:15,44.2
11:50:16,44.19
11:50:23,44.2
11:50:25,44.19
11:50:37,44.18
11:50:47,44.17
11:50:56,44.18
11:51:06,44.17
11:51:16,44.16
11:51:20,44.17
11:51:36,44.16
11:52:04,44.15
11:52:15,44.14
11:52:46,44.15
11:52:50,44.16
11:52:52,44.17
11:52:59,44.18
11:53:00,44.19
11:53:01,44.21
11:53:02,44.22
11:53:05,44.21
11:53:07,44.2
11:53:12,44.21
11:53:13,44.2
11:53:14,44.21
11:53:15,44.2
11:53:22,44.19
11:53:51,44.18
11:54:00,44.17
11:54:17,44.16
11:54:21,44.15
11:54:32,44.14
11:54:33,44.13
11:54:33,44.14
11:54:36,44.13
11:54:37,44.16
11:54:46,44.15
11:55:01,44.14
11:55:07,44.13
11:55:16,44.14
11:55:24,44.15
11:55:29,44.16
11:55:30,44.17
11:55:40,44.16
11:55:47,44.15
11:55:53,44.16
11:55:55,44.17
11:55:56,44.18
11:56:48,44.16
11:56:51,44.15
11:56:55,44.14
11:57:00,44.15
11:57:01,44.16
11:57:17,44.15
11:57:18,44.17
11:57:19,44.18
11:57:20,44.19
11:57:20,44.2
11:57:20,44.21
11:57:25,44.2
11:57:30,44.21
11:57:31,44.2
11:57:46,44.19
11:58:02,44.2
11:58:26,44.19
11:58:30,44.18
11:58:32,44.17
11:58:52,44.16
11:59:13,44.15
11:59:14,44.14
11:59:42,44.15
11:59:42,44.14
12:00:00,44.15
12:00:18,44.16
12:00:20,44.17
12:00:26,44.16
12:00:27,44.17
12:00:31,44.18
12:00:34,44.21
12:00:47,44.2
12:00:48,44.21
12:00:49,44.2
12:01:07,44.21
12:01:08,44.22
12:01:17,44.25
12:01:17,44.24
12:01:26,44.25
12:01:32,44.27
12:01:32,44.28
12:01:34,44.29
12:01:35,44.28
12:01:38,44.29
12:01:43,44.28
12:01:44,44.29
12:01:46,44.28
12:01:56,44.29
12:01:59,44.28
12:02:05,44.27
12:02:08,44.29
12:02:17,44.28
12:02:30,44.27
12:02:31,44.26
12:02:33,44.25
12:03:13,44.24
12:03:16,44.25
12:03:37,44.24
12:03:45,44.25
12:03:54,44.29
12:03:56,44.28
12:04:18,44.27
12:04:19,44.26
12:04:20,44.28
12:04:23,44.27
12:04:35,44.25
12:04:38,44.24
12:05:16,44.23
12:05:20,44.24
12:05:22,44.23
12:05:35,44.22
12:05:36,44.23
12:05:40,44.24
12:06:01,44.23
12:06:01,44.24
12:06:08,44.22
12:06:08,44.21
12:06:17,44.2
12:06:20,44.21
12:06:44,44.22
12:06:52,44.21
12:06:53,44.2
12:07:02,44.21
12:07:06,44.22
12:07:12,44.21
12:08:02,44.2
12:08:03,44.19
12:08:05,44.2
12:08:05,44.19
12:08:07,44.2
12:08:10,44.21
12:08:13,44.2
12:08:19,44.21
12:08:46,44.22
12:09:26,44.23
12:09:28,44.25
12:09:33,44.24
12:09:53,44.23
12:10:00,44.22
12:10:04,44.21
12:10:10,44.2
12:10:12,44.21
12:10:31,44.23
12:10:31,44.21
12:10:35,44.22
12:10:38,44.25
12:10:40,44.24
12:10:40,44.23
12:10:41,44.24
12:10:44,44.25
12:10:47,44.26
12:10:53,44.25
12:10:54,44.26
12:11:15,44.27
12:11:51,44.26
12:11:52,44.25
12:11:54,44.24
12:12:05,44.23
12:12:15,44.24
12:12:24,44.23
12:12:27,44.22
12:12:29,44.23
12:12:30,44.24
12:12:37,44.25
12:12:47,44.24
12:12:53,44.25
12:13:16,44.24
12:13:21,44.23
12:13:23,44.22
12:13:23,44.23
12:13:27,44.24
12:13:28,44.23
12:13:41,44.24
12:14:10,44.25
12:14:30,44.24
12:14:43,44.25
12:14:47,44.26
12:14:51,44.27
12:14:56,44.26
12:15:00,44.27
12:15:55,44.26
12:16:07,44.25
12:16:11,44.26
12:16:13,44.25
12:16:16,44.24
12:16:20,44.25
12:16:34,44.26
12:16:39,44.27
12:16:39,44.28
12:16:46,44.27
12:16:49,44.26
12:16:59,44.28
12:17:01,44.26
12:17:08,44.28
12:17:09,44.29
12:17:14,44.28
12:17:39,44.27
12:17:40,44.28
12:17:40,44.27
12:17:41,44.26
12:17:42,44.25
12:17:55,44.26
12:18:16,44.25
12:18:39,44.26
12:18:40,44.27
12:18:49,44.28
12:18:50,44.27
12:18:56,44.28
12:18:59,44.26
12:19:00,44.27
12:19:02,44.26
12:19:07,44.27
12:19:07,44.28
12:19:09,44.29
12:19:09,44.3
12:19:13,44.31
12:19:16,44.32
12:19:17,44.33
12:19:43,44.32
12:19:49,44.33
12:20:02,44.32
12:20:02,44.33
12:20:12,44.34
12:20:12,44.33
12:20:16,44.34
12:20:27,44.33
12:20:30,44.34
12:20:32,44.33
12:20:36,44.34
12:20:43,44.33
12:20:43,44.32
12:20:53,44.34
12:20:57,44.33
12:21:07,44.31
12:21:15,44.32
12:21:17,44.31
12:21:23,44.32
12:21:24,44.31
12:21:33,44.32
12:21:43,44.31
12:21:47,44.3
12:21:48,44.31
12:21:49,44.29
12:21:54,44.31
12:21:55,44.33
12:21:57,44.32
12:22:01,44.33
12:22:07,44.32
12:22:21,44.33
12:22:50,44.32
12:22:59,44.33
12:23:02,44.32
12:23:05,44.33
12:23:05,44.34
12:23:07,44.33
12:23:31,44.32
12:23:32,44.33
12:23:38,44.34
12:23:47,44.33
12:23:53,44.34
12:23:56,44.33
12:24:01,44.34
12:24:03,44.35
12:24:06,44.41
12:24:08,44.4
12:24:16,44.41
12:24:17,44.4
12:24:24,44.41
12:24:24,44.4
12:24:26,44.39
12:24:32,44.4
12:24:44,44.41
12:24:51,44.44
12:24:55,44.45
12:24:57,44.43
12:25:00,44.42
12:25:14,44.44
12:25:17,44.45
12:25:20,44.44
12:25:23,44.45
12:25:29,44.47
12:25:30,44.46
12:25:33,44.47
12:25:33,44.46
12:25:34,44.47
12:25:36,44.46
12:25:38,44.47
12:25:48,44.48
12:25:52,44.47
12:25:53,44.48
12:25:53,44.49
12:25:55,44.5
12:25:56,44.49
12:25:57,44.5
12:25:59,44.51
12:25:59,44.52
12:26:01,44.51
12:26:02,44.52
12:26:03,44.5
12:26:04,44.49
12:26:05,44.48
12:26:06,44.49
12:26:06,44.47
12:26:11,44.48
12:26:11,44.46
12:26:11,44.48
12:26:18,44.47
12:26:44,44.48
12:26:48,44.47
12:26:55,44.46
12:26:55,44.45
12:26:57,44.47
12:27:00,44.45
12:27:01,44.47
12:27:02,44.45
12:27:05,44.46
12:27:08,44.45
12:27:17,44.47
12:27:19,44.44
12:27:23,44.46
12:27:35,44.45
12:27:43,44.46
12:27:44,44.44
12:27:49,44.43
12:27:58,44.45
12:28:07,44.44
12:28:18,44.49
12:28:21,44.47
12:28:24,44.46
12:28:34,44.49
12:28:45,44.48
12:28:47,44.47
12:29:26,44.48
12:29:38,44.47
12:29:52,44.49
12:29:54,44.48
12:29:55,44.49
12:29:57,44.47
12:30:00,44.48
12:30:05,44.49
12:30:09,44.48
12:30:09,44.47
12:30:18,44.48
12:30:33,44.54
12:30:34,44.48
12:30:34,44.49
12:30:43,44.48
12:30:44,44.49
12:30:49,44.5
12:30:50,44.49
12:30:52,44.5
12:31:03,44.51
12:31:18,44.5
12:31:24,44.52
12:31:27,44.53
12:31:31,44.55
12:31:36,44.53
12:31:38,44.54
12:31:48,44.55
12:31:55,44.54
12:31:56,44.56
12:32:00,44.54
12:32:02,44.53
12:32:07,44.55
12:32:18,44.53
12:32:21,44.52
12:32:36,44.53
12:32:37,44.52
12:32:38,44.53
12:32:52,44.52
12:32:52,44.51
12:33:01,44.52
12:33:02,44.51
12:33:05,44.5
12:33:10,44.53
12:33:11,44.5
12:33:19,44.51
12:33:20,44.5
12:33:22,44.49
12:33:27,44.51
12:33:27,44.5
12:34:01,44.52
12:34:02,44.51
12:34:10,44.5
12:34:13,44.52
12:34:17,44.49
12:34:27,44.5
12:34:35,44.49
12:34:41,44.5
12:34:43,44.51
12:34:44,44.5
12:34:48,44.48
12:34:49,44.49
12:34:57,44.5
12:34:59,44.49
12:35:02,44.51
12:35:15,44.52
12:35:15,44.53
12:35:17,44.52
12:35:41,44.54
12:35:45,44.55
12:36:09,44.54
12:36:10,44.53
12:36:13,44.52
12:36:19,44.51
12:36:25,44.53
12:36:32,44.51
12:36:51,44.54
12:36:52,44.53
12:37:00,44.54
12:37:27,44.53
12:37:56,44.54
12:37:59,44.55
12:37:59,44.56
12:38:06,44.55
12:38:11,44.57
12:38:16,44.55
12:38:17,44.56
12:38:24,44.58
12:38:26,44.56
12:38:34,44.58
12:38:34,44.6
12:38:50,44.62
12:38:53,44.63
12:38:58,44.64
12:38:58,44.65
12:39:05,44.66
12:39:12,44.68
12:39:15,44.67
12:39:21,44.65
12:39:29,44.64
12:39:33,44.66
12:39:42,44.67
12:39:43,44.66
12:39:44,44.68
12:39:44,44.66
12:39:44,44.68
12:39:46,44.67
12:39:46,44.68
12:39:47,44.69
12:39:51,44.7
12:39:57,44.67
12:39:57,44.68
12:40:22,44.69
12:40:26,44.7
12:40:33,44.69
12:40:35,44.7
12:40:37,44.71
12:40:39,44.69
12:40:42,44.7
12:40:43,44.69
12:40:44,44.68
12:40:45,44.67
12:40:46,44.66
12:40:48,44.65
12:40:49,44.64
12:41:12,44.65
12:41:20,44.66
12:41:37,44.65
12:42:15,44.63
12:42:18,44.62
12:42:36,44.6
12:42:39,44.62
12:42:40,44.6
12:42:42,44.63
12:42:54,44.61
12:43:14,44.62
12:43:15,44.61
12:43:26,44.62
12:43:37,44.58
12:43:39,44.56
12:43:41,44.57
12:43:42,44.6
12:43:50,44.58
12:44:11,44.59
12:44:11,44.58
12:44:15,44.59
12:44:15,44.6
12:44:47,44.61
12:45:02,44.6
12:45:19,44.59
12:45:23,44.6
12:45:28,44.59
12:45:33,44.6
12:46:00,44.59
12:46:03,44.61
12:46:08,44.63
12:46:10,44.64
12:46:18,44.66
12:46:21,44.67
12:46:25,44.68
12:46:25,44.67
12:46:27,44.66
12:46:27,44.69
12:46:29,44.7
12:46:33,44.69
12:46:34,44.68
12:46:37,44.69
12:46:53,44.68
12:46:56,44.69
12:47:01,44.67
12:47:04,44.68
12:47:05,44.67
12:47:19,44.68
12:47:26,44.67
12:47:33,44.65
12:47:39,44.67
12:47:41,44.68
12:47:42,44.67
12:48:17,44.68
12:48:23,44.67
12:48:29,44.66
12:48:32,44.65
12:48:44,44.66
12:48:45,44.65
12:48:57,44.64
12:49:03,44.66
12:49:12,44.67
12:49:14,44.66
12:49:14,44.67
12:49:15,44.66
12:49:16,44.67
12:49:17,44.65
12:49:17,44.64
12:49:22,44.63
12:49:32,44.64
12:49:48,44.65
12:49:50,44.67
12:50:02,44.64
12:50:12,44.65
12:50:28,44.64
12:50:38,44.63
12:50:39,44.65
12:50:45,44.64
12:50:57,44.65
12:51:03,44.64
12:51:07,44.65
12:51:10,44.64
12:51:17,44.63
12:51:20,44.62
12:51:21,44.61
12:51:24,44.62
12:51:35,44.63
12:52:27,44.61
12:52:31,44.62
12:52:31,44.61
12:52:31,44.62
12:52:32,44.61
12:52:32,44.6
12:52:56,44.59
12:52:57,44.6
12:53:28,44.61
12:53:28,44.62
12:53:30,44.59
12:53:33,44.61
12:53:35,44.6
12:53:35,44.61
12:53:39,44.59
12:53:43,44.58
12:53:49,44.59
12:53:50,44.6
12:53:50,44.62
12:53:51,44.63
12:54:10,44.62
12:54:21,44.63
12:54:41,44.62
12:54:41,44.64
12:54:54,44.66
12:54:56,44.67
12:54:57,44.68
12:54:58,44.7
12:55:22,44.69
12:55:29,44.71
12:55:45,44.67
12:55:52,44.69
12:55:52,44.68
12:56:03,44.67
12:56:10,44.66
12:56:14,44.68
12:56:15,44.66
12:56:15,44.68
12:56:49,44.69
12:56:53,44.7
12:56:54,44.69
12:57:14,44.67
12:57:15,44.68
12:57:20,44.69
12:57:31,44.68
12:57:31,44.69
12:57:33,44.7
12:57:33,44.69
12:58:12,44.68
12:58:22,44.67
12:58:42,44.68
12:58:55,44.66
12:58:58,44.67
12:58:58,44.66
12:58:59,44.67
12:59:08,44.66
12:59:09,44.67
12:59:33,44.66
12:59:34,44.67
12:59:36,44.69
12:59:37,44.68
12:59:40,44.67
12:59:51,44.68
12:59:51,44.67
12:59:55,44.68
12:59:58,44.7
12:59:59,44.71
13:00:00,44.72
13:00:11,44.7
13:00:16,44.71
13:00:30,44.7
13:00:50,44.69
13:00:51,44.68
13:00:57,44.67
13:00:58,44.68
13:00:58,44.7
13:01:05,44.67
13:01:09,44.66
13:01:12,44.65
13:01:15,44.63
13:01:17,44.65
13:01:23,44.64
13:01:42,44.63
13:01:47,44.65
13:01:54,44.63
13:02:10,44.64
13:02:15,44.65
13:02:26,44.63
13:02:32,44.64
13:02:34,44.63
13:02:38,44.62
13:02:43,44.65
13:02:55,44.62
13:03:02,44.61
13:03:03,44.62
13:03:09,44.61
13:03:09,44.62
13:03:10,44.61
13:03:10,44.62
13:03:10,44.61
13:03:31,44.6
13:03:31,44.62
13:03:33,44.63
13:03:34,44.62
13:03:36,44.64
13:03:36,44.63
13:03:37,44.62
13:03:38,44.64
13:03:38,44.62
13:03:38,44.61
13:03:39,44.64
13:03:55,44.63
13:03:55,44.62
13:04:02,44.63
13:04:04,44.64
13:04:05,44.63
13:04:07,44.65
13:04:07,44.62
13:04:16,44.61
13:04:20,44.62
13:04:20,44.64
13:04:21,44.62
13:04:24,44.64
13:04:24,44.63
13:04:44,44.65
13:05:24,44.64
13:05:24,44.63
13:05:41,44.65
13:05:59,44.66
13:06:00,44.65
13:06:00,44.67
13:06:01,44.65
13:06:01,44.66
13:06:03,44.67
13:06:06,44.66
13:06:07,44.68
13:06:15,44.7
13:06:30,44.69
13:07:11,44.66
13:07:13,44.65
13:07:14,44.66
13:07:17,44.67
13:07:21,44.66
13:07:42,44.65
13:07:45,44.66
13:07:46,44.65
13:07:46,44.66
13:08:03,44.65
13:08:27,44.66
13:08:27,44.67
13:08:27,44.68
13:08:30,44.69
13:08:30,44.67
13:08:35,44.68
13:08:41,44.69
13:08:50,44.68
13:09:00,44.69
13:09:08,44.68
13:09:09,44.66
13:09:12,44.67
13:09:12,44.68
13:09:28,44.66
13:09:55,44.68
13:09:57,44.67
13:09:57,44.69
13:09:59,44.7
13:10:00,44.71
13:10:16,44.7
13:10:16,44.69
13:10:18,44.7
13:10:23,44.71
13:10:32,44.7
13:10:32,44.72
13:10:33,44.71
13:10:33,44.72
13:10:34,44.71
13:10:36,44.73
13:10:44,44.72
13:11:04,44.71
13:11:09,44.73
13:11:16,44.72
13:11:16,44.73
13:11:25,44.72
13:11:34,44.73
13:11:34,44.74
13:11:35,44.75
13:11:48,44.74
13:11:58,44.75
13:11:58,44.73
13:12:00,44.74
13:12:09,44.73
13:12:41,44.72
13:12:54,44.71
13:12:59,44.72
13:12:59,44.71
13:13:07,44.7
13:13:16,44.71
13:13:26,44.7
13:13:28,44.71
13:13:42,44.72
13:13:44,44.73
13:13:45,44.74
13:13:51,44.73
13:13:53,44.72
13:13:58,44.71
13:14:21,44.72
13:14:40,44.71
13:15:10,44.7
13:15:24,44.71
13:15:45,44.73
13:15:59,44.72
13:16:03,44.73
13:16:36,44.72
13:16:36,44.71
13:16:46,44.7
13:16:57,44.71
13:17:17,44.7
13:17:17,44.71
13:17:49,44.72
13:18:04,44.7
13:18:07,44.72
13:18:45,44.7
13:18:48,44.71
13:19:02,44.72
13:19:18,44.7
13:19:25,44.71
13:20:16,44.72
13:20:29,44.7
13:20:30,44.69
13:20:30,44.7
13:20:48,44.71
13:21:09,44.72
13:21:26,44.73
13:21:38,44.74
13:21:44,44.75
13:21:54,44.74
13:21:58,44.76
13:22:04,44.75
13:22:05,44.76
13:22:16,44.77
13:22:35,44.78
13:22:49,44.77
13:23:43,44.78
13:23:52,44.76
13:24:02,44.78
13:24:04,44.77
13:24:17,44.76
13:24:29,44.77
13:24:32,44.75
13:24:47,44.78
13:24:52,44.77
13:25:04,44.78
13:25:04,44.77
13:25:14,44.78
13:25:19,44.77
13:25:29,44.76
13:25:34,44.75
13:25:45,44.76
13:26:10,44.75
13:26:15,44.74
13:26:20,44.75
13:26:21,44.74
13:26:23,44.73
13:26:25,44.74
13:26:38,44.73
13:26:49,44.72
13:26:51,44.7
13:26:51,44.71
13:26:52,44.69
13:26:53,44.7
13:26:56,44.71
13:27:02,44.72
13:27:07,44.71
13:27:10,44.7
13:27:23,44.71
13:27:26,44.72
13:27:27,44.71
13:27:34,44.7
13:27:37,44.74
13:27:37,44.72
13:27:38,44.7
13:27:38,44.72
13:27:39,44.7
13:27:41,44.72
13:27:52,44.73
13:28:02,44.71
13:28:04,44.72
13:28:08,44.74
13:28:11,44.75
13:28:20,44.74
13:28:21,44.76
13:28:36,44.74
13:28:40,44.73
13:28:48,44.71
13:29:00,44.73
13:29:04,44.72
13:29:24,44.73
13:29:27,44.74
13:29:28,44.72
13:29:29,44.73
13:29:30,44.72
13:29:33,44.73
13:29:37,44.74
13:29:39,44.73
13:29:39,44.7
13:29:39,44.72
13:29:40,44.7
13:29:41,44.71
13:29:43,44.7
13:29:43,44.71
13:29:45,44.7
13:29:49,44.72
13:29:49,44.74
13:30:08,44.72
13:30:13,44.73
13:30:24,44.72
13:30:34,44.73
13:30:34,44.72
13:30:35,44.73
13:30:36,44.72
13:30:42,44.73
13:30:48,44.72
13:30:50,44.71
13:31:01,44.72
13:31:02,44.71
13:31:05,44.7
13:31:20,44.71
13:31:22,44.7
13:31:25,44.69
13:31:26,44.7
13:31:30,44.69
13:31:30,44.7
13:31:36,44.69
13:31:39,44.71
13:31:41,44.7
13:31:46,44.71
13:31:48,44.7
13:31:54,44.71
13:31:58,44.72
13:32:00,44.71
13:32:16,44.72
13:32:17,44.73
13:32:18,44.72
13:32:24,44.73
13:32:29,44.72
13:32:40,44.71
13:32:44,44.73
13:33:17,44.71
13:33:39,44.72
13:33:45,44.73
13:33:48,44.74
13:34:14,44.73
13:34:26,44.74
13:34:30,44.75
13:35:10,44.76
13:35:16,44.77
13:35:16,44.78
13:35:18,44.77
13:35:26,44.76
13:35:26,44.77
13:35:28,44.76
13:35:40,44.75
13:35:41,44.76
13:35:47,44.75
13:35:49,44.76
13:35:50,44.77
13:36:27,44.76
13:36:29,44.75
13:36:30,44.76
13:36:33,44.75
13:36:46,44.76
13:36:51,44.78
13:36:52,44.79
13:36:53,44.77
13:36:57,44.79
13:36:59,44.77
13:37:10,44.76
13:37:12,44.77
13:37:16,44.76
13:37:32,44.77
13:37:38,44.78
13:37:40,44.77
13:37:43,44.78
13:37:46,44.77
13:37:56,44.78
13:37:56,44.76
13:37:57,44.77
13:38:16,44.76
13:38:31,44.77
13:38:36,44.78
13:38:55,44.79
13:38:56,44.78
13:39:11,44.79
13:39:13,44.78
13:39:25,44.77
13:39:29,44.78
13:40:26,44.79
13:40:26,44.78
13:40:28,44.77
13:40:28,44.78
13:40:28,44.77
13:40:56,44.78
13:40:58,44.77
13:41:02,44.78
13:41:03,44.77
13:41:19,44.78
13:41:21,44.8
13:41:22,44.81
13:41:23,44.82
13:41:26,44.81
13:41:27,44.82
13:41:28,44.81
13:41:58,44.8
13:42:14,44.81
13:42:14,44.8
13:42:23,44.81
13:42:51,44.8
13:42:52,44.79
13:42:53,44.8
13:42:53,44.79
13:42:57,44.8
13:42:58,44.79
13:43:05,44.78
13:43:06,44.79
13:43:07,44.78
13:43:12,44.79
13:43:18,44.78
13:43:29,44.79
13:43:29,44.78
13:43:34,44.77
13:43:35,44.78
13:43:54,44.79
13:43:58,44.8
13:43:59,44.79
13:44:11,44.8
13:44:12,44.79
13:44:45,44.8
13:44:59,44.81
13:45:00,44.8
13:45:14,44.81
13:45:19,44.8
13:45:24,44.81
13:45:24,44.8
13:45:25,44.81
13:45:37,44.8
13:45:40,44.81
13:46:28,44.82
13:46:30,44.83
13:46:36,44.84
13:46:40,44.85
13:47:50,44.86
13:47:57,44.87
13:48:22,44.88
13:48:30,44.89
13:48:42,44.9
13:48:45,44.88
13:49:07,44.87
13:49:10,44.88
13:49:15,44.87
13:49:18,44.88
13:49:22,44.87
13:49:35,44.86
13:49:39,44.87
13:49:41,44.86
13:49:44,44.87
13:50:32,44.86
13:50:37,44.87
13:51:12,44.85
13:51:13,44.86
13:51:17,44.87
13:51:49,44.88
13:51:53,44.87
13:51:57,44.88
13:52:04,44.89
13:52:09,44.88
13:52:12,44.89
13:52:25,44.9
13:52:26,44.91
13:52:43,44.9
13:52:54,44.89
13:52:57,44.9
13:53:04,44.89
13:53:06,44.9
13:53:20,44.89
13:53:29,44.9
13:53:44,44.89
13:53:49,44.9
13:54:03,44.91
13:54:05,44.92
13:54:19,44.93
13:54:28,44.92
13:54:39,44.91
13:54:39,44.93
13:54:42,44.91
13:54:43,44.92
13:54:47,44.91
13:54:48,44.92
13:54:48,44.91
13:55:02,44.92
13:55:54,44.93
13:55:57,44.92
13:56:20,44.93
13:56:20,44.92
13:56:26,44.94
13:56:59,44.95
13:57:03,44.94
13:57:04,44.95
13:57:23,44.96
13:57:23,44.97
13:57:40,44.96
13:57:46,44.97
13:58:32,44.98
13:58:38,44.97
13:58:48,44.96
13:58:53,44.97
13:58:55,44.96
13:59:40,44.95
13:59:53,44.97
13:59:53,44.96
13:59:58,44.94
14:00:06,44.96
14:00:23,44.95
14:00:32,44.96
14:00:37,44.95
14:00:42,44.94
14:00:47,44.95
14:00:48,44.94
14:00:50,44.95
14:00:53,44.94
14:00:59,44.93
14:01:08,44.94
14:01:27,44.95
14:01:32,44.96
14:01:46,44.95
14:01:49,44.97
14:01:56,44.96
14:01:57,44.95
14:02:11,44.97
14:02:11,44.96
14:02:12,44.95
14:02:24,44.96
14:02:30,44.95
14:02:40,44.94
14:02:41,44.95
14:02:48,44.96
14:02:51,44.97
14:02:51,44.96
14:02:52,44.95
14:03:00,44.96
14:03:07,44.97
14:03:26,44.95
14:03:42,44.94
14:03:44,44.95
14:03:57,44.94
14:04:09,44.95
14:04:24,44.94
14:04:29,44.95
14:04:42,44.96
14:04:44,44.95
14:04:44,44.94
14:04:47,44.95
14:05:09,44.94
14:05:11,44.95
14:05:28,44.94
14:06:15,44.95
14:06:17,44.94
14:06:21,44.95
14:06:27,44.96
14:06:30,44.95
14:06:49,44.96
14:06:53,44.95
14:07:04,44.94
14:07:06,44.95
14:07:11,44.94
14:07:22,44.93
14:07:25,44.94
14:07:27,44.95
14:07:27,44.96
14:07:29,44.95
14:07:30,44.96
14:07:47,44.95
14:07:58,44.94
14:07:59,44.95
14:08:01,44.94
14:08:03,44.95
14:08:29,44.94
14:09:00,44.93
14:09:08,44.94
14:09:18,44.93
14:09:21,44.92
14:09:25,44.91
14:09:27,44.9
14:09:30,44.91
14:09:41,44.9
14:09:55,44.89
14:10:02,44.9
14:10:03,44.89
14:10:04,44.9
14:10:08,44.89
14:10:19,44.9
14:10:21,44.89
14:10:25,44.88
14:10:33,44.89
14:10:37,44.88
14:10:39,44.87
14:11:06,44.86
14:11:07,44.87
14:11:30,44.86
14:11:33,44.85
14:11:42,44.86
14:11:43,44.85
14:11:46,44.86
14:11:54,44.85
14:11:56,44.84
14:11:58,44.83
14:12:09,44.84
14:12:17,44.86
14:13:03,44.85
14:13:06,44.84
14:13:07,44.85
14:13:09,44.84
14:13:10,44.83
14:14:15,44.85
14:14:15,44.84
14:14:29,44.85
14:14:33,44.84
14:14:35,44.83
14:15:02,44.84
14:15:08,44.85
14:15:15,44.86
14:15:28,44.87
14:15:31,44.85
14:15:53,44.84
14:15:59,44.85
14:16:13,44.86
14:16:14,44.85
14:16:33,44.84
14:16:43,44.85
14:17:01,44.86
14:17:04,44.85
14:17:14,44.86
14:17:17,44.85
14:17:21,44.86
14:17:56,44.87
14:18:08,44.88
14:18:11,44.87
14:18:27,44.88
14:18:28,44.89
14:18:31,44.88
14:18:36,44.9
14:18:36,44.89
14:18:46,44.9
14:18:56,44.89
14:19:01,44.88
14:19:09,44.89
14:19:11,44.9
14:19:16,44.88
14:19:26,44.87
14:19:27,44.88
14:19:43,44.87
14:19:48,44.88
14:19:49,44.89
14:20:08,44.88
14:20:29,44.89
14:20:48,44.9
14:20:56,44.91
14:21:03,44.92
14:21:21,44.93
14:21:30,44.94
14:21:36,44.95
14:21:40,44.94
14:21:44,44.96
14:21:48,44.94
14:22:05,44.95
14:22:10,44.94
14:22:14,44.93
14:22:24,44.94
14:22:31,44.93
14:22:31,44.94
14:22:33,44.92
14:22:38,44.93
14:22:42,44.94
14:22:50,44.95
14:22:53,44.94
14:23:17,44.93
14:23:39,44.92
14:23:52,44.91
14:23:55,44.92
14:24:07,44.91
14:24:12,44.9
14:24:35,44.89
14:24:43,44.9
14:24:43,44.89
14:24:45,44.9
14:25:03,44.93
14:25:07,44.92
14:25:14,44.91
14:25:16,44.92
14:25:24,44.91
14:25:32,44.92
14:25:34,44.93
14:25:37,44.94
14:25:59,44.93
14:26:02,44.94
14:26:10,44.93
14:26:24,44.94
14:26:38,44.95
14:26:43,44.94
14:26:48,44.93
14:27:04,44.96
14:27:31,44.97
14:27:41,44.96
14:27:53,44.97
14:27:57,44.96
14:27:57,44.97
14:27:59,44.96
14:28:06,44.97
14:28:06,44.98
14:28:09,44.97
14:28:09,44.99
14:28:10,44.98
14:28:14,44.99
14:28:14,44.98
14:28:16,44.97
14:28:19,44.96
14:28:21,44.97
14:28:21,44.98
14:28:22,44.96
14:28:24,44.97
14:28:24,44.96
14:28:24,44.97
14:28:29,44.99
14:28:37,44.98
14:28:58,44.99
14:29:01,44.97
14:29:05,44.98
14:29:13,44.97
14:29:18,44.98
14:29:21,44.97
14:29:45,44.96
14:29:48,44.97
14:30:09,44.96
14:30:14,44.95
14:30:17,44.96
14:30:27,44.95
14:30:32,44.97
14:30:36,44.98
14:30:58,44.97
14:31:03,44.98
14:31:08,44.97
14:31:09,44.99
14:31:46,45
14:31:48,45.02
14:31:48,45.03
14:31:51,45.01
14:31:53,45.02
14:31:59,45.03
14:32:02,45.04
14:32:02,45.05
14:32:04,45.06
14:32:06,45.07
14:32:10,45.05
14:32:22,45.04
14:32:29,45.05
14:32:32,45.06
14:32:44,45.07
14:32:45,45.06
14:32:58,45.08
14:33:23,45.07
14:33:47,45.08
14:33:57,45.07
14:34:07,45.06
14:34:13,45.05
14:34:35,45.04
14:34:40,45.05
14:34:43,45.04
14:34:44,45.02
14:34:45,45.04
14:35:00,45.03
14:35:38,45.02
14:36:13,45.01
14:36:17,45.02
14:36:20,45.01
14:36:53,45.02
14:36:57,45.01
14:37:12,45
14:37:16,45.01
14:37:21,45
14:37:25,45.01
14:38:19,45
14:38:22,45.02
14:38:26,45
14:38:41,45.02
14:38:46,45.01
14:38:50,44.99
14:39:01,44.98
14:39:11,45
14:39:12,44.99
14:39:13,44.98
14:39:17,45
14:39:32,44.99
14:39:43,44.98
14:39:43,44.99
14:39:44,44.98
14:39:56,45
14:40:06,45.01
14:40:10,45.02
14:40:19,45.03
14:40:24,45.04
14:40:29,45.05
14:40:40,45.04
14:40:41,45.05
14:40:46,45.03
14:41:55,45.02
14:42:00,45.01
14:42:09,45
14:42:11,45.01
14:42:15,45
14:42:21,45.01
14:42:23,45
14:42:49,44.99
14:43:22,45
14:43:29,44.99
14:43:43,45
14:43:48,45.02
14:43:59,45.03
14:44:03,45.04
14:44:17,45.03
14:44:21,45.02
14:44:32,45.03
14:44:36,45.02
14:44:36,45.01
14:44:38,45.02
14:45:09,45.01
14:45:27,45
14:45:44,45.01
14:46:14,45
14:46:17,44.99
14:46:18,45.01
14:46:31,45.02
14:46:38,45.01
14:46:43,45
14:46:44,45.01
14:46:47,45
14:47:04,45.01
14:47:14,45
14:47:35,44.98
14:47:39,44.99
14:47:40,44.98
14:48:13,44.97
14:48:19,44.95
14:48:20,44.96
14:48:20,44.97
14:48:33,44.96
14:48:36,44.97
14:48:39,44.96
14:49:03,44.97
14:49:08,44.96
14:49:13,44.95
14:49:22,44.96
14:49:23,44.95
14:49:54,44.96
14:49:57,44.97
14:49:58,44.96
14:50:24,44.97
14:50:27,44.96
14:50:36,44.97
14:51:05,44.96
14:51:08,44.97
14:51:12,44.96
14:51:14,44.97
14:51:28,44.98
14:51:30,44.99
14:51:31,45
14:51:32,45.01
14:51:32,45
14:51:33,45.01
14:51:35,45.02
14:51:43,45.01
14:51:44,45.02
14:51:51,45.03
14:51:53,45.04
14:52:13,45.05
14:52:24,45.06
14:52:31,45.05
14:52:32,45.06
14:52:55,45.07
14:52:58,45.08
14:53:05,45.1
14:53:20,45.11
14:53:25,45.1
14:53:30,45.11
14:53:36,45.1
14:53:37,45.11
14:53:54,45.09
14:54:17,45.08
14:54:31,45.1
14:54:36,45.11
14:54:48,45.12
14:54:52,45.11
14:54:59,45.12
14:55:07,45.11
14:55:07,45.12
14:55:10,45.11
14:55:12,45.12
14:55:25,45.13
14:55:56,45.12
14:55:59,45.13
14:56:21,45.12
14:56:33,45.13
14:56:38,45.14
14:56:55,45.15
14:57:04,45.16
14:57:04,45.17
14:57:07,45.18
14:57:14,45.19
14:57:46,45.18
14:58:02,45.19
14:58:02,45.18
14:58:05,45.19
14:58:07,45.2
14:58:11,45.21
14:58:17,45.2
14:58:20,45.21
14:58:24,45.22
14:58:40,45.24
14:58:44,45.25
14:58:45,45.26
14:58:50,45.3
14:58:52,45.28
14:58:57,45.29
14:59:04,45.28
14:59:17,45.27
14:59:21,45.26
14:59:42,45.25
14:59:44,45.24
14:59:57,45.25
15:00:10,45.23
15:00:22,45.24
15:00:23,45.23
15:00:28,45.24
15:00:43,45.23
15:00:46,45.24
15:00:51,45.23
15:01:36,45.22
15:01:46,45.24
15:02:02,45.23
15:02:03,45.24
15:02:07,45.23
15:02:18,45.22
15:02:21,45.23
15:02:26,45.22
15:02:35,45.21
15:02:39,45.22
15:02:57,45.21
15:03:01,45.22
15:03:18,45.21
15:03:26,45.2
15:03:36,45.21
15:03:52,45.19
15:03:52,45.2
15:04:05,45.18
15:04:40,45.17
15:04:53,45.16
15:05:09,45.15
15:05:23,45.16
15:05:49,45.17
15:05:51,45.18
15:05:55,45.17
15:05:56,45.18
15:06:23,45.19
15:06:24,45.18
15:06:46,45.17
15:06:52,45.18
15:07:21,45.17
15:07:41,45.16
15:07:41,45.17
15:07:46,45.16
15:07:49,45.15
15:08:04,45.14
15:08:11,45.15
15:08:11,45.14
15:08:14,45.15
15:08:15,45.14
15:08:16,45.15
15:08:54,45.14
15:09:03,45.12
15:09:28,45.11
15:09:47,45.1
15:09:53,45.09
15:10:03,45.1
15:10:10,45.08
15:10:18,45.09
15:10:19,45.1
15:10:22,45.11
15:10:26,45.09
15:10:32,45.1
15:10:52,45.09
15:10:52,45.1
15:10:55,45.09
15:11:15,45.1
15:11:16,45.11
15:11:20,45.12
15:11:33,45.11
15:11:49,45.12
15:11:52,45.13
15:11:54,45.14
15:11:55,45.15
15:11:57,45.14
15:12:07,45.15
15:12:08,45.14
15:12:16,45.13
15:12:26,45.14
15:12:28,45.13
15:12:54,45.14
15:13:00,45.13
15:13:34,45.15
15:13:36,45.16
15:13:39,45.15
15:13:45,45.17
15:13:50,45.16
15:13:57,45.17
15:13:58,45.16
15:14:16,45.17
15:14:26,45.16
15:14:27,45.17
15:14:35,45.18
15:14:40,45.19
15:14:54,45.2
15:15:18,45.21
15:15:48,45.2
15:15:58,45.21
15:16:06,45.2
15:16:10,45.21
15:16:21,45.22
15:16:24,45.21
15:16:29,45.22
15:16:30,45.21
15:16:30,45.2
15:16:31,45.21
15:17:16,45.2
15:17:34,45.21
15:17:35,45.2
15:17:47,45.21
15:17:49,45.22
15:18:13,45.24
15:18:20,45.25
15:18:20,45.24
15:18:21,45.25
15:18:23,45.26
15:18:24,45.25
15:18:27,45.26
15:18:35,45.25
15:18:36,45.26
15:18:37,45.27
15:18:41,45.28
15:18:42,45.27
15:18:46,45.28
15:19:07,45.29
15:19:10,45.3
15:19:13,45.29
15:19:22,45.28
15:19:28,45.29
15:19:31,45.28
15:19:48,45.3
15:19:49,45.29
15:19:51,45.31
15:19:51,45.29
15:19:53,45.3
15:20:03,45.29
15:20:07,45.3
15:20:18,45.28
15:20:18,45.3
15:20:19,45.28
15:20:20,45.27
15:20:22,45.28
15:20:48,45.29
15:21:08,45.3
15:21:15,45.29
15:21:21,45.3
15:21:37,45.29
15:21:42,45.28
15:21:42,45.29
15:21:45,45.28
15:22:26,45.27
15:22:27,45.26
15:22:53,45.25
15:22:54,45.26
15:23:00,45.25
15:23:08,45.26
15:23:19,45.25
15:23:24,45.24
15:23:35,45.23
15:23:36,45.22
15:23:44,45.21
15:23:46,45.2
15:23:47,45.21
15:23:58,45.22
15:24:04,45.21
15:24:21,45.22
15:24:25,45.21
15:24:27,45.22
15:24:30,45.23
15:24:31,45.24
15:24:31,45.23
15:24:35,45.24
15:24:39,45.23
15:24:40,45.22
15:24:43,45.24
15:24:54,45.23
15:24:56,45.22
15:24:58,45.24
15:25:16,45.23
15:25:18,45.24
15:25:19,45.22
15:25:42,45.23
15:25:45,45.22
15:25:46,45.23
15:25:47,45.24
15:25:59,45.23
15:25:59,45.22
15:26:02,45.23
15:26:05,45.22
15:26:07,45.23
15:26:09,45.22
15:26:11,45.23
15:26:12,45.24
15:26:18,45.22
15:26:21,45.23
15:26:24,45.22
15:26:26,45.23
15:26:29,45.22
15:26:31,45.23
15:26:38,45.22
15:26:38,45.21
15:26:39,45.2
15:26:39,45.21
15:26:40,45.22
15:26:46,45.21
15:27:02,45.22
15:27:06,45.23
15:27:08,45.22
15:27:09,45.23
15:27:11,45.24
15:27:31,45.25
15:27:33,45.24
15:27:34,45.25
15:27:41,45.24
15:27:41,45.25
15:27:50,45.24
15:27:51,45.25
15:27:52,45.24
15:27:59,45.22
15:28:03,45.21
15:28:04,45.22
15:28:11,45.21
15:28:13,45.22
15:28:25,45.23
15:28:28,45.24
15:28:29,45.25
15:28:30,45.24
15:28:40,45.23
15:28:44,45.22
15:28:45,45.23
15:28:57,45.22
15:29:11,45.21
15:29:12,45.22
15:29:17,45.23
15:29:17,45.22
15:29:19,45.23
15:29:21,45.22
15:29:21,45.23
15:29:22,45.22
15:29:23,45.23
15:29:33,45.22
15:29:34,45.23
15:29:46,45.22
15:29:49,45.23
15:29:53,45.22
15:29:54,45.23
15:29:56,45.22
15:29:56,45.23
15:30:13,45.22
15:30:14,45.23
15:30:14,45.22
15:30:36,45.24
15:30:38,45.25
15:30:40,45.26
15:30:40,45.25
15:30:41,45.26
15:30:42,45.27
15:30:44,45.28
15:30:45,45.27
15:30:46,45.29
15:30:53,45.28
15:30:53,45.29
15:31:12,45.28
15:31:14,45.27
15:31:16,45.26
15:31:18,45.25
15:31:28,45.26
15:31:28,45.25
15:31:30,45.26
15:31:30,45.25
15:31:33,45.26
15:31:34,45.25
15:31:35,45.26
15:31:36,45.25
15:31:44,45.26
15:31:49,45.27
15:31:50,45.26
15:31:50,45.25
15:31:51,45.26
15:31:54,45.25
15:31:56,45.26
15:32:03,45.25
15:32:11,45.27
15:32:13,45.26
15:32:13,45.27
15:32:14,45.25
15:32:17,45.26
15:32:21,45.25
15:32:22,45.26
15:32:25,45.25
15:32:29,45.26
15:32:30,45.25
15:32:33,45.26
15:32:35,45.25
15:32:36,45.26
15:32:36,45.25
15:32:53,45.24
15:33:10,45.23
15:33:13,45.24
15:33:13,45.23
15:33:16,45.24
15:33:16,45.23
15:33:16,45.24
15:33:16,45.23
15:33:20,45.22
15:33:42,45.23
15:33:43,45.22
15:33:54,45.21
15:33:54,45.22
15:33:57,45.2
15:34:00,45.21
15:34:02,45.2
15:34:02,45.19
15:34:03,45.2
15:34:03,45.21
15:34:07,45.2
15:34:12,45.21
15:34:13,45.2
15:34:14,45.19
15:34:23,45.18
15:34:23,45.19
15:34:24,45.17
15:34:31,45.16
15:34:34,45.17
15:34:40,45.18
15:34:40,45.19
15:34:41,45.2
15:34:41,45.21
15:34:52,45.22
15:35:05,45.21
15:35:12,45.2
15:35:13,45.21
15:35:41,45.22
15:35:49,45.2
15:35:57,45.21
15:36:05,45.2
15:36:07,45.19
15:36:10,45.2
15:36:13,45.19
15:36:16,45.2
15:36:18,45.21
15:36:21,45.2
15:36:24,45.19
15:36:44,45.17
15:37:01,45.18
15:37:01,45.19
15:37:08,45.2
15:37:10,45.21
15:37:12,45.22
15:37:14,45.21
15:37:28,45.22
15:37:39,45.23
15:37:40,45.24
15:37:40,45.25
15:37:45,45.24
15:37:46,45.25
15:37:50,45.26
15:37:52,45.25
15:37:53,45.26
15:37:55,45.27
15:37:55,45.26
15:37:57,45.27
15:37:57,45.26
15:37:58,45.25
15:38:01,45.26
15:38:05,45.25
15:38:21,45.23
15:38:25,45.24
15:38:28,45.23
15:38:28,45.24
15:38:28,45.22
15:38:56,45.23
15:39:01,45.22
15:39:22,45.21
15:39:23,45.22
15:39:23,45.21
15:39:26,45.22
15:39:29,45.23
15:39:31,45.24
15:39:41,45.23
15:39:44,45.24
15:39:52,45.23
15:39:56,45.24
15:39:58,45.23
15:39:58,45.24
15:40:01,45.22
15:40:19,45.23
15:40:24,45.24
15:40:40,45.23
15:40:40,45.24
15:40:54,45.23
15:40:55,45.24
15:40:55,45.22
15:41:01,45.21
15:41:04,45.2
15:41:04,45.21
15:41:05,45.22
15:41:07,45.21
15:41:08,45.2
15:41:09,45.21
15:41:10,45.2
15:41:10,45.19
15:41:18,45.18
15:41:20,45.19
15:41:28,45.18
15:41:35,45.19
15:41:36,45.18
15:41:36,45.19
15:41:42,45.18
15:41:43,45.19
15:41:45,45.18
15:41:51,45.19
15:41:55,45.18
15:41:58,45.19
15:42:04,45.18
15:42:04,45.19
15:42:13,45.2
15:42:16,45.21
15:42:21,45.22
15:42:40,45.23
15:42:43,45.22
15:42:50,45.23
15:42:52,45.22
15:42:57,45.21
15:43:08,45.2
15:43:08,45.21
15:43:13,45.19
15:43:19,45.18
15:43:31,45.19
15:43:41,45.2
15:43:45,45.21
15:43:49,45.2
15:43:54,45.21
15:44:07,45.22
15:44:28,45.24
15:44:48,45.25
15:44:48,45.26
15:44:48,45.25
15:44:56,45.26
15:44:58,45.25
15:45:00,45.24
15:45:01,45.23
15:45:01,45.24
15:45:17,45.26
15:45:22,45.27
15:45:23,45.28
15:45:24,45.27
15:45:26,45.28
15:45:27,45.27
15:45:29,45.28
15:45:31,45.27
15:45:40,45.25
15:45:42,45.26
15:45:49,45.25
15:45:57,45.26
15:45:58,45.25
15:46:08,45.26
15:46:10,45.25
15:46:12,45.26
15:46:18,45.25
15:46:24,45.26
15:46:28,45.25
15:46:29,45.26
15:46:30,45.27
15:46:31,45.26
15:46:42,45.25
15:46:43,45.26
15:46:47,45.25
15:46:51,45.26
15:46:58,45.25
15:47:01,45.26
15:47:02,45.25
15:47:02,45.26
15:47:03,45.25
15:47:04,45.26
15:47:15,45.25
15:47:15,45.26
15:47:25,45.25
15:47:27,45.26
15:47:40,45.25
15:47:43,45.26
15:47:46,45.25
15:47:48,45.24
15:47:58,45.25
15:47:59,45.24
15:48:04,45.25
15:48:06,45.24
15:48:07,45.25
15:48:08,45.24
15:48:12,45.26
15:48:35,45.25
15:48:42,45.24
15:48:45,45.25
15:48:48,45.24
15:49:04,45.25
15:49:05,45.24
15:49:11,45.25
15:49:13,45.24
15:49:17,45.25
15:49:17,45.24
15:49:20,45.25
15:49:21,45.24
15:49:24,45.25
15:49:24,45.24
15:49:26,45.25
15:49:27,45.24
15:49:30,45.25
15:49:31,45.24
15:49:40,45.25
15:49:41,45.24
15:49:42,45.25
15:49:42,45.24
15:49:47,45.25
15:49:48,45.24
15:49:52,45.25
15:49:53,45.24
15:50:05,45.23
15:50:05,45.24
15:50:07,45.22
15:50:08,45.23
15:50:09,45.22
15:50:16,45.23
15:50:17,45.22
15:50:17,45.23
15:50:18,45.22
15:50:19,45.23
15:50:22,45.22
15:50:23,45.23
15:50:24,45.24
15:50:35,45.25
15:50:35,45.24
15:50:46,45.25
15:50:47,45.24
15:50:50,45.25
15:50:51,45.24
15:51:06,45.25
15:51:07,45.24
15:51:09,45.25
15:51:09,45.24
15:51:11,45.25
15:51:19,45.24
15:51:25,45.25
15:51:30,45.24
15:51:44,45.23
15:51:46,45.24
15:52:00,45.23
15:52:03,45.24
15:52:07,45.23
15:52:08,45.24
15:52:10,45.23
15:52:11,45.24
15:52:11,45.23
15:52:13,45.24
15:52:20,45.23
15:52:22,45.24
15:52:29,45.25
15:52:34,45.24
15:52:37,45.25
15:52:38,45.24
15:52:41,45.25
15:52:44,45.24
15:52:48,45.25
15:52:49,45.24
15:52:50,45.25
15:52:50,45.24
15:52:54,45.25
15:52:56,45.24
15:52:57,45.25
15:52:57,45.24
15:53:01,45.25
15:53:02,45.24
15:53:03,45.25
15:53:06,45.24
15:53:10,45.25
15:53:11,45.24
15:53:11,45.25
15:53:13,45.24
15:53:16,45.25
15:53:16,45.24
15:53:20,45.25
15:53:21,45.24
15:53:32,45.23
15:53:34,45.24
15:53:35,45.23
15:53:40,45.24
15:53:40,45.22
15:53:42,45.23
15:53:44,45.22
15:53:53,45.24
15:53:53,45.25
15:53:54,45.24
15:53:56,45.22
15:54:07,45.23
15:54:08,45.22
15:54:11,45.23
15:54:13,45.24
15:54:20,45.23
15:54:29,45.24
15:54:34,45.23
15:54:36,45.24
15:54:40,45.23
15:54:41,45.24
15:54:43,45.23
15:54:46,45.24
15:54:49,45.23
15:54:50,45.24
15:54:51,45.23
15:54:52,45.22
15:54:53,45.21
15:54:53,45.2
15:54:55,45.21
15:55:00,45.2
15:55:01,45.21
15:55:02,45.22
15:55:06,45.23
15:55:14,45.22
15:55:17,45.23
15:55:25,45.24
15:55:27,45.23
15:55:35,45.22
15:55:35,45.23
15:55:41,45.22
15:55:42,45.23
15:55:52,45.21
15:55:52,45.22
15:55:53,45.21
15:55:55,45.22
15:55:57,45.21
15:56:02,45.22
15:56:02,45.21
15:56:03,45.22
15:56:05,45.21
15:56:10,45.22
15:56:12,45.21
15:56:13,45.22
15:56:15,45.21
15:56:17,45.22
15:56:17,45.21
15:56:20,45.22
15:56:24,45.21
15:56:26,45.22
15:56:27,45.21
15:56:30,45.22
15:56:31,45.21
15:56:33,45.22
15:56:36,45.21
15:56:37,45.22
15:56:37,45.21
15:56:39,45.22
15:56:41,45.21
15:56:42,45.22
15:56:57,45.21
15:56:58,45.22
15:57:17,45.21
15:57:17,45.22
15:57:18,45.21
15:57:18,45.22
15:57:20,45.21
15:57:22,45.22
15:57:22,45.21
15:57:22,45.22
15:57:23,45.21
15:57:23,45.22
15:57:26,45.21
15:57:27,45.2
15:57:28,45.19
15:57:29,45.2
15:57:30,45.19
15:57:30,45.21
15:57:37,45.2
15:57:37,45.21
15:57:39,45.2
15:57:41,45.21
15:57:41,45.22
15:57:46,45.21
15:57:47,45.22
15:57:48,45.21
15:57:49,45.22
15:57:49,45.21
15:57:50,45.22
15:57:50,45.21
15:57:52,45.22
15:57:52,45.21
15:57:52,45.2
15:57:53,45.19
15:57:55,45.2
15:57:58,45.21
15:57:59,45.2
15:57:59,45.21
15:58:00,45.2
15:58:05,45.21
15:58:08,45.2
15:58:08,45.21
15:58:14,45.2
15:58:15,45.21
15:58:16,45.2
15:58:17,45.21
15:58:21,45.2
15:58:21,45.21
15:58:22,45.2
15:58:22,45.21
15:58:24,45.2
15:58:24,45.21
15:58:26,45.19
15:58:28,45.18
15:58:29,45.17
15:58:31,45.16
15:58:31,45.17
15:58:32,45.16
15:58:32,45.17
15:58:33,45.16
15:58:34,45.17
15:58:35,45.16
15:58:36,45.17
15:58:40,45.18
15:58:41,45.17
15:58:41,45.18
15:58:42,45.17
15:58:42,45.18
15:58:43,45.17
15:58:43,45.18
15:58:45,45.17
15:58:46,45.18
15:58:46,45.17
15:58:46,45.18
15:58:47,45.17
15:58:47,45.18
15:58:49,45.17
15:58:50,45.18
15:58:54,45.17
15:58:54,45.18
15:58:55,45.17
15:58:56,45.18
15:58:57,45.17
15:58:58,45.18
15:58:59,45.17
15:59:01,45.18
15:59:01,45.17
15:59:02,45.18
15:59:02,45.17
15:59:04,45.18
15:59:05,45.17
15:59:05,45.18
15:59:08,45.17
15:59:09,45.18
15:59:09,45.17
15:59:11,45.18
15:59:12,45.17
15:59:15,45.18
15:59:18,45.17
15:59:19,45.18
15:59:20,45.17
15:59:20,45.18
15:59:21,45.17
15:59:21,45.18
15:59:22,45.17
15:59:22,45.16
15:59:22,45.17
15:59:23,45.16
15:59:24,45.15
15:59:24,45.16
15:59:27,45.15
15:59:28,45.16
15:59:29,45.17
15:59:31,45.16
15:59:31,45.13
15:59:32,45.12
15:59:33,45.13
15:59:35,45.14
15:59:36,45.13
15:59:37,45.14
15:59:37,45.13
15:59:42,45.12
15:59:46,45.1
15:59:49,45.09
15:59:49,45.1
15:59:50,45.11
15:59:52,45.19
15:59:52,45.2
15:59:52,45.17
15:59:53,45.19
15:59:53,45.18
15:59:54,45.17
15:59:55,45.16
15:59:57,45.18
15:59:57,45.17
15:59:58,45.18
16:00:01,45.16
16:00:01,45.18
16:00:02,45.17
16:00:03,45.18
16:00:04,45.17
16:00:04,45.18
16:00:04,45.17
16:00:06,45.16
16:00:06,45.17
16:00:07,45.18
16:00:07,45.17
16:00:08,45.18
16:00:09,45.17
16:00:09,45.18
16:00:10,45.17
16:00:10,45.18
16:00:12,45.17
16:00:12,45.18
16:00:15,45.19
16:00:54,45.22
