09:19:45,78.4
09:30:16,78.08
09:30:16,78.32
09:30:16,78.33
09:30:17,78.14
09:30:32,78.09
09:31:34,78.14
09:31:48,78.12
09:31:57,78.14
09:31:57,78.15
09:32:00,78.17
09:32:03,78.15
09:32:07,78.18
09:32:07,78.15
09:32:08,78.16
09:32:08,78.15
09:32:08,78.16
09:32:09,78.15
09:32:09,78.16
09:32:10,78.15
09:32:10,78.17
09:32:11,78.15
09:32:14,78.1
09:32:15,78.07
09:32:17,78.06
09:32:40,78.11
09:32:53,78.06
09:33:10,78.13
09:33:40,78.11
09:33:40,78.06
09:33:40,78.08
09:33:46,78.06
09:34:15,78.08
09:34:22,78.06
09:34:23,78.1
09:34:37,78.06
09:34:37,78.08
09:34:39,78.06
09:34:42,78.11
09:34:44,78.06
09:35:07,78.09
09:35:08,78.11
09:35:12,78.05
09:35:23,78.08
09:35:28,78.04
09:35:35,78.08
09:35:35,78.04
09:35:36,78.03
09:35:36,78.04
09:35:37,78.03
09:35:40,78.02
09:35:40,78.04
09:35:41,78.01
09:35:42,78.04
09:35:43,78
09:35:49,78.03
09:35:50,78.04
09:35:50,78.02
09:35:53,78.05
09:36:00,78.08
09:36:03,78.07
09:36:14,78.11
09:36:24,78.09
09:36:45,78.08
09:37:07,78.1
09:37:18,78.12
09:37:40,78.13
09:37:40,78.12
09:37:44,78.1
09:37:59,78.09
09:38:02,78.08
09:38:02,78.09
09:38:03,78.08
09:38:05,78.09
09:38:08,78.08
09:38:11,78.09
09:38:18,78.1
09:38:18,78.11
09:38:27,78.08
09:38:36,78.06
09:38:42,78.04
09:38:52,78.07
09:38:54,78.04
09:39:02,78.02
09:39:02,78
09:39:02,78.02
09:39:04,78.01
09:39:09,78.02
09:39:13,78.04
09:39:14,78.03
09:39:18,78.04
09:39:20,78.05
09:39:42,78.04
09:39:44,78.06
09:39:58,78.07
09:40:32,78.05
09:40:41,78.07
09:40:47,78.06
09:41:00,78.08
09:41:05,78.09
09:41:09,78.07
09:41:14,78.08
09:41:15,78.06
09:41:20,78.07
09:41:40,78.08
09:41:40,78.07
09:41:50,78.06
09:42:07,78.07
09:42:21,78.06
09:42:22,78.07
09:42:53,78.04
09:42:58,78.02
09:43:10,78.03
09:43:16,78.02
09:43:22,78.03
09:43:36,78.04
09:43:58,78.06
09:43:59,78.05
09:44:00,78.04
09:44:02,78.05
09:44:08,78.07
09:44:23,78.06
09:44:36,78.05
09:44:58,78.06
09:44:58,78.07
09:45:01,78.06
09:45:20,78.09
09:45:26,78.07
09:45:37,78.06
09:45:51,78.05
09:45:54,78.06
09:45:58,78.07
09:46:17,78.09
09:46:19,78.1
09:46:29,78.09
09:46:40,78.08
09:46:41,78.07
09:46:47,78.08
09:46:49,78.09
09:47:05,78.08
09:47:20,78.1
09:47:25,78.07
09:47:26,78.08
09:47:27,78.09
09:47:39,78.1
09:47:54,78.08
09:47:55,78.09
09:48:06,78.08
09:48:13,78.09
09:48:17,78.1
09:48:18,78.11
09:48:19,78.12
09:48:26,78.13
09:48:32,78.14
09:48:38,78.15
09:48:39,78.16
09:48:52,78.15
09:48:52,78.14
09:48:58,78.15
09:49:04,78.14
09:49:11,78.15
09:49:12,78.14
09:49:14,78.13
09:49:23,78.12
09:49:28,78.14
09:49:40,78.13
09:49:41,78.12
09:50:02,78.13
09:50:02,78.14
09:50:05,78.13
09:50:16,78.14
09:50:17,78.13
09:50:19,78.14
09:50:21,78.13
09:50:26,78.14
09:50:43,78.12
09:50:44,78.13
09:50:45,78.11
09:50:45,78.12
09:50:47,78.11
09:50:48,78.13
09:50:52,78.12
09:50:53,78.11
09:50:56,78.12
09:51:03,78.11
09:51:10,78.13
09:51:13,78.12
09:51:14,78.13
09:51:14,78.12
09:51:15,78.13
09:51:19,78.12
09:51:20,78.13
09:51:29,78.15
09:51:31,78.14
09:51:34,78.13
09:51:35,78.11
09:51:39,78.12
09:51:45,78.1
09:51:55,78.11
09:52:15,78.12
09:52:16,78.11
09:52:17,78.12
09:52:18,78.11
09:52:24,78.12
09:52:25,78.1
09:52:26,78.12
09:52:34,78.1
09:52:42,78.09
09:52:43,78.11
09:52:49,78.1
09:52:52,78.09
09:53:01,78.08
09:53:06,78.07
09:53:28,78.08
09:53:50,78.07
09:53:55,78.08
09:54:12,78.06
09:54:12,78.07
09:54:16,78.06
09:54:18,78.07
09:54:19,78.06
09:54:27,78.07
09:54:35,78.08
09:54:46,78.07
09:55:04,78.09
09:55:20,78.06
09:55:35,78.07
09:55:50,78.09
09:55:51,78.12
09:55:52,78.11
09:55:54,78.1
09:56:28,78.11
09:56:29,78.12
09:56:37,78.13
09:56:55,78.12
09:57:03,78.11
09:57:10,78.12
09:57:22,78.11
09:57:28,78.12
09:57:36,78.11
09:57:37,78.1
09:57:42,78.09
09:57:42,78.08
09:57:54,78.1
09:57:59,78.12
09:58:02,78.11
09:58:13,78.1
09:58:26,78.09
09:58:42,78.08
09:59:08,78.12
09:59:14,78.11
09:59:21,78.12
09:59:35,78.14
09:59:42,78.15
10:00:05,78.19
10:00:11,78.22
10:00:13,78.21
10:00:18,78.19
10:00:19,78.2
10:00:24,78.19
10:00:28,78.18
10:00:33,78.17
10:00:38,78.16
10:00:38,78.17
10:01:18,78.18
10:01:31,78.17
10:01:38,78.18
10:01:43,78.19
10:02:07,78.18
10:02:11,78.17
10:02:12,78.15
10:02:18,78.16
10:02:21,78.17
10:02:27,78.15
10:02:42,78.14
10:02:42,78.13
10:02:48,78.15
10:02:52,78.14
10:03:00,78.15
10:03:02,78.14
10:03:05,78.13
10:03:06,78.14
10:03:14,78.13
10:03:14,78.11
10:03:18,78.13
10:03:20,78.14
10:03:22,78.13
10:03:33,78.12
10:03:41,78.15
10:03:46,78.14
10:03:48,78.12
10:04:24,78.11
10:04:26,78.1
10:04:27,78.11
10:04:36,78.1
10:04:40,78.09
10:04:51,78.1
10:04:51,78.11
10:05:06,78.12
10:05:32,78.1
10:05:35,78.09
10:05:42,78.08
10:05:48,78.09
10:05:48,78.1
10:05:52,78.09
10:05:55,78.1
10:06:04,78.11
10:06:08,78.09
10:06:21,78.08
10:06:21,78.06
10:06:25,78.08
10:06:27,78.07
10:06:33,78.06
10:06:41,78.07
10:06:46,78.08
10:06:48,78.09
10:06:59,78.08
10:07:06,78.1
10:07:12,78.08
10:07:18,78.07
10:07:23,78.08
10:07:24,78.09
10:07:29,78.08
10:07:29,78.09
10:07:35,78.07
10:07:35,78.08
10:07:41,78.06
10:07:41,78.07
10:07:53,78.06
10:08:01,78.07
10:08:02,78.08
10:08:32,78.09
10:08:41,78.1
10:08:47,78.11
10:09:00,78.12
10:09:01,78.13
10:09:02,78.14
10:09:21,78.13
10:09:39,78.12
10:09:56,78.14
10:10:05,78.15
10:10:25,78.14
10:10:45,78.15
10:10:45,78.16
10:10:46,78.17
10:10:55,78.16
10:10:55,78.15
10:11:06,78.14
10:11:28,78.13
10:11:36,78.14
10:11:46,78.13
10:11:53,78.12
10:12:00,78.13
10:12:15,78.14
10:13:16,78.15
10:13:24,78.14
10:13:28,78.15
10:13:35,78.14
10:13:56,78.15
10:13:57,78.14
10:13:57,78.15
10:14:23,78.14
10:14:26,78.15
10:14:35,78.14
10:14:44,78.15
10:14:53,78.14
10:14:54,78.15
10:14:55,78.14
10:14:58,78.15
10:16:05,78.16
10:16:16,78.15
10:16:18,78.14
10:16:29,78.15
10:16:31,78.14
10:16:34,78.15
10:16:49,78.14
10:16:51,78.15
10:16:51,78.16
10:17:00,78.15
10:17:10,78.14
10:17:15,78.15
10:17:17,78.14
10:17:48,78.13
10:17:56,78.12
10:17:59,78.13
10:18:01,78.11
10:18:24,78.12
10:18:38,78.11
10:18:46,78.09
10:18:46,78.1
10:18:53,78.09
10:19:01,78.08
10:19:01,78.09
10:19:10,78.08
10:19:17,78.09
10:19:47,78.1
10:20:32,78.09
10:20:37,78.08
10:20:44,78.09
10:21:00,78.08
10:21:10,78.05
10:21:13,78.04
10:21:20,78.05
10:21:38,78.06
10:21:46,78.05
10:22:06,78.04
10:22:07,78.02
10:22:10,78.01
10:22:31,78.02
10:22:54,78.01
10:23:12,78.02
10:23:16,78.03
10:23:17,78.04
10:23:27,78.03
10:23:36,78.04
10:23:46,78.03
10:23:50,78.04
10:23:54,78.05
10:23:54,78.06
10:24:04,78.07
10:24:16,78.06
10:24:16,78.05
10:24:16,78.04
10:24:22,78.07
10:24:24,78.05
10:24:36,78.06
10:24:36,78.07
10:24:38,78.08
10:24:43,78.1
10:24:54,78.09
10:24:57,78.1
10:24:58,78.09
10:24:58,78.08
10:25:31,78.07
10:25:34,78.08
10:25:40,78.07
10:25:51,78.08
10:26:05,78.07
10:26:07,78.06
10:26:16,78.07
10:26:16,78.08
10:26:46,78.09
10:26:56,78.08
10:26:57,78.07
10:27:01,78.08
10:27:10,78.09
10:27:25,78.08
10:28:14,78.09
10:28:35,78.1
10:29:06,78.09
10:29:16,78.08
10:29:23,78.07
10:29:32,78.06
10:29:34,78.05
10:29:41,78.06
10:29:51,78.07
10:29:58,78.08
10:30:34,78.07
10:31:02,78.08
10:31:04,78.09
10:31:26,78.07
10:31:29,78.09
10:31:57,78.08
10:31:58,78.09
10:32:00,78.1
10:32:17,78.08
10:32:58,78.09
10:33:16,78.08
10:33:23,78.09
10:33:24,78.1
10:33:35,78.11
10:33:44,78.09
10:33:48,78.08
10:33:51,78.09
10:34:13,78.1
10:34:35,78.11
10:34:43,78.12
10:34:44,78.11
10:34:54,78.12
10:35:09,78.11
10:35:19,78.09
10:35:20,78.1
10:35:22,78.11
10:35:22,78.12
10:35:35,78.13
10:35:41,78.12
10:35:59,78.11
10:36:12,78.12
10:36:15,78.11
10:36:45,78.1
10:36:46,78.11
10:37:02,78.1
10:37:05,78.09
10:37:43,78.08
10:37:43,78.07
10:37:45,78.06
10:37:56,78.08
10:38:01,78.09
10:38:22,78.08
10:38:24,78.06
10:38:25,78.05
10:38:37,78.04
10:38:42,78.05
10:38:58,78.06
10:39:19,78.07
10:39:45,78.06
10:39:52,78.07
10:39:53,78.06
10:40:02,78.05
10:40:06,78.06
10:40:25,78.05
10:40:36,78.04
10:41:04,78.05
10:41:11,78.06
10:41:20,78.07
10:41:23,78.06
10:41:40,78.05
10:41:49,78.06
10:41:51,78.04
10:41:56,78.05
10:42:17,78.04
10:42:35,78.03
10:42:45,78.04
10:42:47,78.03
10:42:56,78.04
10:43:45,78.03
10:43:57,78.02
10:43:58,78.01
10:44:04,78.02
10:44:31,78.01
10:44:42,77.99
10:44:46,77.98
10:45:22,77.99
10:45:24,78
10:45:25,77.99
10:45:27,77.96
10:45:39,77.93
10:45:51,77.91
10:46:00,77.92
10:46:04,77.91
10:46:16,77.88
10:46:16,77.87
10:46:17,77.88
10:46:32,77.87
10:46:33,77.86
10:47:27,77.85
10:47:43,77.83
10:48:02,77.82
10:48:12,77.81
10:48:23,77.82
10:48:30,77.81
10:48:33,77.8
10:48:36,77.79
10:48:41,77.8
10:48:44,77.81
10:48:46,77.8
10:48:46,77.78
10:49:02,77.77
10:49:18,77.78
10:49:24,77.77
10:49:37,77.78
10:49:38,77.75
10:49:43,77.74
10:49:46,77.75
10:50:14,77.76
10:50:20,77.75
10:50:31,77.76
10:51:11,77.77
10:51:27,77.76
10:51:27,77.75
10:51:29,77.74
10:51:35,77.73
10:51:38,77.74
10:51:42,77.73
10:51:43,77.72
10:52:09,77.71
10:52:17,77.7
10:52:36,77.69
10:52:44,77.68
10:52:47,77.64
10:52:48,77.65
10:52:53,77.62
10:52:54,77.63
10:52:54,77.62
10:53:05,77.61
10:53:09,77.63
10:53:18,77.61
10:53:33,77.6
10:53:36,77.59
10:53:50,77.6
10:53:50,77.58
10:53:51,77.57
10:53:55,77.55
10:53:56,77.54
10:53:58,77.55
10:53:59,77.54
10:54:08,77.55
10:54:08,77.54
10:54:10,77.55
10:54:10,77.54
10:54:45,77.53
10:54:54,77.54
10:54:59,77.53
10:55:03,77.54
10:55:04,77.53
10:55:10,77.52
10:55:10,77.51
10:55:15,77.5
10:55:28,77.49
10:55:34,77.5
10:55:38,77.51
10:55:39,77.5
10:55:55,77.48
10:56:01,77.47
10:56:08,77.48
10:56:13,77.49
10:56:14,77.5
10:56:51,77.51
10:56:51,77.5
10:57:23,77.49
10:57:24,77.48
10:57:24,77.47
10:57:32,77.49
10:57:39,77.5
10:57:56,77.49
10:58:25,77.5
10:59:21,77.49
10:59:21,77.5
10:59:46,77.49
11:00:07,77.46
11:00:13,77.47
11:00:14,77.46
11:00:25,77.45
11:00:28,77.44
11:00:30,77.43
11:00:32,77.41
11:00:32,77.42
11:00:40,77.44
11:00:43,77.45
11:00:49,77.46
11:01:23,77.48
11:01:30,77.47
11:01:32,77.48
11:01:39,77.49
11:01:40,77.5
11:02:04,77.51
11:02:22,77.52
11:02:23,77.51
11:02:24,77.52
11:02:28,77.51
11:03:09,77.52
11:03:25,77.53
11:03:26,77.54
11:03:27,77.55
11:03:33,77.56
11:04:11,77.6
11:04:24,77.62
11:04:26,77.63
11:04:35,77.65
11:04:46,77.63
11:05:00,77.65
11:05:27,77.66
11:05:39,77.67
11:05:50,77.68
11:05:51,77.69
11:06:07,77.7
11:06:12,77.69
11:06:16,77.7
11:06:21,77.71
11:06:23,77.72
11:06:26,77.71
11:06:33,77.7
11:06:53,77.71
11:06:59,77.74
11:06:59,77.73
11:07:01,77.74
11:07:12,77.73
11:07:34,77.77
11:07:34,77.76
11:07:39,77.77
11:07:54,77.78
11:07:55,77.77
11:07:59,77.79
11:07:59,77.8
11:08:00,77.82
11:08:02,77.81
11:08:03,77.79
11:08:18,77.8
11:08:21,77.81
11:08:38,77.85
11:08:44,77.86
11:08:44,77.85
11:08:47,77.86
11:09:32,77.85
11:09:37,77.86
11:10:00,77.88
11:10:04,77.87
11:10:13,77.89
11:10:29,77.9
11:10:32,77.91
11:10:41,77.9
11:10:53,77.89
11:10:58,77.88
11:10:59,77.87
11:11:08,77.89
11:11:49,77.9
11:11:53,77.91
11:12:12,77.92
11:12:43,77.93
11:13:58,77.94
11:14:00,77.95
11:14:34,77.94
11:14:36,77.93
11:14:36,77.92
11:14:43,77.89
11:14:43,77.9
11:14:48,77.91
11:15:03,77.9
11:15:04,77.89
11:15:10,77.88
11:15:10,77.87
11:15:39,77.84
11:15:40,77.83
11:15:49,77.81
11:15:59,77.8
11:16:44,77.78
11:16:55,77.77
11:17:01,77.76
11:17:15,77.75
11:17:24,77.76
11:17:52,77.75
11:18:19,77.74
11:18:40,77.76
11:18:42,77.77
11:19:34,77.78
11:19:55,77.79
11:20:34,77.77
11:20:35,77.76
11:20:52,77.77
11:21:13,77.78
11:21:15,77.76
11:21:19,77.75
11:22:08,77.77
11:22:16,77.78
11:22:28,77.79
11:22:34,77.8
11:22:37,77.79
11:22:53,77.8
11:23:11,77.79
11:23:22,77.82
11:23:29,77.81
11:23:30,77.8
11:23:43,77.79
11:24:08,77.78
11:24:08,77.77
11:24:21,77.78
11:24:41,77.79
11:25:15,77.78
11:25:17,77.77
11:25:31,77.76
11:25:33,77.75
11:25:42,77.74
11:25:57,77.75
11:26:19,77.76
11:26:42,77.75
11:27:18,77.76
11:27:34,77.75
11:28:00,77.74
11:28:04,77.75
11:28:18,77.76
11:28:39,77.77
11:28:55,77.76
11:29:18,77.77
11:29:21,77.78
11:29:32,77.8
11:29:42,77.79
11:29:49,77.8
11:30:01,77.82
11:30:02,77.81
11:30:29,77.8
11:30:31,77.81
11:30:53,77.8
11:31:24,77.81
11:31:40,77.8
11:31:40,77.81
11:32:01,77.79
11:32:20,77.8
11:32:27,77.81
11:32:36,77.8
11:33:00,77.79
11:34:08,77.8
11:34:23,77.79
11:34:25,77.8
11:36:25,77.79
11:37:07,77.77
11:37:08,77.76
11:37:08,77.77
11:37:08,77.78
11:37:19,77.77
11:37:27,77.76
11:37:27,77.77
11:38:57,77.76
11:40:20,77.77
11:41:48,77.76
11:41:57,77.77
11:42:21,77.76
11:42:32,77.77
11:43:11,77.76
11:43:35,77.77
11:44:40,77.78
11:44:59,77.77
11:45:07,77.78
11:45:27,77.77
11:45:51,77.75
11:45:53,77.76
11:46:27,77.77
11:46:56,77.78
11:46:59,77.79
11:47:13,77.8
11:47:34,77.83
11:47:35,77.82
11:47:57,77.81
11:48:00,77.82
11:48:03,77.83
11:48:20,77.84
11:48:31,77.85
11:48:51,77.86
11:48:53,77.87
11:48:58,77.86
11:49:43,77.87
11:49:44,77.86
11:49:48,77.87
11:49:53,77.88
11:50:31,77.89
11:51:40,77.9
11:51:49,77.91
11:51:54,77.9
11:52:14,77.91
11:52:27,77.92
11:52:31,77.93
11:52:34,77.91
11:52:38,77.92
11:52:46,77.93
11:53:47,77.92
11:53:47,77.91
11:53:57,77.9
11:53:57,77.89
11:53:58,77.9
11:54:00,77.91
11:54:05,77.9
11:54:21,77.89
11:54:57,77.9
11:55:07,77.91
11:55:08,77.92
11:55:22,77.91
11:55:22,77.9
11:55:30,77.91
11:55:40,77.9
11:55:45,77.89
11:55:55,77.9
11:56:00,77.91
11:56:01,77.9
11:56:01,77.91
11:56:10,77.9
11:56:47,77.89
11:56:54,77.9
11:56:55,77.88
11:56:58,77.87
11:57:01,77.88
11:57:05,77.87
11:57:05,77.88
11:57:15,77.87
11:57:15,77.88
11:57:50,77.87
11:58:39,77.88
11:58:43,77.85
11:59:23,77.86
11:59:25,77.85
11:59:39,77.87
11:59:46,77.86
12:00:08,77.87
12:00:09,77.86
12:01:17,77.87
12:01:28,77.86
12:01:38,77.85
12:01:38,77.86
12:02:05,77.85
12:02:11,77.83
12:02:18,77.84
12:02:33,77.79
12:02:45,77.77
12:02:48,77.78
12:03:16,77.83
12:03:49,77.85
12:03:50,77.86
12:03:57,77.84
12:04:06,77.83
12:04:10,77.85
12:04:14,77.84
12:05:57,77.86
12:06:58,77.87
12:07:21,77.9
12:08:10,77.91
12:08:33,77.9
12:08:41,77.91
12:08:57,77.92
12:09:00,77.91
12:09:17,77.92
12:09:18,77.91
12:09:19,77.9
12:09:39,77.91
12:10:12,77.92
12:10:42,77.93
12:10:52,77.9
12:10:52,77.89
12:10:58,77.91
12:11:09,77.9
12:11:12,77.88
12:11:45,77.84
12:11:46,77.85
12:11:47,77.86
12:11:49,77.87
12:12:10,77.86
12:12:22,77.87
12:12:31,77.86
12:13:34,77.85
12:13:51,77.86
12:14:39,77.85
12:14:41,77.84
12:14:42,77.85
12:14:51,77.84
12:15:41,77.86
12:16:03,77.84
12:16:34,77.83
12:17:02,77.84
12:18:05,77.83
12:18:57,77.82
12:19:02,77.83
12:19:10,77.82
12:19:37,77.83
12:19:42,77.84
12:19:43,77.85
12:20:25,77.86
12:21:06,77.88
12:21:14,77.89
12:21:39,77.9
12:21:46,77.89
12:21:47,77.9
12:22:02,77.89
12:22:07,77.9
12:22:28,77.91
12:22:48,77.9
12:23:06,77.91
12:23:16,77.9
12:24:02,77.91
12:24:12,77.93
12:24:27,77.92
12:24:39,77.94
12:24:40,77.93
12:24:45,77.94
12:24:50,77.93
12:25:06,77.94
12:26:36,77.95
12:26:38,77.96
12:27:06,77.95
12:27:14,77.94
12:27:21,77.92
12:27:23,77.91
12:27:26,77.9
12:27:33,77.92
12:27:41,77.93
12:28:35,77.94
12:28:43,77.95
12:28:44,77.93
12:28:45,77.91
12:29:26,77.93
12:30:15,77.94
12:30:35,77.93
12:30:38,77.92
12:31:08,77.91
12:31:31,77.89
12:32:17,77.9
12:32:32,77.89
12:32:40,77.9
12:33:46,77.89
12:33:46,77.88
12:34:03,77.87
12:34:03,77.86
12:34:04,77.87
12:34:11,77.86
12:34:27,77.85
12:34:29,77.84
12:34:32,77.85
12:35:23,77.86
12:35:47,77.85
12:36:01,77.86
12:36:24,77.84
12:36:25,77.85
12:36:35,77.84
12:37:09,77.82
12:37:11,77.83
12:37:21,77.82
12:38:08,77.83
12:38:59,77.82
12:39:01,77.83
12:39:12,77.84
12:39:52,77.85
12:40:04,77.83
12:40:43,77.84
12:40:57,77.83
12:41:16,77.8
12:41:24,77.81
12:41:24,77.82
12:42:41,77.83
12:42:53,77.8
12:42:59,77.81
12:43:00,77.82
12:43:07,77.81
12:43:19,77.82
12:43:34,77.81
12:43:51,77.8
12:44:04,77.81
12:44:13,77.8
12:44:37,77.79
12:44:43,77.8
12:44:47,77.79
12:45:01,77.8
12:45:05,77.79
12:45:08,77.8
12:45:43,77.79
12:47:06,77.81
12:48:09,77.82
12:48:26,77.81
12:48:37,77.8
12:49:17,77.79
12:50:17,77.78
12:51:16,77.77
12:51:17,77.76
12:52:36,77.77
12:54:08,77.78
12:54:21,77.79
12:54:49,77.8
12:55:53,77.79
12:56:20,77.8
12:56:22,77.81
12:57:29,77.82
12:57:45,77.83
12:58:45,77.84
12:58:45,77.85
12:58:49,77.84
12:59:52,77.85
13:00:03,77.86
13:00:06,77.87
13:00:10,77.86
13:00:39,77.85
13:01:17,77.86
13:03:00,77.87
13:03:04,77.86
13:03:10,77.87
13:03:40,77.88
13:04:03,77.89
13:04:16,77.9
13:04:17,77.91
13:04:25,77.89
13:04:28,77.9
13:05:00,77.89
13:05:04,77.9
13:05:56,77.91
13:06:23,77.9
13:06:45,77.89
13:06:58,77.88
13:07:17,77.87
13:07:52,77.86
13:07:55,77.85
13:08:02,77.86
13:09:01,77.87
13:11:34,77.86
13:11:34,77.87
13:12:34,77.89
13:12:34,77.9
13:12:41,77.91
13:12:49,77.92
13:14:21,77.91
13:14:30,77.92
13:14:57,77.93
13:15:36,77.92
13:15:47,77.91
13:16:02,77.9
13:16:15,77.91
13:16:35,77.92
13:16:38,77.91
13:16:45,77.9
13:17:37,77.92
13:17:48,77.93
13:18:06,77.92
13:18:09,77.93
13:18:16,77.92
13:18:18,77.93
13:19:14,77.92
13:19:21,77.93
13:19:29,77.91
13:19:36,77.92
13:20:44,77.91
13:21:34,77.89
13:21:34,77.9
13:24:14,77.91
13:24:14,77.9
13:24:31,77.89
13:24:32,77.9
13:24:40,77.91
13:24:54,77.9
13:25:57,77.89
13:26:18,77.9
13:27:09,77.89
13:27:14,77.9
13:27:35,77.89
13:28:00,77.9
13:29:50,77.91
13:30:07,77.9
13:30:25,77.92
13:31:34,77.91
13:31:35,77.9
13:31:44,77.91
13:32:17,77.92
13:33:39,77.91
13:34:02,77.89
13:34:34,77.9
13:34:57,77.89
13:36:51,77.88
13:37:10,77.89
13:37:41,77.88
13:37:56,77.87
13:37:58,77.86
13:38:09,77.85
13:38:22,77.86
13:38:30,77.87
13:38:43,77.86
13:39:03,77.87
13:39:06,77.88
13:39:39,77.89
13:40:15,77.88
13:40:53,77.9
13:41:42,77.89
13:41:47,77.9
13:45:45,77.91
13:45:51,77.9
13:46:18,77.91
13:46:32,77.92
13:46:59,77.93
13:47:05,77.94
13:47:28,77.93
13:49:03,77.94
13:49:25,77.93
13:51:28,77.92
13:52:46,77.93
13:53:29,77.92
13:53:49,77.93
13:53:57,77.92
13:54:17,77.91
13:54:18,77.92
13:54:38,77.93
13:54:48,77.94
13:55:26,77.95
13:55:26,77.94
13:55:39,77.95
13:56:23,77.94
13:56:29,77.93
13:57:05,77.94
13:57:22,77.93
13:59:01,77.92
13:59:01,77.91
13:59:43,77.92
13:59:59,77.93
14:00:02,77.94
14:00:04,77.93
14:00:56,77.92
14:00:56,77.91
14:01:06,77.92
14:01:06,77.91
14:01:14,77.9
14:01:21,77.91
14:01:21,77.9
14:01:27,77.89
14:01:27,77.9
14:01:34,77.91
14:01:42,77.92
14:02:22,77.93
14:03:35,77.92
14:03:44,77.93
14:03:44,77.92
14:04:19,77.93
14:04:28,77.92
14:04:33,77.91
14:05:36,77.92
14:05:39,77.91
14:05:48,77.92
14:05:51,77.93
14:05:55,77.92
14:06:15,77.93
14:06:53,77.92
14:07:02,77.93
14:07:09,77.92
14:07:14,77.91
14:07:25,77.9
14:07:51,77.89
14:08:42,77.9
14:09:30,77.92
14:09:44,77.91
14:09:45,77.9
14:09:52,77.91
14:10:26,77.92
14:11:02,77.91
14:11:02,77.9
14:11:46,77.91
14:12:12,77.9
14:13:06,77.91
14:13:22,77.92
14:13:59,77.93
14:14:23,77.94
14:14:23,77.95
14:14:31,77.93
14:14:35,77.94
14:14:39,77.93
14:14:46,77.94
14:15:04,77.95
14:15:23,77.94
14:15:29,77.93
14:15:32,77.92
14:15:38,77.93
14:16:00,77.92
14:16:45,77.93
14:16:47,77.92
14:16:57,77.91
14:17:15,77.92
14:17:17,77.91
14:17:31,77.9
14:19:04,77.89
14:19:45,77.88
14:19:53,77.87
14:20:00,77.88
14:20:06,77.87
14:20:26,77.88
14:20:29,77.87
14:20:53,77.88
14:21:58,77.9
14:22:25,77.89
14:22:27,77.88
14:23:10,77.87
14:23:23,77.86
14:24:10,77.87
14:25:11,77.86
14:25:47,77.87
14:25:57,77.88
14:26:36,77.89
14:26:51,77.9
14:28:05,77.91
14:28:08,77.92
14:28:21,77.91
14:28:44,77.92
14:28:46,77.91
14:28:52,77.92
14:29:10,77.93
14:29:19,77.94
14:30:39,77.95
14:31:17,77.97
14:31:17,77.98
14:31:18,77.97
14:31:18,77.96
14:31:38,77.97
14:31:46,77.98
14:32:00,77.97
14:32:02,77.98
14:32:45,77.97
14:32:58,77.98
14:33:11,77.99
14:33:21,77.97
14:33:42,77.96
14:33:51,77.97
14:34:06,77.96
14:34:17,77.95
14:34:32,77.94
14:35:57,77.95
14:37:21,77.93
14:37:45,77.94
14:39:21,77.93
14:39:46,77.95
14:39:49,77.94
14:39:57,77.95
14:40:03,77.96
14:40:16,77.95
14:41:09,77.94
14:41:35,77.95
14:42:33,77.94
14:42:38,77.95
14:44:11,77.96
14:44:11,77.95
14:45:31,77.96
14:45:36,77.95
14:45:41,77.96
14:45:46,77.95
14:45:51,77.96
14:45:56,77.95
14:46:22,77.96
14:46:22,77.95
14:47:00,77.96
14:47:52,77.95
14:47:54,77.94
14:48:16,77.95
14:48:20,77.94
14:48:34,77.95
14:49:21,77.94
14:49:27,77.95
14:49:38,77.96
14:49:44,77.95
14:49:52,77.96
14:50:54,77.97
14:50:55,77.96
14:51:05,77.97
14:51:49,77.99
14:52:11,77.98
14:52:11,77.99
14:52:21,77.98
14:52:41,77.97
14:53:11,77.98
14:53:12,77.97
14:53:34,77.98
14:53:41,77.97
14:54:07,77.96
14:54:08,77.95
14:54:14,77.96
14:56:11,77.97
14:56:16,77.98
14:56:23,77.97
14:56:46,77.98
14:57:11,77.93
14:57:17,77.92
14:57:20,77.93
14:57:20,77.92
14:57:32,77.94
14:58:05,77.93
14:58:06,77.92
14:58:06,77.93
14:58:07,77.92
14:58:17,77.91
14:58:27,77.9
14:58:29,77.91
14:58:38,77.9
14:59:18,77.89
14:59:26,77.9
15:00:12,77.89
15:00:17,77.88
15:00:28,77.89
15:00:38,77.9
15:01:13,77.91
15:01:42,77.92
15:02:26,77.93
15:03:05,77.94
15:03:15,77.93
15:03:29,77.94
15:04:44,77.95
15:05:21,77.94
15:05:23,77.93
15:05:24,77.94
15:05:41,77.93
15:05:45,77.94
15:06:06,77.93
15:06:08,77.92
15:06:15,77.91
15:06:41,77.92
15:07:04,77.93
15:07:41,77.92
15:08:17,77.93
15:08:40,77.94
15:10:03,77.93
15:10:10,77.94
15:10:41,77.95
15:10:44,77.94
15:10:54,77.95
15:10:54,77.96
15:11:34,77.95
15:11:56,77.96
15:12:13,77.95
15:12:39,77.96
15:13:13,77.97
15:13:31,77.96
15:13:52,77.97
15:13:55,77.96
15:14:23,77.97
15:14:23,77.95
15:14:44,77.96
15:14:46,77.95
15:14:48,77.94
15:14:49,77.93
15:15:09,77.94
15:16:36,77.93
15:16:48,77.92
15:17:09,77.93
15:17:48,77.92
15:17:57,77.93
15:18:32,77.94
15:18:54,77.95
15:19:16,77.94
15:20:28,77.95
15:20:35,77.94
15:20:38,77.95
15:20:57,77.96
15:21:05,77.97
15:21:06,77.96
15:21:15,77.97
15:21:23,77.98
15:21:23,77.97
15:21:29,77.98
15:21:30,77.99
15:21:31,77.98
15:21:38,77.99
15:21:51,77.98
15:21:51,77.97
15:21:56,77.98
15:22:06,77.97
15:22:08,77.98
15:22:13,77.99
15:22:14,77.98
15:22:29,77.97
15:22:29,77.98
15:22:49,77.99
15:23:29,77.97
15:23:38,77.98
15:23:48,77.99
15:24:03,77.98
15:24:05,77.97
15:24:10,77.98
15:24:44,77.97
15:25:36,77.96
15:26:08,77.97
15:26:18,77.96
15:27:05,77.97
15:27:19,77.98
15:27:19,77.97
15:28:12,77.96
15:28:17,77.95
15:28:43,77.94
15:29:23,77.93
15:30:01,77.94
15:30:55,77.95
15:31:04,77.94
15:31:31,77.95
15:31:33,77.93
15:31:41,77.94
15:31:42,77.95
15:31:45,77.94
15:32:43,77.95
15:32:44,77.94
15:33:44,77.93
15:34:05,77.92
15:34:07,77.91
15:34:07,77.9
15:34:10,77.89
15:34:16,77.88
15:34:35,77.87
15:34:43,77.88
15:34:43,77.89
15:35:12,77.9
15:35:56,77.89
15:36:17,77.9
15:37:01,77.89
15:37:20,77.9
15:37:22,77.91
15:37:25,77.92
15:37:47,77.93
15:37:52,77.94
15:38:05,77.93
15:38:08,77.94
15:38:16,77.93
15:38:18,77.94
15:38:23,77.93
15:38:35,77.94
15:38:37,77.93
15:39:19,77.94
15:39:27,77.93
15:39:32,77.94
15:39:36,77.93
15:39:42,77.94
15:39:43,77.93
15:39:44,77.94
15:39:51,77.95
15:39:54,77.94
15:40:03,77.95
15:40:14,77.96
15:40:19,77.97
15:40:19,77.98
15:40:20,77.97
15:40:55,77.98
15:40:56,77.99
15:41:25,77.97
15:41:35,77.98
15:41:38,77.97
15:41:41,77.98
15:42:13,77.99
15:42:17,77.98
15:42:17,77.99
15:42:18,77.98
15:42:18,77.97
15:42:26,77.98
15:42:32,77.97
15:42:41,77.98
15:42:59,77.99
15:43:02,78
15:43:38,78.01
15:43:44,78.02
15:44:15,78.03
15:45:07,78.02
15:45:10,78.04
15:45:11,78.03
15:45:17,78.04
15:45:35,78.05
15:45:38,78.06
15:45:44,78.07
15:45:45,78.06
15:45:46,78.07
15:45:47,78.06
15:45:49,78.07
15:46:16,78.06
15:46:17,78.07
15:46:36,78.06
15:46:51,78.05
15:46:57,78.04
15:47:09,78.05
15:47:25,78.04
15:47:26,78.01
15:47:32,78
15:47:38,78.01
15:48:24,78.02
15:48:25,78.01
15:48:26,78
15:48:46,78.01
15:48:57,78
15:49:11,78.02
15:49:11,78.03
15:49:17,78.02
15:49:31,78.01
15:50:04,78.02
15:50:17,78
15:50:18,77.99
15:50:29,78
15:50:42,78.01
15:50:43,78
15:50:51,78.01
15:50:53,78
15:51:01,78.02
15:51:11,78.03
15:51:21,78.04
15:51:23,78.03
15:51:27,78.04
15:51:33,78.05
15:51:51,78.04
15:51:55,78.05
15:52:11,78.04
15:52:48,78.05
15:52:50,78.06
15:52:54,78.05
15:52:58,78.04
15:53:41,78.05
15:53:48,78.04
15:53:49,78.05
15:53:50,78.04
15:53:53,78.05
15:53:54,78.04
15:53:54,78.03
15:53:56,78.02
15:54:16,78.03
15:54:17,78.04
15:55:12,78.05
15:55:21,78.06
15:55:21,78.05
15:55:22,78.06
15:55:23,78.05
15:55:25,78.04
15:55:27,78.05
15:55:28,78.04
15:55:35,78.05
15:55:37,78.04
15:55:37,78.05
15:55:40,78.06
15:55:43,78.05
15:55:45,78.06
15:55:49,78.07
15:55:54,78.08
15:55:55,78.07
15:55:57,78.08
15:55:59,78.07
15:56:02,78.08
15:56:12,78.09
15:56:20,78.08
15:56:21,78.09
15:56:30,78.08
15:56:30,78.09
15:56:30,78.08
15:56:33,78.09
15:56:41,78.08
15:56:48,78.07
15:56:52,78.06
15:56:53,78.07
15:57:01,78.08
15:57:02,78.07
15:57:03,78.08
15:57:05,78.07
15:57:05,78.08
15:57:06,78.09
15:57:10,78.1
15:57:20,78.09
15:57:22,78.08
15:57:24,78.07
15:57:25,78.08
15:57:26,78.07
15:57:28,78.08
15:57:31,78.07
15:57:34,78.08
15:57:48,78.07
15:57:53,78.08
15:57:59,78.07
15:58:01,78.08
15:58:04,78.07
15:58:05,78.08
15:58:10,78.07
15:58:14,78.06
15:58:14,78.07
15:58:15,78.06
15:58:18,78.05
15:58:19,78.06
15:58:19,78.07
15:58:19,78.08
15:58:21,78.09
15:58:26,78.1
15:58:26,78.09
15:58:27,78.1
15:58:28,78.08
15:58:29,78.09
15:58:31,78.08
15:58:32,78.09
15:58:32,78.08
15:58:34,78.09
15:58:35,78.08
15:58:35,78.09
15:58:38,78.1
15:58:40,78.09
15:58:41,78.1
15:58:48,78.09
15:58:50,78.1
15:58:51,78.09
15:58:52,78.1
15:58:53,78.11
15:58:56,78.1
15:58:57,78.11
15:59:05,78.12
15:59:05,78.11
15:59:06,78.12
15:59:10,78.11
15:59:10,78.12
15:59:11,78.11
15:59:12,78.1
15:59:16,78.09
15:59:17,78.08
15:59:17,78.09
15:59:18,78.08
15:59:18,78.07
15:59:19,78.08
15:59:20,78.07
15:59:21,78.06
15:59:21,78.05
15:59:21,78.06
15:59:24,78.05
15:59:24,78.06
15:59:24,78.05
15:59:24,78.06
15:59:27,78.05
15:59:27,78.04
15:59:27,78.05
15:59:29,78.04
15:59:29,78.05
15:59:30,78.07
15:59:31,78.08
15:59:33,78.11
15:59:33,78.09
15:59:34,78.1
15:59:37,78.08
15:59:38,78.09
15:59:38,78.08
15:59:41,78.09
15:59:41,78.08
15:59:42,78.09
15:59:42,78.08
15:59:44,78.09
15:59:44,78.08
15:59:45,78.09
15:59:47,78.11
15:59:48,78.1
15:59:48,78.09
15:59:51,78.04
15:59:52,78.05
15:59:53,78.04
15:59:53,78.05
15:59:54,78.04
15:59:54,78.05
15:59:55,78.04
15:59:55,78.05
15:59:55,78.04
15:59:56,78.05
15:59:57,78.06
15:59:57,78.05
15:59:58,78.04
16:00:02,78.05
16:00:03,78.04
16:00:15,78.06
16:00:15,78.05
16:00:16,78.06
16:01:17,78.08
