04:00:34,9.85
06:05:50,9.8
06:07:37,9.75
06:23:33,9.6
06:26:18,9.61
06:29:56,9.65
06:41:07,9.68
07:00:10,9.7
07:00:41,9.68
07:15:08,9.72
07:15:08,9.71
08:00:05,9.81
08:04:41,9.77
08:04:49,9.81
08:05:30,9.77
08:05:30,9.78
08:16:24,9.8
08:18:14,9.83
08:19:35,9.8
08:19:54,9.84
08:30:57,9.81
08:31:26,9.84
08:33:21,9.86
08:39:35,9.85
08:43:47,9.86
08:45:24,9.89
08:46:11,9.87
08:47:18,9.89
08:47:58,9.9
08:53:24,9.92
08:54:45,9.91
08:55:19,9.9
08:58:48,9.83
09:01:30,9.89
09:01:42,9.83
09:02:20,9.84
09:05:16,9.88
09:07:03,9.84
09:07:40,9.86
09:18:53,9.85
09:21:39,9.84
09:25:16,9.83
09:28:04,9.82
09:28:04,9.77
09:28:05,9.76
09:28:44,9.78
09:28:51,9.76
09:28:53,9.77
09:29:59,9.76
09:30:04,9.8
09:30:05,9.78
09:30:05,9.82
09:30:06,9.79
09:30:07,9.78
09:30:08,9.79
09:30:08,9.78
09:30:09,9.75
09:30:09,9.78
09:30:12,9.76
09:30:13,9.77
09:30:13,9.8
09:30:14,9.79
09:30:14,9.78
09:30:16,9.77
09:30:18,9.75
09:30:19,9.77
09:30:21,9.78
09:30:22,9.75
09:30:22,9.77
09:30:23,9.75
09:30:23,9.78
09:30:26,9.77
09:30:26,9.78
09:30:27,9.77
09:30:27,9.78
09:30:28,9.79
09:30:31,9.77
09:30:34,9.78
09:30:37,9.8
09:30:37,9.81
09:30:39,9.8
09:30:40,9.81
09:30:41,9.78
09:30:42,9.81
09:30:43,9.8
09:30:46,9.78
09:30:47,9.81
09:30:48,9.8
09:30:52,9.78
09:30:57,9.8
09:31:00,9.81
09:31:02,9.8
09:31:02,9.78
09:31:04,9.8
09:31:05,9.76
09:31:07,9.78
09:31:09,9.75
09:31:10,9.77
09:31:10,9.75
09:31:12,9.79
09:31:13,9.76
09:31:13,9.77
09:31:20,9.76
09:31:22,9.75
09:31:28,9.78
09:31:32,9.79
09:31:33,9.8
09:31:37,9.79
09:31:38,9.8
09:31:40,9.81
09:31:43,9.78
09:31:44,9.77
09:31:45,9.78
09:31:46,9.77
09:31:53,9.79
09:31:55,9.77
09:31:56,9.78
09:31:57,9.77
09:32:00,9.76
09:32:00,9.75
09:32:03,9.74
09:32:03,9.75
09:32:09,9.76
09:32:09,9.77
09:32:15,9.75
09:32:17,9.76
09:32:20,9.75
09:32:25,9.76
09:32:26,9.75
09:32:31,9.74
09:32:34,9.75
09:32:36,9.74
09:32:36,9.75
09:32:39,9.74
09:32:40,9.75
09:32:42,9.74
09:32:42,9.73
09:32:43,9.76
09:32:43,9.74
09:32:44,9.75
09:32:44,9.72
09:32:45,9.71
09:32:47,9.7
09:32:47,9.71
09:32:48,9.7
09:32:52,9.69
09:32:54,9.7
09:32:54,9.67
09:32:55,9.68
09:32:56,9.69
09:32:57,9.68
09:32:58,9.69
09:32:58,9.71
09:33:00,9.7
09:33:00,9.71
09:33:01,9.7
09:33:02,9.72
09:33:03,9.73
09:33:05,9.72
09:33:06,9.69
09:33:07,9.68
09:33:07,9.7
09:33:08,9.71
09:33:10,9.72
09:33:12,9.71
09:33:13,9.72
09:33:18,9.7
09:33:19,9.71
09:33:22,9.72
09:33:25,9.75
09:33:26,9.74
09:33:28,9.72
09:33:29,9.73
09:33:29,9.71
09:33:30,9.72
09:33:30,9.7
09:33:31,9.69
09:33:31,9.67
09:33:32,9.75
09:33:32,9.73
09:33:33,9.68
09:33:33,9.71
09:33:34,9.7
09:33:35,9.69
09:33:36,9.66
09:33:37,9.67
09:33:37,9.66
09:33:38,9.7
09:33:38,9.69
09:33:40,9.7
09:33:40,9.68
09:33:42,9.69
09:33:43,9.7
09:33:44,9.78
09:33:46,9.75
09:33:51,9.74
09:33:51,9.73
09:33:54,9.74
09:33:56,9.73
09:33:56,9.74
09:33:57,9.75
09:33:58,9.76
09:33:59,9.74
09:33:59,9.77
09:34:08,9.76
09:34:08,9.77
09:34:26,9.78
09:34:30,9.77
09:34:30,9.78
09:34:36,9.77
09:34:36,9.75
09:34:37,9.76
09:34:38,9.74
09:34:38,9.75
09:34:39,9.74
09:34:42,9.75
09:34:51,9.74
09:34:52,9.73
09:34:53,9.72
09:34:53,9.74
09:34:57,9.73
09:35:02,9.74
09:35:03,9.75
09:35:05,9.74
09:35:06,9.72
09:35:07,9.74
09:35:09,9.73
09:35:15,9.74
09:35:20,9.75
09:35:21,9.74
09:35:25,9.75
09:35:29,9.74
09:35:32,9.75
09:35:33,9.74
09:35:35,9.75
09:35:36,9.76
09:35:37,9.75
09:35:38,9.76
09:35:41,9.75
09:35:41,9.77
09:35:42,9.76
09:35:45,9.77
09:35:51,9.76
09:35:56,9.77
09:35:56,9.76
09:36:06,9.75
09:36:11,9.76
09:36:12,9.75
09:36:15,9.76
09:36:22,9.75
09:36:31,9.76
09:36:34,9.75
09:36:34,9.76
09:36:36,9.77
09:36:39,9.76
09:36:53,9.75
09:36:59,9.74
09:37:03,9.73
09:37:04,9.72
09:37:05,9.71
09:37:05,9.72
09:37:09,9.73
09:37:11,9.72
09:37:11,9.73
09:37:14,9.74
09:37:20,9.75
09:37:23,9.74
09:37:24,9.75
09:37:35,9.74
09:37:47,9.73
09:37:49,9.72
09:37:49,9.73
09:37:53,9.74
09:37:56,9.75
09:37:58,9.74
09:38:07,9.73
09:38:08,9.74
09:38:16,9.73
09:38:18,9.72
09:38:20,9.71
09:38:21,9.72
09:38:21,9.7
09:38:22,9.69
09:38:29,9.68
09:38:33,9.66
09:38:34,9.67
09:38:35,9.68
09:38:35,9.67
09:38:37,9.68
09:38:38,9.67
09:38:41,9.66
09:38:45,9.67
09:38:48,9.68
09:38:48,9.67
09:38:49,9.68
09:38:51,9.67
09:38:52,9.66
09:38:54,9.67
09:38:56,9.68
09:38:57,9.67
09:39:00,9.66
09:39:06,9.67
09:39:07,9.66
09:39:13,9.65
09:39:15,9.63
09:39:16,9.64
09:39:18,9.63
09:39:19,9.64
09:39:23,9.63
09:39:23,9.64
09:39:24,9.63
09:39:25,9.64
09:39:31,9.63
09:39:31,9.62
09:39:35,9.63
09:39:37,9.62
09:39:40,9.61
09:39:40,9.59
09:39:40,9.6
09:39:42,9.61
09:39:42,9.6
09:39:44,9.59
09:39:45,9.6
09:39:46,9.59
09:39:46,9.6
09:39:46,9.59
09:39:47,9.6
09:39:48,9.61
09:39:50,9.6
09:39:51,9.61
09:39:54,9.59
09:39:54,9.6
09:39:57,9.61
09:39:57,9.63
09:39:58,9.62
09:40:00,9.63
09:40:00,9.62
09:40:00,9.63
09:40:02,9.64
09:40:25,9.63
09:40:29,9.61
09:40:30,9.6
09:40:32,9.59
09:40:34,9.6
09:40:35,9.59
09:40:36,9.58
09:40:38,9.57
09:40:39,9.58
09:40:44,9.56
09:40:45,9.57
09:40:47,9.56
09:40:49,9.57
09:40:52,9.56
09:40:52,9.55
09:40:54,9.54
09:40:54,9.55
09:40:56,9.54
09:40:56,9.55
09:40:58,9.56
09:41:00,9.55
09:41:02,9.56
09:41:02,9.55
09:41:04,9.56
09:41:05,9.55
09:41:06,9.56
09:41:06,9.57
09:41:07,9.58
09:41:09,9.56
09:41:10,9.57
09:41:12,9.56
09:41:14,9.57
09:41:14,9.58
09:41:16,9.57
09:41:18,9.58
09:41:22,9.57
09:41:24,9.58
09:41:24,9.57
09:41:25,9.58
09:41:26,9.57
09:41:27,9.58
09:41:31,9.57
09:41:32,9.56
09:41:32,9.57
09:41:33,9.56
09:41:35,9.57
09:41:39,9.56
09:41:44,9.57
09:41:45,9.53
09:41:46,9.55
09:41:46,9.57
09:41:48,9.56
09:41:55,9.55
09:41:59,9.56
09:42:02,9.57
09:42:02,9.56
09:42:05,9.55
09:42:08,9.54
09:42:08,9.55
09:42:11,9.54
09:42:12,9.55
09:42:13,9.54
09:42:13,9.53
09:42:14,9.51
09:42:15,9.52
09:42:16,9.53
09:42:17,9.52
09:42:18,9.53
09:42:21,9.52
09:42:22,9.51
09:42:24,9.52
09:42:24,9.53
09:42:25,9.54
09:42:29,9.53
09:42:29,9.54
09:42:33,9.55
09:42:33,9.56
09:42:36,9.55
09:42:40,9.56
09:42:40,9.55
09:42:41,9.56
09:42:44,9.58
09:42:45,9.57
09:42:46,9.58
09:42:49,9.57
09:42:49,9.58
09:42:50,9.59
09:42:50,9.58
09:42:51,9.59
09:42:55,9.6
09:42:58,9.59
09:42:58,9.62
09:43:00,9.61
09:43:01,9.62
09:43:02,9.61
09:43:03,9.62
09:43:04,9.59
09:43:05,9.6
09:43:09,9.59
09:43:11,9.6
09:43:14,9.61
09:43:17,9.6
09:43:18,9.62
09:43:19,9.61
09:43:20,9.62
09:43:21,9.6
09:43:22,9.61
09:43:23,9.6
09:43:25,9.61
09:43:26,9.6
09:43:28,9.61
09:43:28,9.62
09:43:29,9.61
09:43:29,9.64
09:43:30,9.61
09:43:30,9.64
09:43:33,9.65
09:43:33,9.64
09:43:38,9.63
09:43:39,9.64
09:43:40,9.63
09:43:44,9.64
09:43:46,9.65
09:43:46,9.64
09:43:48,9.66
09:43:49,9.65
09:44:01,9.66
09:44:03,9.65
09:44:04,9.66
09:44:05,9.67
09:44:09,9.66
09:44:09,9.67
09:44:11,9.66
09:44:13,9.67
09:44:13,9.65
09:44:21,9.66
09:44:25,9.65
09:44:28,9.64
09:44:28,9.63
09:44:33,9.64
09:44:36,9.63
09:44:37,9.64
09:44:55,9.62
09:45:07,9.63
09:45:08,9.62
09:45:08,9.63
09:45:10,9.62
09:45:12,9.63
09:45:15,9.62
09:45:24,9.63
09:45:25,9.64
09:45:31,9.65
09:45:32,9.64
09:45:33,9.63
09:45:35,9.64
09:45:36,9.63
09:45:39,9.62
09:45:46,9.61
09:45:47,9.6
09:45:52,9.61
09:45:53,9.6
09:46:02,9.61
09:46:02,9.6
09:46:04,9.61
09:46:06,9.62
09:46:07,9.63
09:46:08,9.64
09:46:13,9.63
09:46:16,9.64
09:46:21,9.63
09:46:29,9.62
09:46:39,9.63
09:46:39,9.62
09:46:40,9.63
09:46:41,9.62
09:46:49,9.61
09:46:50,9.62
09:46:50,9.61
09:46:52,9.62
09:46:52,9.61
09:47:23,9.6
09:47:45,9.59
09:47:46,9.58
09:47:47,9.56
09:47:47,9.57
09:47:48,9.56
09:47:52,9.57
09:47:53,9.58
09:47:58,9.57
09:47:59,9.58
09:48:00,9.57
09:48:03,9.58
09:48:05,9.57
09:48:12,9.58
09:48:13,9.57
09:48:15,9.59
09:48:16,9.6
09:48:16,9.61
09:48:20,9.6
09:48:21,9.61
09:48:25,9.6
09:48:29,9.59
09:48:30,9.6
09:48:36,9.61
09:48:37,9.62
09:48:47,9.61
09:48:49,9.62
09:48:51,9.61
09:48:53,9.6
09:48:58,9.61
09:49:01,9.6
09:49:15,9.59
09:49:21,9.6
09:49:24,9.59
09:49:28,9.58
09:49:31,9.59
09:49:32,9.58
09:49:50,9.59
09:49:51,9.57
09:49:56,9.56
09:49:57,9.55
09:49:57,9.58
09:49:58,9.57
09:49:59,9.58
09:50:04,9.59
09:50:05,9.58
09:50:17,9.57
09:50:17,9.58
09:50:18,9.57
09:50:19,9.56
09:50:21,9.55
09:50:22,9.56
09:50:25,9.55
09:50:27,9.56
09:50:28,9.55
09:50:33,9.56
09:50:36,9.57
09:50:38,9.58
09:50:38,9.56
09:50:39,9.58
09:50:40,9.57
09:50:52,9.56
09:51:00,9.57
09:51:01,9.56
09:51:15,9.57
09:51:44,9.56
09:51:46,9.57
09:51:47,9.56
09:51:52,9.57
09:51:55,9.56
09:51:56,9.55
09:52:01,9.56
09:52:03,9.55
09:52:04,9.53
09:52:04,9.54
09:52:04,9.55
09:52:10,9.56
09:52:10,9.55
09:52:30,9.56
09:52:30,9.55
09:52:32,9.56
09:52:35,9.55
09:52:37,9.56
09:52:44,9.57
09:52:45,9.56
09:52:45,9.57
09:52:49,9.58
09:52:51,9.57
09:52:54,9.56
09:53:19,9.55
09:53:20,9.56
09:53:23,9.55
09:53:24,9.56
09:53:26,9.55
09:53:29,9.56
09:53:30,9.55
09:53:36,9.54
09:53:37,9.55
09:53:39,9.54
09:53:40,9.55
09:53:54,9.54
09:54:04,9.55
09:54:06,9.54
09:54:09,9.55
09:54:09,9.54
09:54:10,9.55
09:54:11,9.54
09:54:14,9.55
09:54:19,9.54
09:54:23,9.55
09:54:26,9.54
09:54:33,9.53
09:54:45,9.52
09:54:45,9.54
09:54:46,9.53
09:54:46,9.54
09:54:49,9.53
09:54:50,9.54
09:54:52,9.55
09:54:56,9.54
09:54:59,9.55
09:55:03,9.54
09:55:05,9.55
09:55:11,9.54
09:55:14,9.55
09:55:18,9.53
09:55:20,9.54
09:55:30,9.55
09:55:31,9.54
09:55:32,9.53
09:55:34,9.54
09:55:35,9.53
09:55:40,9.54
09:55:42,9.53
09:55:45,9.54
09:55:46,9.53
09:55:51,9.54
09:55:57,9.53
09:56:02,9.54
09:56:04,9.55
09:56:08,9.54
09:56:11,9.55
09:56:31,9.54
09:56:35,9.53
09:56:38,9.54
09:56:44,9.52
09:56:59,9.53
09:57:02,9.52
09:57:02,9.53
09:57:06,9.52
09:57:10,9.53
09:57:32,9.54
09:57:34,9.53
09:57:38,9.54
09:57:39,9.53
09:58:15,9.52
09:58:20,9.53
09:58:35,9.54
09:58:36,9.53
09:58:36,9.54
09:58:39,9.55
09:58:43,9.54
09:58:46,9.53
09:58:47,9.54
09:58:48,9.55
09:58:58,9.56
09:59:01,9.55
09:59:01,9.56
09:59:08,9.54
09:59:08,9.55
09:59:16,9.54
09:59:17,9.55
09:59:17,9.54
09:59:19,9.55
09:59:22,9.54
09:59:27,9.55
09:59:52,9.56
09:59:56,9.55
09:59:56,9.56
10:00:08,9.57
10:00:08,9.56
10:00:09,9.57
10:00:10,9.58
10:00:11,9.57
10:00:12,9.59
10:00:15,9.6
10:00:22,9.61
10:00:26,9.6
10:00:28,9.61
10:00:34,9.62
10:00:38,9.63
10:00:46,9.62
10:00:48,9.63
10:00:48,9.62
10:00:50,9.61
10:01:04,9.62
10:01:04,9.63
10:01:05,9.65
10:01:11,9.64
10:01:13,9.63
10:01:17,9.62
10:01:18,9.63
10:01:20,9.62
10:01:21,9.63
10:01:22,9.62
10:01:29,9.63
10:01:29,9.62
10:01:34,9.63
10:01:34,9.62
10:01:36,9.63
10:01:37,9.62
10:01:38,9.63
10:01:40,9.62
10:01:41,9.61
10:01:45,9.6
10:01:47,9.59
10:01:49,9.6
10:01:50,9.58
10:01:50,9.59
10:01:55,9.6
10:01:57,9.61
10:02:06,9.62
10:02:09,9.63
10:02:11,9.64
10:02:12,9.63
10:02:21,9.64
10:02:26,9.63
10:02:31,9.64
10:02:32,9.63
10:02:45,9.64
10:02:53,9.65
10:02:54,9.64
10:02:57,9.65
10:02:58,9.64
10:03:16,9.63
10:03:17,9.64
10:03:36,9.65
10:03:41,9.66
10:03:49,9.67
10:03:50,9.66
10:03:51,9.65
10:03:58,9.66
10:04:12,9.65
10:04:12,9.66
10:04:19,9.65
10:04:28,9.63
10:04:28,9.66
10:04:30,9.63
10:04:39,9.62
10:04:41,9.63
10:04:48,9.62
10:04:48,9.61
10:04:49,9.6
10:04:50,9.61
10:04:51,9.6
10:05:02,9.61
10:05:06,9.62
10:05:07,9.61
10:05:09,9.62
10:05:09,9.61
10:05:13,9.62
10:05:18,9.63
10:05:21,9.64
10:05:36,9.65
10:05:38,9.64
10:05:46,9.63
10:05:51,9.64
10:06:24,9.65
10:06:26,9.66
10:06:29,9.68
10:06:30,9.67
10:06:33,9.68
10:06:42,9.67
10:06:54,9.68
10:06:59,9.67
10:07:08,9.68
10:07:17,9.69
10:07:18,9.68
10:07:18,9.69
10:07:20,9.68
10:07:26,9.67
10:07:27,9.68
10:07:45,9.67
10:07:47,9.68
10:07:49,9.67
10:07:50,9.68
10:08:13,9.69
10:08:16,9.68
10:08:16,9.69
10:08:50,9.7
10:08:50,9.71
10:08:51,9.7
10:08:52,9.71
10:08:54,9.7
10:08:55,9.71
10:08:56,9.7
10:09:01,9.71
10:09:10,9.7
10:09:15,9.71
10:09:25,9.7
10:09:27,9.71
10:09:28,9.7
10:09:29,9.71
10:09:30,9.7
10:09:31,9.71
10:09:38,9.7
10:09:42,9.71
10:09:42,9.7
10:09:54,9.71
10:10:04,9.7
10:10:05,9.71
10:10:30,9.7
10:10:32,9.71
10:10:33,9.7
10:10:34,9.71
10:10:36,9.72
10:10:37,9.73
10:10:57,9.74
10:11:02,9.73
10:11:02,9.74
10:11:07,9.75
10:11:11,9.76
10:11:12,9.75
10:11:13,9.76
10:11:17,9.77
10:11:28,9.75
10:11:33,9.76
10:11:45,9.75
10:11:49,9.76
10:11:50,9.77
10:11:53,9.76
10:11:55,9.77
10:11:57,9.76
10:11:57,9.75
10:11:58,9.76
10:11:59,9.75
10:11:59,9.76
10:12:02,9.75
10:12:02,9.74
10:12:03,9.73
10:12:05,9.74
10:12:07,9.73
10:12:12,9.74
10:12:16,9.73
10:12:19,9.74
10:12:20,9.72
10:12:20,9.71
10:12:27,9.72
10:12:28,9.73
10:12:28,9.74
10:12:35,9.75
10:12:36,9.73
10:12:37,9.74
10:13:09,9.73
10:13:10,9.74
10:13:13,9.73
10:13:19,9.74
10:13:20,9.75
10:13:29,9.74
10:13:52,9.75
10:13:58,9.76
10:13:59,9.77
10:14:00,9.76
10:14:01,9.77
10:14:09,9.76
10:14:09,9.77
10:14:24,9.76
10:14:38,9.77
10:14:39,9.78
10:14:40,9.77
10:14:41,9.78
10:14:43,9.77
10:14:44,9.78
10:14:52,9.77
10:15:10,9.76
10:15:12,9.77
10:15:26,9.76
10:15:39,9.77
10:16:00,9.76
10:16:05,9.77
10:16:07,9.76
10:16:08,9.75
10:16:10,9.74
10:16:16,9.75
10:16:17,9.74
10:16:22,9.73
10:16:22,9.74
10:16:27,9.75
10:16:27,9.76
10:16:28,9.74
10:16:36,9.75
10:16:43,9.76
10:16:44,9.77
10:16:54,9.76
10:16:55,9.77
10:16:58,9.76
10:17:00,9.77
10:17:08,9.76
10:17:08,9.77
10:17:08,9.78
10:17:10,9.77
10:17:13,9.78
10:17:21,9.77
10:17:21,9.79
10:17:22,9.78
10:17:27,9.79
10:17:30,9.78
10:17:30,9.77
10:17:34,9.78
10:17:54,9.79
10:17:55,9.85
10:17:56,9.83
10:17:56,9.82
10:18:00,9.83
10:18:01,9.82
10:18:03,9.83
10:18:05,9.82
10:18:06,9.8
10:18:09,9.81
10:18:11,9.8
10:18:20,9.81
10:18:21,9.82
10:18:22,9.83
10:18:22,9.84
10:18:23,9.82
10:18:23,9.84
10:18:25,9.83
10:18:39,9.82
10:18:44,9.83
10:18:51,9.82
10:18:52,9.83
10:18:55,9.82
10:18:57,9.83
10:19:01,9.84
10:19:09,9.83
10:19:10,9.84
10:19:11,9.83
10:19:16,9.82
10:19:18,9.83
10:19:34,9.84
10:19:39,9.83
10:19:39,9.84
10:19:40,9.82
10:19:42,9.83
10:19:42,9.84
10:19:44,9.83
10:19:48,9.84
10:19:52,9.83
10:19:55,9.84
10:19:57,9.83
10:19:58,9.84
10:20:05,9.85
10:20:09,9.84
10:20:09,9.79
10:20:10,9.8
10:20:10,9.81
10:20:11,9.82
10:20:11,9.81
10:20:13,9.82
10:20:16,9.81
10:20:20,9.8
10:20:21,9.79
10:20:22,9.8
10:20:26,9.79
10:20:28,9.8
10:20:30,9.79
10:20:31,9.8
10:20:37,9.79
10:20:55,9.8
10:20:55,9.79
10:20:56,9.78
10:21:09,9.79
10:21:10,9.78
10:21:17,9.79
10:21:18,9.8
10:21:19,9.79
10:21:20,9.8
10:21:21,9.81
10:21:22,9.82
10:21:24,9.81
10:21:24,9.82
10:21:25,9.81
10:21:26,9.82
10:21:30,9.83
10:21:35,9.84
10:21:47,9.86
10:22:02,9.85
10:22:16,9.84
10:22:20,9.83
10:22:50,9.82
10:22:51,9.83
10:23:00,9.84
10:23:01,9.83
10:23:08,9.84
10:23:10,9.83
10:23:18,9.82
10:23:33,9.83
10:23:44,9.82
10:23:45,9.81
10:23:46,9.82
10:23:47,9.81
10:23:48,9.82
10:24:07,9.81
10:24:33,9.8
10:24:33,9.79
10:24:38,9.8
10:24:45,9.81
10:24:45,9.82
10:25:32,9.81
10:25:37,9.82
10:25:39,9.83
10:25:40,9.84
10:25:42,9.83
10:25:45,9.81
10:25:48,9.8
10:25:49,9.79
10:26:00,9.8
10:26:01,9.81
10:26:09,9.8
10:26:09,9.81
10:26:24,9.8
10:26:26,9.81
10:26:34,9.8
10:26:35,9.81
10:26:36,9.8
10:26:58,9.79
10:26:58,9.8
10:27:03,9.79
10:27:06,9.8
10:27:06,9.79
10:27:18,9.78
10:27:18,9.77
10:27:39,9.76
10:27:41,9.77
10:27:42,9.76
10:27:54,9.77
10:27:56,9.76
10:27:57,9.77
10:28:46,9.78
10:28:53,9.77
10:29:20,9.78
10:29:20,9.76
10:29:22,9.77
10:29:26,9.76
10:29:26,9.77
10:29:28,9.76
10:29:31,9.75
10:29:36,9.74
10:29:36,9.73
10:29:38,9.74
10:29:39,9.75
10:30:07,9.76
10:30:11,9.75
10:30:21,9.76
10:30:36,9.75
10:30:36,9.74
10:30:45,9.73
10:31:12,9.74
10:31:19,9.73
10:31:20,9.74
10:31:27,9.75
10:31:33,9.76
10:31:35,9.77
10:31:51,9.78
10:31:56,9.77
10:32:00,9.78
10:32:32,9.79
10:32:38,9.78
10:32:57,9.79
10:33:03,9.78
10:33:11,9.79
10:33:16,9.8
10:33:18,9.79
10:33:19,9.8
10:33:21,9.81
10:33:25,9.82
10:33:31,9.83
10:33:33,9.82
10:33:47,9.83
10:33:47,9.84
10:33:50,9.83
10:33:52,9.84
10:33:54,9.83
10:34:15,9.82
10:34:19,9.81
10:34:20,9.82
10:34:26,9.81
10:34:49,9.82
10:34:54,9.81
10:34:55,9.82
10:34:55,9.81
10:34:58,9.82
10:35:01,9.83
10:35:04,9.82
10:35:26,9.83
10:35:31,9.82
10:35:41,9.83
10:36:02,9.82
10:36:06,9.83
10:36:08,9.84
10:36:10,9.85
10:36:12,9.84
10:36:14,9.85
10:36:26,9.84
10:36:27,9.85
10:36:32,9.84
10:36:53,9.85
10:37:05,9.84
10:37:06,9.85
10:37:11,9.84
10:37:23,9.85
10:37:23,9.84
10:37:37,9.85
10:38:09,9.84
10:38:09,9.83
10:38:40,9.82
10:38:51,9.81
10:38:53,9.82
10:38:54,9.83
10:39:08,9.82
10:39:16,9.81
10:39:21,9.8
10:39:27,9.81
10:39:40,9.8
10:39:52,9.81
10:39:54,9.8
10:40:09,9.81
10:40:10,9.82
10:40:19,9.81
10:40:25,9.82
10:40:28,9.8
10:40:31,9.81
10:40:34,9.8
10:40:53,9.81
10:41:06,9.8
10:41:12,9.81
10:41:12,9.8
10:41:22,9.81
10:41:22,9.8
10:41:36,9.81
10:41:54,9.8
10:41:58,9.81
10:42:01,9.8
10:42:19,9.81
10:42:20,9.8
10:42:22,9.81
10:42:23,9.8
10:42:24,9.81
10:42:40,9.82
10:42:43,9.81
10:42:49,9.82
10:43:02,9.81
10:43:09,9.82
10:43:09,9.81
10:43:10,9.82
10:43:11,9.83
10:43:25,9.82
10:43:26,9.81
10:43:29,9.82
10:43:41,9.81
10:43:52,9.82
10:43:52,9.81
10:44:03,9.82
10:44:04,9.81
10:44:19,9.82
10:44:21,9.81
10:44:32,9.8
10:44:57,9.81
10:45:22,9.82
10:45:22,9.83
10:45:29,9.82
10:45:44,9.83
10:45:48,9.82
10:46:19,9.81
10:46:22,9.82
10:46:33,9.83
10:46:34,9.82
10:46:43,9.83
10:46:46,9.82
10:46:54,9.83
10:47:07,9.84
10:47:10,9.83
10:47:16,9.84
10:47:18,9.85
10:47:19,9.84
10:47:24,9.85
10:47:42,9.84
10:48:04,9.85
10:48:15,9.84
10:48:19,9.85
10:48:35,9.84
10:48:56,9.85
10:49:05,9.86
10:49:09,9.87
10:49:12,9.88
10:49:16,9.87
10:49:18,9.88
10:49:19,9.89
10:49:24,9.9
10:49:32,9.89
10:49:37,9.9
10:49:40,9.89
10:49:41,9.88
10:49:50,9.87
10:49:51,9.88
10:49:52,9.87
10:49:53,9.86
10:50:24,9.87
10:50:30,9.86
10:50:39,9.87
10:50:40,9.88
10:50:50,9.89
10:50:57,9.88
10:51:04,9.87
10:51:17,9.88
10:51:23,9.87
10:51:32,9.88
10:51:35,9.87
10:51:40,9.88
10:52:09,9.89
10:52:12,9.88
10:52:13,9.87
10:52:16,9.88
10:52:37,9.87
10:52:41,9.88
10:52:56,9.87
10:52:57,9.88
10:53:08,9.87
10:53:11,9.88
10:53:24,9.87
10:53:56,9.86
10:53:57,9.87
10:53:57,9.86
10:54:11,9.87
10:54:22,9.88
10:54:41,9.87
10:54:56,9.88
10:55:33,9.89
10:55:42,9.88
10:55:45,9.89
10:55:57,9.88
10:56:07,9.89
10:56:12,9.9
10:56:14,9.89
10:56:16,9.88
10:56:16,9.87
10:56:17,9.86
10:56:17,9.84
10:56:20,9.85
10:56:20,9.89
10:56:21,9.9
10:56:25,9.89
10:56:26,9.88
10:56:37,9.87
10:56:37,9.88
10:56:43,9.87
10:56:55,9.88
10:56:59,9.87
10:57:08,9.88
10:57:14,9.87
10:57:29,9.88
10:57:30,9.89
10:57:32,9.88
10:57:43,9.89
10:57:48,9.88
10:58:06,9.89
10:58:06,9.88
10:58:09,9.89
10:58:16,9.9
10:58:17,9.91
10:58:28,9.92
10:58:47,9.91
10:58:49,9.92
10:58:51,9.93
10:58:55,9.94
10:58:58,9.95
10:59:02,9.94
10:59:10,9.93
10:59:11,9.92
10:59:12,9.93
10:59:25,9.92
10:59:47,9.93
11:00:03,9.94
11:00:05,9.93
11:00:07,9.94
11:00:28,9.96
11:00:43,9.97
11:00:47,9.98
11:00:50,9.97
11:00:51,9.98
11:00:52,9.97
11:01:01,9.98
11:01:01,10
11:01:02,9.99
11:01:05,10
11:01:05,9.99
11:01:08,9.98
11:01:08,9.99
11:01:12,10
11:01:16,9.99
11:01:16,10
11:01:20,9.99
11:01:22,10.01
11:01:27,10.02
11:01:30,10.03
11:01:30,10.02
11:01:31,10.03
11:01:31,10.02
11:01:34,10.01
11:01:35,10.02
11:01:38,10.01
11:01:41,10.02
11:01:47,10.04
11:01:48,10.05
11:01:48,10.04
11:01:50,10.05
11:01:51,10.04
11:01:51,10.05
11:01:52,10.07
11:01:53,10.06
11:01:54,10.09
11:01:55,10.08
11:01:58,10.07
11:02:03,10.08
11:02:03,10.07
11:02:05,10.06
11:02:14,10.07
11:02:15,10.06
11:02:15,10.07
11:02:19,10.08
11:02:20,10.07
11:02:21,10.08
11:02:21,10.07
11:02:29,10.08
11:02:30,10.07
11:02:33,10.08
11:02:35,10.07
11:02:39,10.08
11:02:41,10.07
11:02:42,10.08
11:02:44,10.07
11:02:51,10.08
11:02:51,10.07
11:02:52,10.08
11:02:54,10.07
11:02:57,10.08
11:02:58,10.07
11:03:03,10.04
11:03:07,10.05
11:03:14,10.04
11:03:15,10.05
11:03:16,10.04
11:03:19,10.05
11:03:20,10.04
11:03:21,10.05
11:03:22,10.04
11:03:23,10.05
11:03:24,10.04
11:03:27,10.05
11:03:29,10.06
11:03:30,10.05
11:03:31,10.06
11:03:33,10.05
11:03:36,10.06
11:03:36,10.03
11:03:37,10.05
11:03:43,10.09
11:03:44,10.11
11:03:45,10.09
11:03:45,10.1
11:03:46,10.09
11:03:49,10.08
11:03:50,10.09
11:03:52,10.1
11:03:53,10.11
11:03:53,10.12
11:03:56,10.11
11:03:58,10.12
11:04:00,10.11
11:04:00,10.13
11:04:03,10.14
11:04:04,10.13
11:04:06,10.12
11:04:06,10.13
11:04:09,10.12
11:04:10,10.11
11:04:13,10.1
11:04:14,10.12
11:04:16,10.11
11:04:21,10.12
11:04:23,10.11
11:04:32,10.1
11:04:35,10.08
11:04:40,10.09
11:04:41,10.11
11:04:42,10.1
11:05:03,10.11
11:05:05,10.1
11:05:11,10.09
11:05:15,10.08
11:05:16,10.09
11:05:18,10.1
11:05:18,10.09
11:05:19,10.1
11:05:20,10.09
11:05:21,10.08
11:05:25,10.09
11:05:30,10.1
11:05:33,10.09
11:05:35,10.1
11:05:35,10.09
11:05:39,10.1
11:06:00,10.11
11:06:00,10.1
11:06:05,10.11
11:06:06,10.1
11:06:06,10.11
11:06:07,10.1
11:06:13,10.11
11:06:15,10.1
11:06:22,10.11
11:06:26,10.1
11:06:31,10.11
11:06:33,10.1
11:06:51,10.11
11:06:56,10.1
11:07:01,10.11
11:07:03,10.1
11:07:16,10.11
11:07:20,10.1
11:07:23,10.11
11:07:28,10.1
11:07:33,10.09
11:07:34,10.1
11:07:35,10.09
11:07:41,10.1
11:07:41,10.09
11:07:43,10.1
11:07:44,10.09
11:07:46,10.1
11:07:46,10.09
11:07:48,10.1
11:07:53,10.09
11:08:06,10.1
11:08:20,10.09
11:08:21,10.1
11:08:22,10.09
11:08:22,10.1
11:08:22,10.09
11:08:24,10.1
11:08:25,10.09
11:08:27,10.1
11:08:28,10.09
11:08:46,10.1
11:08:46,10.09
11:08:52,10.1
11:08:53,10.09
11:09:09,10.1
11:09:10,10.09
11:09:14,10.1
11:09:17,10.09
11:09:21,10.1
11:09:33,10.09
11:09:34,10.1
11:09:42,10.09
11:09:44,10.07
11:09:44,10.08
11:09:45,10.07
11:09:50,10.06
11:09:51,10.07
11:09:51,10.06
11:09:52,10.07
11:09:59,10.08
11:10:02,10.07
11:10:08,10.08
11:10:20,10.09
11:10:21,10.08
11:10:22,10.09
11:10:29,10.08
11:10:30,10.09
11:10:31,10.08
11:10:32,10.07
11:10:38,10.08
11:10:45,10.07
11:10:52,10.08
11:10:53,10.09
11:10:53,10.08
11:11:02,10.09
11:11:12,10.08
11:11:14,10.09
11:11:15,10.07
11:11:20,10.08
11:11:24,10.07
11:11:28,10.08
11:11:29,10.07
11:11:34,10.08
11:11:47,10.07
11:11:47,10.05
11:11:48,10.06
11:11:49,10.05
11:11:50,10.06
11:11:54,10.05
11:12:05,10.06
11:12:23,10.05
11:12:24,10.06
11:12:30,10.05
11:12:31,10.06
11:12:31,10.05
11:12:33,10.06
11:12:43,10.05
11:12:46,10.06
11:12:46,10.05
11:12:48,10.06
11:13:01,10.07
11:13:04,10.08
11:13:11,10.07
11:13:17,10.08
11:13:27,10.07
11:13:30,10.08
11:13:42,10.07
11:13:50,10.08
11:14:04,10.07
11:14:05,10.08
11:14:11,10.07
11:14:13,10.08
11:14:27,10.09
11:14:52,10.1
11:14:52,10.11
11:14:57,10.1
11:15:02,10.11
11:15:04,10.1
11:15:05,10.11
11:15:06,10.1
11:15:09,10.09
11:15:10,10.1
11:15:16,10.09
11:15:29,10.08
11:15:30,10.07
11:15:32,10.08
11:15:34,10.07
11:15:35,10.08
11:15:35,10.07
11:15:46,10.08
11:15:49,10.09
11:15:57,10.08
11:15:58,10.1
11:15:59,10.09
11:16:20,10.08
11:16:39,10.09
11:16:48,10.1
11:17:05,10.09
11:17:06,10.1
11:17:41,10.12
11:17:43,10.11
11:18:04,10.1
11:18:08,10.11
11:18:08,10.1
11:18:28,10.11
11:18:37,10.1
11:18:43,10.11
11:18:46,10.1
11:18:46,10.11
11:18:51,10.1
11:19:01,10.09
11:19:03,10.1
11:19:05,10.09
11:19:06,10.08
11:19:06,10.09
11:19:25,10.08
11:19:26,10.09
11:19:29,10.08
11:19:37,10.09
11:19:38,10.08
11:19:39,10.09
11:19:40,10.08
11:19:45,10.09
11:19:54,10.08
11:19:58,10.09
11:19:58,10.1
11:20:10,10.09
11:20:16,10.1
11:21:11,10.11
11:21:16,10.1
11:21:46,10.11
11:21:54,10.12
11:21:55,10.11
11:21:57,10.12
11:22:13,10.11
11:22:16,10.12
11:22:20,10.11
11:22:20,10.12
11:22:28,10.13
11:22:32,10.12
11:22:33,10.13
11:22:38,10.14
11:22:43,10.15
11:22:44,10.14
11:22:44,10.17
11:22:45,10.16
11:22:45,10.17
11:22:48,10.16
11:22:51,10.17
11:22:52,10.18
11:23:01,10.17
11:23:02,10.18
11:23:04,10.17
11:23:05,10.18
11:23:06,10.17
11:23:06,10.18
11:23:11,10.17
11:23:12,10.18
11:23:15,10.19
11:23:18,10.17
11:23:19,10.19
11:23:22,10.18
11:23:23,10.19
11:23:27,10.18
11:23:31,10.19
11:23:45,10.18
11:23:46,10.19
11:23:47,10.18
11:23:47,10.19
11:23:50,10.18
11:23:52,10.19
11:24:04,10.18
11:24:06,10.19
11:24:06,10.18
11:24:07,10.19
11:24:07,10.18
11:24:11,10.19
11:24:14,10.2
11:24:30,10.19
11:24:39,10.2
11:24:48,10.21
11:24:50,10.2
11:24:51,10.21
11:24:51,10.22
11:24:52,10.21
11:24:52,10.22
11:25:00,10.23
11:25:01,10.24
11:25:02,10.22
11:25:03,10.21
11:25:04,10.22
11:25:04,10.21
11:25:06,10.22
11:25:08,10.21
11:25:15,10.22
11:25:16,10.21
11:25:20,10.22
11:25:23,10.21
11:25:34,10.22
11:25:36,10.21
11:25:37,10.22
11:25:43,10.21
11:25:44,10.19
11:25:48,10.2
11:25:48,10.19
11:25:59,10.2
11:26:00,10.19
11:26:10,10.18
11:26:13,10.19
11:26:13,10.18
11:26:15,10.19
11:26:16,10.18
11:26:24,10.19
11:26:24,10.18
11:26:34,10.19
11:26:48,10.2
11:26:53,10.21
11:27:03,10.22
11:27:12,10.21
11:27:12,10.22
11:27:15,10.21
11:27:16,10.22
11:27:17,10.23
11:27:22,10.21
11:27:25,10.2
11:27:26,10.21
11:27:38,10.2
11:27:58,10.21
11:28:00,10.2
11:28:09,10.21
11:28:25,10.2
11:28:28,10.21
11:28:29,10.2
11:28:39,10.19
11:28:40,10.18
11:28:42,10.19
11:28:44,10.18
11:28:57,10.19
11:29:09,10.18
11:29:10,10.19
11:29:12,10.18
11:29:24,10.19
11:29:33,10.18
11:29:36,10.19
11:29:57,10.18
11:30:10,10.19
11:30:13,10.18
11:30:15,10.19
11:30:19,10.18
11:30:19,10.19
11:30:20,10.18
11:30:32,10.19
11:30:37,10.18
11:30:48,10.19
11:30:50,10.18
11:30:54,10.19
11:31:15,10.2
11:31:28,10.21
11:31:52,10.22
11:31:56,10.21
11:31:57,10.22
11:32:13,10.23
11:32:57,10.22
11:32:58,10.23
11:33:10,10.22
11:33:18,10.21
11:33:21,10.22
11:33:50,10.21
11:33:59,10.22
11:34:12,10.21
11:34:18,10.22
11:34:20,10.21
11:34:30,10.22
11:34:31,10.21
11:34:33,10.2
11:34:36,10.19
11:34:41,10.2
11:34:46,10.19
11:34:48,10.2
11:34:52,10.19
11:35:12,10.2
11:35:25,10.21
11:35:42,10.2
11:35:51,10.21
11:35:56,10.2
11:36:24,10.19
11:36:25,10.17
11:36:47,10.18
11:36:49,10.17
11:37:09,10.18
11:37:17,10.17
11:37:50,10.18
11:38:30,10.19
11:38:42,10.18
11:38:43,10.19
11:39:06,10.18
11:39:09,10.16
11:39:14,10.15
11:39:33,10.16
11:39:34,10.15
11:40:05,10.14
11:40:06,10.13
11:40:06,10.15
11:40:10,10.16
11:40:18,10.15
11:40:19,10.16
11:40:23,10.15
11:40:52,10.16
11:40:53,10.15
11:41:05,10.16
11:41:17,10.15
11:41:19,10.14
11:41:40,10.15
11:41:40,10.14
11:41:42,10.15
11:41:43,10.14
11:41:51,10.13
11:41:51,10.12
11:41:51,10.13
11:41:59,10.14
11:42:26,10.15
11:42:29,10.14
11:42:30,10.15
11:42:48,10.14
11:43:01,10.15
11:43:11,10.14
11:43:12,10.15
11:43:18,10.14
11:43:24,10.15
11:43:32,10.14
11:43:35,10.15
11:44:00,10.16
11:44:15,10.15
11:45:12,10.14
11:45:16,10.15
11:45:39,10.14
11:45:43,10.13
11:45:54,10.14
11:46:11,10.15
11:46:11,10.14
11:46:12,10.15
11:46:14,10.14
11:46:16,10.15
11:46:16,10.14
11:46:25,10.13
11:46:25,10.14
11:46:54,10.15
11:46:55,10.16
11:47:06,10.17
11:47:35,10.16
11:47:56,10.17
11:48:02,10.16
11:48:09,10.18
11:49:13,10.17
11:49:26,10.18
11:49:37,10.17
11:49:59,10.18
11:50:25,10.19
11:50:46,10.18
11:50:47,10.17
11:51:00,10.18
11:51:56,10.17
11:52:06,10.18
11:52:19,10.17
11:52:26,10.18
11:52:27,10.17
11:52:33,10.18
11:52:50,10.17
11:53:11,10.16
11:53:26,10.17
11:53:38,10.16
11:53:38,10.15
11:53:44,10.14
11:53:45,10.15
11:53:48,10.14
11:54:00,10.15
11:54:03,10.14
11:54:52,10.15
11:54:59,10.14
11:55:09,10.15
11:55:19,10.14
11:55:34,10.15
11:55:39,10.14
11:55:42,10.15
11:55:43,10.14
11:55:47,10.15
11:55:48,10.14
11:56:04,10.15
11:56:05,10.14
11:56:21,10.15
11:56:22,10.14
11:56:51,10.15
11:56:51,10.14
11:57:00,10.15
11:57:00,10.14
11:57:31,10.15
11:57:34,10.14
11:57:35,10.13
11:57:38,10.14
11:58:19,10.13
11:58:22,10.14
11:58:38,10.13
11:58:39,10.14
11:58:44,10.13
11:58:50,10.14
11:58:57,10.13
11:59:08,10.14
11:59:09,10.13
11:59:09,10.14
11:59:34,10.13
11:59:41,10.14
12:00:02,10.13
12:00:07,10.14
12:00:17,10.15
12:00:20,10.14
12:00:50,10.15
12:00:52,10.14
12:00:52,10.15
12:01:05,10.16
12:01:09,10.17
12:01:10,10.16
12:01:10,10.17
12:01:11,10.16
12:01:11,10.17
12:01:19,10.16
12:01:23,10.17
12:01:29,10.18
12:01:31,10.19
12:01:35,10.18
12:01:36,10.19
12:01:42,10.18
12:01:45,10.19
12:01:59,10.18
12:02:01,10.19
12:02:01,10.18
12:02:02,10.19
12:02:03,10.18
12:02:07,10.19
12:02:10,10.18
12:02:12,10.19
12:02:13,10.18
12:02:24,10.19
12:02:35,10.18
12:02:40,10.19
12:02:42,10.18
12:02:48,10.19
12:02:48,10.18
12:03:04,10.19
12:03:05,10.18
12:03:08,10.19
12:03:10,10.18
12:03:31,10.19
12:03:33,10.18
12:03:55,10.19
12:04:12,10.18
12:04:13,10.19
12:04:48,10.2
12:05:14,10.19
12:05:20,10.2
12:05:21,10.19
12:05:22,10.2
12:05:22,10.19
12:05:40,10.18
12:05:42,10.19
12:05:58,10.2
12:06:04,10.19
12:06:12,10.2
12:06:29,10.21
12:06:29,10.2
12:06:30,10.21
12:06:43,10.22
12:07:21,10.21
12:07:26,10.22
12:07:38,10.21
12:07:41,10.22
12:07:48,10.21
12:07:56,10.22
12:08:02,10.21
12:08:15,10.22
12:09:00,10.21
12:09:03,10.22
12:09:12,10.21
12:09:18,10.2
12:09:19,10.19
12:09:50,10.17
12:09:50,10.16
12:10:05,10.17
12:10:11,10.16
12:10:25,10.17
12:10:34,10.16
12:10:36,10.17
12:10:42,10.16
12:11:05,10.15
12:11:09,10.16
12:11:10,10.15
12:11:13,10.1
12:11:13,10.11
12:11:15,10.1
12:11:16,10.11
12:11:18,10.12
12:11:26,10.11
12:11:29,10.12
12:11:31,10.11
12:11:40,10.12
12:11:41,10.11
12:11:44,10.12
12:11:49,10.11
12:11:49,10.12
12:12:05,10.13
12:12:09,10.14
12:12:17,10.15
12:12:28,10.14
12:12:33,10.15
12:12:36,10.14
12:12:40,10.13
12:13:00,10.14
12:13:00,10.11
12:13:19,10.12
12:13:24,10.13
12:13:45,10.14
12:14:05,10.15
12:14:21,10.14
12:14:23,10.15
12:14:51,10.14
12:15:07,10.15
12:15:09,10.14
12:15:30,10.15
12:16:01,10.14
12:16:03,10.15
12:16:19,10.14
12:16:30,10.15
12:16:58,10.16
12:17:16,10.15
12:17:16,10.16
12:17:28,10.17
12:17:40,10.16
12:17:43,10.17
12:17:49,10.16
12:17:52,10.17
12:17:59,10.16
12:18:02,10.17
12:18:03,10.16
12:18:12,10.17
12:18:19,10.16
12:19:31,10.17
12:19:33,10.16
12:19:54,10.17
12:20:08,10.16
12:20:09,10.14
12:20:09,10.16
12:20:25,10.15
12:20:36,10.14
12:20:40,10.13
12:20:44,10.14
12:20:45,10.13
12:20:46,10.12
12:21:19,10.13
12:21:28,10.12
12:21:29,10.11
12:21:30,10.13
12:21:32,10.12
12:21:36,10.13
12:21:44,10.12
12:21:46,10.14
12:21:55,10.13
12:22:01,10.14
12:22:15,10.13
12:22:30,10.14
12:22:32,10.13
12:22:35,10.14
12:22:38,10.13
12:23:33,10.14
12:24:03,10.15
12:24:25,10.14
12:24:29,10.15
12:24:35,10.14
12:24:39,10.15
12:24:43,10.14
12:24:44,10.15
12:24:49,10.16
12:25:06,10.15
12:25:09,10.16
12:25:12,10.15
12:25:14,10.16
12:25:22,10.15
12:25:24,10.16
12:25:25,10.15
12:25:39,10.16
12:25:49,10.17
12:25:54,10.18
12:26:02,10.17
12:26:16,10.16
12:26:17,10.17
12:26:23,10.16
12:26:50,10.17
12:27:06,10.16
12:28:03,10.17
12:28:11,10.16
12:28:24,10.17
12:28:58,10.16
12:29:11,10.17
12:29:58,10.18
12:30:18,10.17
12:30:22,10.18
12:30:32,10.17
12:30:33,10.18
12:31:22,10.17
12:31:23,10.18
12:31:31,10.19
12:31:36,10.18
12:31:38,10.19
12:31:38,10.18
12:31:42,10.19
12:31:44,10.18
12:31:47,10.19
12:32:02,10.18
12:32:03,10.19
12:32:04,10.18
12:32:04,10.19
12:32:13,10.2
12:32:19,10.19
12:32:23,10.2
12:32:23,10.19
12:32:28,10.2
12:32:32,10.19
12:32:33,10.2
12:32:35,10.19
12:32:38,10.17
12:32:39,10.18
12:32:41,10.19
12:32:48,10.18
12:32:57,10.19
12:32:57,10.2
12:32:58,10.19
12:33:12,10.2
12:33:33,10.19
12:33:38,10.2
12:33:52,10.19
12:33:53,10.2
12:34:29,10.21
12:34:29,10.22
12:34:34,10.21
12:34:35,10.22
12:34:45,10.21
12:34:48,10.22
12:34:57,10.21
12:34:58,10.22
12:35:00,10.21
12:35:07,10.2
12:35:21,10.21
12:35:24,10.2
12:35:30,10.21
12:35:42,10.22
12:35:43,10.23
12:35:56,10.22
12:35:56,10.23
12:36:00,10.22
12:36:22,10.21
12:36:34,10.22
12:37:16,10.23
12:37:29,10.22
12:38:20,10.21
12:38:48,10.22
12:39:14,10.21
12:39:14,10.22
12:39:16,10.21
12:39:53,10.22
12:40:03,10.21
12:40:28,10.22
12:40:38,10.23
12:40:39,10.22
12:40:39,10.23
12:40:57,10.22
12:40:57,10.23
12:41:06,10.22
12:41:20,10.21
12:41:21,10.22
12:41:47,10.21
12:42:01,10.22
12:42:41,10.21
12:42:42,10.22
12:42:42,10.23
12:42:56,10.24
12:43:33,10.23
12:43:34,10.24
12:43:36,10.23
12:43:36,10.24
12:43:55,10.26
12:43:59,10.27
12:44:02,10.26
12:44:14,10.27
12:44:15,10.28
12:44:17,10.27
12:45:01,10.28
12:45:03,10.27
12:45:04,10.28
12:45:05,10.27
12:45:23,10.26
12:45:23,10.25
12:45:24,10.26
12:45:25,10.25
12:45:25,10.26
12:45:31,10.25
12:45:38,10.26
12:45:53,10.27
12:46:00,10.26
12:46:20,10.27
12:46:20,10.26
12:46:29,10.27
12:46:29,10.25
12:46:32,10.26
12:46:39,10.25
12:46:47,10.26
12:46:48,10.25
12:47:07,10.26
12:47:10,10.25
12:47:11,10.26
12:47:16,10.25
12:48:04,10.26
12:48:18,10.25
12:48:24,10.24
12:48:27,10.25
12:48:27,10.24
12:48:45,10.23
12:49:20,10.24
12:49:41,10.23
12:49:42,10.24
12:49:58,10.23
12:50:03,10.24
12:50:11,10.23
12:50:14,10.24
12:50:22,10.25
12:50:23,10.24
12:50:49,10.25
12:50:58,10.24
12:51:20,10.27
12:51:36,10.26
12:51:41,10.25
12:51:42,10.26
12:51:50,10.25
12:51:51,10.26
12:51:52,10.27
12:51:55,10.26
12:52:27,10.25
12:52:28,10.26
12:52:46,10.27
12:53:03,10.26
12:53:32,10.27
12:53:52,10.26
12:54:08,10.27
12:54:15,10.26
12:54:18,10.27
12:54:44,10.28
12:54:59,10.29
12:55:01,10.28
12:55:09,10.27
12:55:34,10.28
12:55:42,10.27
12:56:07,10.26
12:56:32,10.25
12:56:37,10.26
12:56:45,10.25
12:57:06,10.26
12:57:54,10.25
12:57:56,10.26
12:57:57,10.27
12:58:09,10.26
12:58:14,10.27
12:58:25,10.26
12:58:26,10.27
12:58:36,10.26
12:58:37,10.27
12:58:40,10.26
12:58:42,10.27
12:58:45,10.26
12:59:59,10.27
13:00:02,10.28
13:00:05,10.3
13:00:07,10.31
13:00:08,10.32
13:00:12,10.34
13:00:14,10.35
13:00:15,10.36
13:00:16,10.35
13:00:18,10.36
13:00:19,10.35
13:00:20,10.36
13:00:23,10.35
13:00:24,10.36
13:00:24,10.35
13:00:25,10.32
13:00:26,10.33
13:00:26,10.32
13:00:27,10.34
13:00:29,10.33
13:00:32,10.34
13:00:42,10.33
13:00:50,10.34
13:00:59,10.33
13:00:59,10.34
13:01:07,10.33
13:01:10,10.34
13:01:23,10.33
13:01:24,10.34
13:01:25,10.33
13:01:39,10.34
13:01:46,10.33
13:01:52,10.32
13:01:53,10.31
13:01:59,10.32
13:02:05,10.31
13:02:10,10.32
13:02:23,10.31
13:02:28,10.32
13:02:29,10.31
13:02:31,10.32
13:02:39,10.33
13:02:40,10.35
13:02:42,10.34
13:02:45,10.33
13:02:47,10.34
13:02:54,10.35
13:02:57,10.34
13:03:01,10.35
13:03:02,10.29
13:03:02,10.3
13:03:03,10.29
13:03:03,10.28
13:03:15,10.3
13:03:17,10.31
13:03:18,10.32
13:03:27,10.31
13:03:27,10.28
13:03:29,10.27
13:03:30,10.26
13:03:31,10.27
13:03:44,10.26
13:03:45,10.27
13:03:47,10.26
13:03:50,10.27
13:04:00,10.26
13:04:07,10.27
13:04:11,10.26
13:04:12,10.25
13:04:13,10.24
13:04:13,10.21
13:04:14,10.23
13:04:18,10.24
13:04:19,10.23
13:04:23,10.24
13:04:24,10.23
13:04:26,10.24
13:04:32,10.25
13:04:36,10.26
13:04:51,10.25
13:04:53,10.24
13:04:54,10.25
13:04:54,10.26
13:04:55,10.27
13:05:13,10.26
13:05:28,10.32
13:05:29,10.33
13:05:31,10.34
13:05:31,10.33
13:05:34,10.32
13:05:35,10.33
13:05:37,10.32
13:05:55,10.31
13:05:55,10.32
13:05:58,10.31
13:06:15,10.32
13:06:17,10.33
13:06:19,10.35
13:06:27,10.34
13:06:28,10.32
13:06:33,10.31
13:06:34,10.32
13:06:39,10.31
13:06:43,10.3
13:06:43,10.31
13:06:45,10.3
13:06:47,10.31
13:06:55,10.3
13:06:59,10.31
13:07:04,10.3
13:07:25,10.29
13:07:40,10.28
13:07:52,10.27
13:07:58,10.29
13:08:00,10.28
13:08:17,10.29
13:08:18,10.35
13:08:20,10.34
13:08:20,10.3
13:08:24,10.31
13:08:30,10.3
13:08:38,10.31
13:08:38,10.32
13:08:50,10.33
13:08:58,10.32
13:08:59,10.31
13:09:00,10.3
13:09:01,10.31
13:09:08,10.32
13:09:12,10.31
13:09:12,10.32
13:09:18,10.33
13:09:30,10.32
13:09:40,10.33
13:09:50,10.32
13:09:51,10.31
13:10:03,10.32
13:10:10,10.31
13:10:13,10.32
13:10:14,10.31
13:10:22,10.32
13:10:28,10.31
13:10:28,10.3
13:10:38,10.31
13:10:51,10.32
13:11:03,10.31
13:11:06,10.33
13:11:26,10.32
13:11:27,10.33
13:11:28,10.32
13:11:31,10.33
13:11:36,10.31
13:11:50,10.32
13:12:25,10.31
13:12:53,10.3
13:13:11,10.31
13:13:27,10.3
13:13:28,10.29
13:13:40,10.3
13:13:47,10.29
13:14:15,10.3
13:14:16,10.29
13:15:14,10.28
13:15:15,10.27
13:15:15,10.28
13:15:37,10.27
13:15:40,10.28
13:16:08,10.29
13:16:47,10.28
13:16:47,10.27
13:16:57,10.28
13:17:13,10.27
13:17:20,10.28
13:17:27,10.27
13:17:28,10.26
13:17:33,10.25
13:17:36,10.26
13:17:37,10.27
13:17:55,10.28
13:17:58,10.27
13:18:21,10.28
13:18:30,10.27
13:19:00,10.28
13:19:00,10.27
13:19:04,10.28
13:19:18,10.27
13:19:19,10.28
13:19:26,10.27
13:19:27,10.26
13:19:27,10.27
13:19:44,10.26
13:20:19,10.25
13:20:20,10.26
13:20:39,10.27
13:20:44,10.28
13:20:59,10.27
13:21:04,10.28
13:21:12,10.27
13:21:23,10.26
13:21:24,10.27
13:21:36,10.25
13:21:38,10.26
13:22:03,10.25
13:22:07,10.26
13:22:09,10.25
13:22:13,10.26
13:22:15,10.27
13:23:10,10.28
13:23:10,10.27
13:24:39,10.28
13:24:49,10.29
13:24:56,10.28
13:24:58,10.29
13:25:25,10.28
13:25:33,10.29
13:25:39,10.28
13:26:27,10.27
13:26:53,10.28
13:27:04,10.27
13:28:29,10.28
13:28:45,10.27
13:29:12,10.28
13:29:23,10.29
13:30:00,10.28
13:30:10,10.29
13:30:10,10.28
13:30:19,10.29
13:30:37,10.3
13:31:06,10.29
13:31:13,10.3
13:31:14,10.29
13:31:15,10.3
13:31:23,10.29
13:31:39,10.3
13:31:40,10.29
13:31:51,10.3
13:32:34,10.31
13:32:35,10.3
13:32:37,10.31
13:32:45,10.3
13:33:28,10.29
13:33:30,10.3
13:33:56,10.31
13:33:57,10.3
13:34:07,10.31
13:34:32,10.3
13:34:44,10.31
13:35:34,10.3
13:35:46,10.29
13:36:15,10.3
13:36:24,10.29
13:36:44,10.3
13:36:45,10.29
13:36:45,10.3
13:36:51,10.29
13:37:20,10.3
13:37:26,10.29
13:37:27,10.3
13:37:57,10.29
13:38:27,10.3
13:38:28,10.29
13:38:28,10.3
13:38:32,10.31
13:38:50,10.3
13:38:54,10.31
13:38:57,10.3
13:39:21,10.31
13:39:22,10.3
13:39:39,10.29
13:39:48,10.28
13:39:49,10.27
13:39:56,10.28
13:40:20,10.29
13:40:21,10.28
13:40:23,10.29
13:40:24,10.28
13:40:25,10.27
13:40:56,10.26
13:41:01,10.27
13:41:02,10.26
13:41:09,10.25
13:41:15,10.23
13:41:21,10.24
13:41:34,10.23
13:41:36,10.24
13:41:40,10.23
13:41:41,10.24
13:42:09,10.25
13:42:11,10.24
13:42:15,10.23
13:42:53,10.24
13:42:56,10.23
13:43:08,10.24
13:43:18,10.23
13:43:38,10.24
13:43:50,10.25
13:44:21,10.26
13:44:59,10.27
13:45:03,10.26
13:45:06,10.27
13:46:01,10.26
13:46:17,10.25
13:46:29,10.24
13:46:32,10.23
13:46:47,10.24
13:47:10,10.23
13:47:25,10.24
13:49:09,10.23
13:49:26,10.24
13:50:00,10.23
13:50:02,10.24
13:50:17,10.23
13:50:19,10.22
13:50:29,10.23
13:50:30,10.24
13:50:34,10.23
13:51:06,10.22
13:51:08,10.23
13:51:08,10.22
13:51:22,10.21
13:51:37,10.2
13:51:46,10.21
13:51:52,10.2
13:51:57,10.21
13:52:26,10.2
13:52:52,10.18
13:52:53,10.17
13:52:58,10.18
13:53:08,10.17
13:53:25,10.18
13:53:29,10.17
13:53:38,10.18
13:53:58,10.17
13:54:03,10.18
13:54:07,10.17
13:54:12,10.16
13:54:14,10.17
13:54:43,10.16
13:54:53,10.17
13:54:58,10.16
13:54:58,10.15
13:55:02,10.16
13:55:18,10.17
13:55:36,10.16
13:56:10,10.17
13:56:11,10.16
13:56:21,10.17
13:56:21,10.16
13:56:22,10.17
13:56:22,10.15
13:56:25,10.16
13:56:35,10.15
13:56:37,10.16
13:56:44,10.15
13:57:03,10.16
13:57:12,10.15
13:57:21,10.16
13:57:27,10.17
13:57:57,10.16
13:58:20,10.17
13:58:23,10.16
13:58:23,10.17
13:58:38,10.16
13:59:21,10.17
13:59:29,10.16
13:59:38,10.17
13:59:42,10.16
13:59:46,10.17
13:59:48,10.16
14:00:18,10.17
14:00:20,10.18
14:00:23,10.19
14:00:33,10.18
14:00:34,10.19
14:01:00,10.18
14:01:05,10.19
14:01:14,10.2
14:01:15,10.19
14:02:51,10.2
14:03:21,10.19
14:03:33,10.2
14:03:48,10.19
14:04:12,10.2
14:04:56,10.19
14:05:25,10.2
14:05:29,10.19
14:05:30,10.2
14:05:49,10.21
14:06:33,10.2
14:06:34,10.21
14:07:00,10.2
14:07:00,10.21
14:07:19,10.2
14:07:20,10.21
14:07:22,10.2
14:07:23,10.21
14:07:28,10.2
14:07:53,10.21
14:07:54,10.22
14:07:54,10.21
14:08:07,10.2
14:08:49,10.21
14:09:18,10.22
14:09:48,10.21
14:09:48,10.22
14:10:06,10.21
14:10:16,10.2
14:10:30,10.21
14:10:56,10.22
14:11:14,10.21
14:12:06,10.2
14:12:10,10.21
14:12:15,10.22
14:12:16,10.21
14:12:45,10.22
14:12:51,10.21
14:13:28,10.22
14:14:07,10.23
14:14:47,10.22
14:14:47,10.23
14:14:52,10.22
14:14:55,10.23
14:15:51,10.24
14:16:11,10.23
14:16:11,10.24
14:16:34,10.23
14:16:39,10.24
14:16:41,10.23
14:16:42,10.24
14:16:44,10.23
14:17:04,10.24
14:17:53,10.25
14:18:00,10.24
14:18:03,10.25
14:18:16,10.24
14:18:31,10.25
14:18:51,10.24
14:18:52,10.26
14:19:13,10.25
14:19:31,10.26
14:19:40,10.25
14:19:43,10.26
14:19:44,10.25
14:19:56,10.26
14:19:57,10.25
14:20:05,10.26
14:20:06,10.25
14:20:14,10.26
14:20:26,10.27
14:20:33,10.26
14:20:35,10.27
14:21:01,10.26
14:21:28,10.25
14:22:36,10.26
14:22:45,10.27
14:22:52,10.29
14:22:53,10.28
14:22:55,10.29
14:22:57,10.28
14:22:59,10.29
14:23:05,10.28
14:23:18,10.29
14:23:20,10.28
14:23:21,10.29
14:23:30,10.28
14:23:58,10.29
14:24:10,10.28
14:24:11,10.29
14:24:43,10.28
14:25:21,10.29
14:25:36,10.28
14:25:38,10.29
14:26:22,10.28
14:26:38,10.29
14:26:54,10.28
14:26:57,10.29
14:26:59,10.28
14:27:30,10.29
14:27:33,10.28
14:29:44,10.29
14:29:59,10.28
14:30:00,10.29
14:30:26,10.28
14:30:39,10.29
14:30:43,10.28
14:30:58,10.27
14:32:11,10.26
14:32:16,10.25
14:32:17,10.26
14:32:17,10.25
14:32:26,10.26
14:32:27,10.25
14:32:40,10.26
14:32:45,10.25
14:32:50,10.26
14:32:53,10.25
14:33:01,10.26
14:33:02,10.25
14:33:03,10.26
14:33:04,10.27
14:34:03,10.26
14:34:18,10.27
14:34:35,10.26
14:35:03,10.27
14:35:29,10.28
14:35:34,10.27
14:35:34,10.28
14:35:57,10.27
14:36:07,10.28
14:36:22,10.27
14:36:36,10.29
14:36:56,10.28
14:37:09,10.29
14:37:16,10.28
14:37:24,10.29
14:37:37,10.28
14:37:38,10.29
14:38:03,10.28
14:38:07,10.29
14:38:15,10.28
14:38:42,10.29
14:39:17,10.28
14:39:25,10.29
14:39:29,10.28
14:40:01,10.27
14:40:33,10.28
14:40:38,10.27
14:40:39,10.28
14:40:43,10.29
14:40:47,10.28
14:41:06,10.29
14:41:11,10.28
14:42:53,10.29
14:43:24,10.28
14:43:24,10.27
14:44:07,10.28
14:44:31,10.27
14:44:36,10.28
14:45:05,10.27
14:45:10,10.28
14:45:11,10.27
14:45:35,10.28
14:47:01,10.29
14:47:06,10.28
14:47:07,10.29
14:47:10,10.28
14:47:11,10.27
14:47:15,10.26
14:47:16,10.27
14:47:33,10.26
14:47:56,10.25
14:48:02,10.26
14:48:23,10.25
14:48:31,10.26
14:48:33,10.25
14:48:34,10.26
14:49:01,10.27
14:49:07,10.26
14:49:07,10.27
14:49:23,10.26
14:50:06,10.27
14:50:20,10.3
14:50:29,10.31
14:50:33,10.32
14:50:35,10.33
14:50:36,10.32
14:50:37,10.33
14:50:38,10.32
14:50:38,10.31
14:50:39,10.32
14:50:39,10.31
14:50:40,10.32
14:50:41,10.33
14:50:42,10.32
14:50:42,10.33
14:50:51,10.32
14:50:52,10.34
14:50:53,10.35
14:50:54,10.34
14:51:05,10.35
14:51:05,10.34
14:51:08,10.33
14:51:09,10.34
14:51:11,10.33
14:51:12,10.34
14:51:29,10.33
14:51:31,10.34
14:51:49,10.33
14:51:51,10.34
14:51:54,10.32
14:52:07,10.33
14:52:31,10.32
14:52:33,10.34
14:52:45,10.35
14:53:00,10.34
14:53:07,10.35
14:53:10,10.34
14:53:34,10.35
14:53:37,10.34
14:53:38,10.35
14:53:42,10.36
14:53:45,10.35
14:53:47,10.36
14:53:57,10.35
14:54:01,10.36
14:54:01,10.35
14:54:05,10.36
14:54:13,10.35
14:54:13,10.36
14:54:22,10.35
14:54:29,10.34
14:54:29,10.33
14:54:30,10.34
14:54:30,10.32
14:54:33,10.33
14:54:34,10.32
14:54:35,10.33
14:54:35,10.34
14:54:49,10.33
14:54:58,10.32
14:55:21,10.33
14:55:22,10.34
14:55:47,10.33
14:55:49,10.34
14:56:04,10.33
14:56:12,10.34
14:56:19,10.33
14:56:19,10.32
14:56:56,10.31
14:56:57,10.32
14:57:18,10.33
14:58:04,10.32
14:58:05,10.33
14:58:06,10.32
14:58:22,10.33
14:58:31,10.32
14:59:09,10.33
14:59:12,10.34
14:59:14,10.35
14:59:25,10.36
14:59:35,10.35
14:59:36,10.36
14:59:59,10.35
15:00:41,10.34
15:00:41,10.35
15:00:44,10.34
15:00:47,10.33
15:01:12,10.32
15:01:17,10.33
15:01:19,10.32
15:01:21,10.33
15:01:36,10.32
15:01:39,10.33
15:01:39,10.34
15:01:43,10.33
15:01:45,10.32
15:01:50,10.33
15:02:06,10.32
15:02:09,10.33
15:02:12,10.32
15:02:34,10.31
15:02:41,10.32
15:02:42,10.31
15:02:48,10.3
15:02:54,10.31
15:02:55,10.3
15:02:59,10.29
15:03:15,10.27
15:03:17,10.28
15:03:18,10.27
15:03:21,10.26
15:03:22,10.27
15:03:46,10.28
15:04:17,10.29
15:04:48,10.28
15:05:06,10.27
15:05:18,10.28
15:05:35,10.27
15:06:05,10.28
15:06:14,10.27
15:06:17,10.26
15:06:20,10.27
15:06:21,10.26
15:06:22,10.25
15:06:23,10.24
15:06:23,10.25
15:06:24,10.24
15:06:26,10.25
15:06:31,10.24
15:06:37,10.25
15:06:37,10.26
15:06:38,10.25
15:06:41,10.26
15:06:41,10.25
15:06:43,10.26
15:07:25,10.25
15:07:43,10.26
15:07:58,10.25
15:07:58,10.24
15:08:00,10.23
15:08:01,10.24
15:08:01,10.23
15:08:02,10.22
15:08:06,10.21
15:08:07,10.22
15:08:12,10.23
15:08:13,10.24
15:08:21,10.23
15:08:22,10.24
15:08:34,10.23
15:08:39,10.22
15:08:41,10.23
15:09:15,10.24
15:09:30,10.25
15:09:50,10.24
15:09:52,10.25
15:10:33,10.26
15:10:46,10.27
15:11:40,10.28
15:11:43,10.27
15:11:43,10.28
15:12:01,10.29
15:12:15,10.28
15:12:20,10.29
15:12:35,10.28
15:12:43,10.27
15:12:47,10.26
15:12:56,10.27
15:14:16,10.26
15:14:17,10.27
15:14:18,10.28
15:14:23,10.27
15:14:28,10.28
15:15:09,10.27
15:15:12,10.28
15:15:16,10.27
15:15:41,10.28
15:15:57,10.29
15:15:58,10.28
15:16:12,10.29
15:16:13,10.28
15:16:17,10.27
15:16:31,10.28
15:16:36,10.27
15:16:40,10.26
15:16:45,10.27
15:16:45,10.26
15:17:00,10.27
15:17:23,10.28
15:17:39,10.27
15:18:06,10.28
15:18:09,10.27
15:18:40,10.28
15:19:14,10.27
15:19:18,10.28
15:19:23,10.27
15:19:24,10.26
15:19:26,10.25
15:19:26,10.24
15:19:26,10.23
15:19:27,10.24
15:19:28,10.22
15:19:29,10.23
15:19:30,10.22
15:19:39,10.23
15:19:45,10.22
15:19:49,10.23
15:19:54,10.22
15:20:04,10.23
15:20:10,10.22
15:20:11,10.23
15:20:18,10.21
15:20:23,10.2
15:20:26,10.21
15:20:29,10.22
15:20:30,10.21
15:20:33,10.22
15:20:47,10.23
15:20:56,10.24
15:20:57,10.23
15:21:39,10.24
15:22:26,10.25
15:23:26,10.26
15:23:58,10.25
15:23:58,10.26
15:24:13,10.25
15:24:17,10.26
15:24:28,10.25
15:24:29,10.26
15:25:11,10.25
15:25:14,10.26
15:25:19,10.25
15:25:22,10.26
15:25:23,10.25
15:25:25,10.26
15:25:25,10.25
15:25:28,10.24
15:25:29,10.23
15:25:31,10.24
15:25:37,10.23
15:25:37,10.22
15:25:49,10.23
15:26:07,10.22
15:26:12,10.23
15:27:18,10.24
15:27:18,10.23
15:27:36,10.24
15:27:37,10.23
15:28:23,10.22
15:28:36,10.23
15:28:37,10.21
15:28:39,10.22
15:29:04,10.21
15:29:12,10.22
15:29:15,10.21
15:29:45,10.22
15:29:57,10.21
15:29:57,10.2
15:30:15,10.21
15:30:17,10.2
15:30:28,10.19
15:30:35,10.18
15:30:41,10.19
15:31:00,10.18
15:31:05,10.19
15:31:05,10.18
15:31:11,10.19
15:31:11,10.18
15:31:13,10.19
15:31:53,10.2
15:32:13,10.21
15:32:14,10.2
15:32:18,10.21
15:32:21,10.2
15:32:23,10.21
15:32:28,10.2
15:33:07,10.21
15:33:26,10.22
15:33:38,10.21
15:33:39,10.22
15:33:40,10.21
15:33:41,10.22
15:33:44,10.21
15:33:45,10.22
15:33:49,10.21
15:33:50,10.22
15:34:40,10.21
15:34:46,10.22
15:34:49,10.21
15:34:50,10.22
15:34:59,10.2
15:35:03,10.19
15:35:03,10.18
15:35:05,10.17
15:35:06,10.18
15:35:07,10.17
15:35:11,10.18
15:35:12,10.19
15:35:23,10.15
15:35:23,10.14
15:35:25,10.15
15:35:27,10.16
15:35:45,10.17
15:35:46,10.18
15:36:17,10.19
15:36:44,10.2
15:36:46,10.19
15:36:58,10.18
15:36:59,10.19
15:37:11,10.18
15:37:17,10.19
15:37:40,10.18
15:37:40,10.19
15:37:42,10.18
15:37:47,10.19
15:38:09,10.2
15:38:11,10.19
15:38:26,10.2
15:38:28,10.19
15:38:36,10.18
15:38:48,10.19
15:39:02,10.18
15:39:05,10.19
15:39:08,10.18
15:39:12,10.19
15:39:13,10.18
15:39:21,10.17
15:39:21,10.18
15:40:18,10.19
15:40:20,10.18
15:40:25,10.19
15:40:31,10.18
15:40:56,10.17
15:40:58,10.18
15:41:15,10.17
15:41:16,10.16
15:41:32,10.17
15:41:35,10.16
15:42:12,10.17
15:42:14,10.16
15:42:29,10.17
15:42:31,10.16
15:42:33,10.17
15:42:37,10.16
15:42:46,10.17
15:43:09,10.16
15:43:10,10.15
15:43:31,10.14
15:43:32,10.15
15:44:03,10.16
15:44:04,10.15
15:44:05,10.16
15:44:21,10.17
15:44:30,10.16
15:44:31,10.17
15:44:31,10.16
15:44:38,10.17
15:44:43,10.16
15:44:44,10.17
15:45:13,10.16
15:45:15,10.17
15:45:19,10.16
15:45:20,10.17
15:45:46,10.18
15:45:47,10.17
15:45:51,10.18
15:45:58,10.17
15:45:59,10.18
15:46:00,10.17
15:46:05,10.18
15:46:13,10.19
15:46:35,10.21
15:46:43,10.2
15:46:57,10.19
15:46:58,10.2
15:47:09,10.21
15:47:14,10.2
15:47:26,10.21
15:47:33,10.2
15:47:40,10.21
15:47:48,10.2
15:48:06,10.19
15:48:41,10.18
15:48:45,10.19
15:48:52,10.18
15:48:57,10.19
15:49:09,10.18
15:49:09,10.19
15:49:33,10.2
15:49:37,10.19
15:49:45,10.2
15:49:56,10.19
15:50:02,10.2
15:50:04,10.19
15:50:14,10.2
15:50:14,10.19
15:50:18,10.18
15:50:26,10.19
15:50:45,10.18
15:50:49,10.19
15:50:55,10.18
15:51:07,10.17
15:51:07,10.16
15:51:25,10.17
15:51:27,10.16
15:51:29,10.17
15:51:29,10.16
15:51:31,10.17
15:51:51,10.18
15:52:03,10.19
15:52:17,10.2
15:52:18,10.19
15:52:25,10.2
15:52:26,10.19
15:52:26,10.2
15:52:30,10.19
15:52:31,10.2
15:52:31,10.19
15:52:51,10.18
15:52:52,10.19
15:52:52,10.18
15:52:57,10.19
15:53:08,10.18
15:53:09,10.19
15:53:30,10.18
15:53:30,10.19
15:53:35,10.18
15:53:41,10.19
15:53:44,10.18
15:53:49,10.19
15:53:57,10.18
15:54:00,10.19
15:54:01,10.18
15:54:01,10.19
15:54:04,10.18
15:54:06,10.19
15:54:07,10.18
15:54:10,10.19
15:54:17,10.18
15:54:22,10.19
15:54:27,10.18
15:54:28,10.19
15:54:36,10.18
15:54:37,10.19
15:54:41,10.18
15:54:42,10.19
15:54:42,10.18
15:54:46,10.19
15:54:55,10.18
15:54:57,10.19
15:55:03,10.18
15:55:05,10.19
15:55:08,10.2
15:55:09,10.19
15:55:10,10.2
15:55:15,10.19
15:55:16,10.18
15:55:25,10.19
15:55:37,10.18
15:55:44,10.19
15:56:10,10.18
15:56:11,10.19
15:56:39,10.18
15:56:40,10.19
15:57:08,10.18
15:57:08,10.19
15:57:10,10.18
15:57:12,10.19
15:57:46,10.18
15:57:49,10.19
15:58:05,10.18
15:58:05,10.19
15:58:35,10.18
15:58:37,10.19
15:59:14,10.18
15:59:17,10.19
15:59:19,10.18
15:59:20,10.19
15:59:36,10.18
15:59:36,10.19
15:59:36,10.18
15:59:37,10.19
15:59:38,10.18
15:59:38,10.19
15:59:42,10.18
15:59:42,10.19
15:59:44,10.18
15:59:45,10.19
15:59:46,10.18
15:59:48,10.19
15:59:55,10.18
15:59:56,10.17
15:59:57,10.18
15:59:59,10.17
16:00:00,10.18
16:00:02,10.17
16:00:03,10.18
16:00:05,10.16
16:00:50,10.18
16:02:23,10.16
16:03:29,10.17
16:10:18,10.16
16:16:21,10.17
16:16:38,10.2
17:21:34,10.25
17:24:18,10.21
17:58:23,10.22
18:12:06,10.24
18:25:42,10.21
18:30:53,10.24
18:38:13,10.22
18:41:14,10.24
