08:18:00,42.04
08:18:01,42
09:17:01,42.69
09:30:13,42.7
09:30:48,42.49
09:30:48,42
09:30:51,42.45
09:30:53,42.24
09:30:54,42.47
09:31:00,42.01
09:31:04,42.06
09:31:07,42.1
09:31:12,42.21
09:31:14,42.23
09:31:14,42.07
09:31:15,42.27
09:31:23,42.3
09:31:24,42.45
09:31:24,42.3
09:31:26,42.5
09:31:26,42.42
09:31:27,42.31
09:31:31,42.49
09:31:40,42.35
09:31:40,42.31
09:31:41,42.3
09:32:06,42.28
09:32:11,42.18
09:32:18,42.33
09:32:18,42.22
09:32:30,42.33
09:32:30,42.23
09:32:39,42.33
09:32:48,42.21
09:32:49,42.31
09:32:52,42.18
09:32:55,42.41
09:33:09,42.29
09:33:09,42.33
09:33:10,42.31
09:33:26,42.42
09:33:32,42.47
09:33:34,42.44
09:33:35,42.54
09:33:36,42.58
09:33:40,42.68
09:34:05,42.54
09:34:36,42.56
09:34:39,42.62
09:35:04,42.72
09:35:17,42.5
09:35:19,42.75
09:35:25,42.51
09:35:27,42.68
09:35:29,42.52
09:35:31,42.61
09:35:34,42.58
09:35:38,42.56
09:35:42,42.57
09:35:50,42.67
09:36:12,42.71
09:36:37,42.78
09:36:47,42.68
09:36:50,42.78
09:37:01,42.62
09:37:03,42.69
09:37:27,42.65
09:37:30,42.74
09:37:34,42.6
09:37:34,42.5
09:37:36,42.64
09:37:38,42.65
09:37:40,42.63
09:37:40,42.51
09:37:41,42.62
09:37:43,42.57
09:38:11,42.5
09:38:29,42.51
09:38:33,42.41
09:38:35,42.34
09:38:41,42.58
09:38:41,42.47
09:38:44,42.35
09:39:04,42.44
09:39:10,42.43
09:39:28,42.44
09:39:29,42.41
09:39:30,42.34
09:39:31,42.44
09:39:32,42.4
09:39:33,42.45
09:39:33,42.41
09:39:35,42.37
09:39:50,42.34
09:39:52,42.35
09:39:53,42.29
09:39:53,42.25
09:39:57,42.26
09:40:02,42.24
09:40:04,42.26
09:40:04,42.25
09:40:04,42.29
09:40:07,42.26
09:40:10,42.28
09:40:12,42.27
09:40:12,42.28
09:40:14,42.31
09:40:19,42.3
09:40:20,42.31
09:40:33,42.33
09:40:35,42.34
09:40:38,42.29
09:40:40,42.28
09:40:42,42.24
09:40:46,42.25
09:40:52,42.28
09:40:59,42.23
09:41:01,42.22
09:41:02,42.18
09:41:02,42.16
09:41:03,42.17
09:41:09,42.14
09:41:10,42.12
09:41:13,42.13
09:41:15,42.2
09:41:15,42.25
09:41:16,42.21
09:41:21,42.14
09:41:23,42.16
09:41:24,42.11
09:41:25,42.05
09:41:25,42.06
09:41:26,42.05
09:41:32,42.12
09:41:32,42.07
09:41:36,42.06
09:41:40,42.1
09:41:40,42.06
09:41:43,42.05
09:41:45,42.1
09:41:45,42.05
09:41:47,42.06
09:41:48,42.03
09:41:48,42.06
09:41:49,42.04
09:41:50,42.06
09:41:53,42.08
09:41:56,42.02
09:41:57,42
09:42:00,42.09
09:42:04,42.11
09:42:06,42.1
09:42:08,42.09
09:42:09,42.12
09:42:09,42.05
09:42:10,42.04
09:42:10,42.14
09:42:12,42.15
09:42:12,42.09
09:42:17,42.17
09:42:18,42.09
09:42:26,42.1
09:42:33,42.18
09:42:41,42.15
09:42:52,42
09:42:54,42.11
09:42:56,42.08
09:43:01,42.2
09:43:03,42.22
09:43:04,42.23
09:43:11,42.27
09:43:13,42.28
09:43:18,42.31
09:43:35,42.27
09:43:35,42.19
09:43:36,42.17
09:43:52,42.21
09:43:53,42.2
09:44:04,42.22
09:44:13,42.17
09:44:15,42.19
09:44:17,42.21
09:44:17,42.19
09:44:22,42.21
09:44:24,42.15
09:44:25,42.14
09:44:27,42.16
09:44:34,42.14
09:44:40,42.13
09:44:57,42.15
09:45:00,42.18
09:45:10,42.23
09:45:11,42.18
09:45:16,42.1
09:45:18,42.17
09:45:24,42.22
09:45:26,42.24
09:45:36,42.16
09:45:41,42.24
09:45:49,42.25
09:46:11,42.3
09:46:12,42.27
09:46:14,42.3
09:46:17,42.29
09:46:20,42.26
09:46:21,42.23
09:46:23,42.29
09:46:26,42.22
09:46:40,42.14
09:46:40,42.18
09:46:41,42.1
09:46:41,42.15
09:46:43,42.12
09:46:45,42.13
09:46:49,42.16
09:46:53,42.17
09:46:54,42.12
09:46:55,42.13
09:46:59,42.09
09:47:11,42.11
09:47:17,42.17
09:47:26,42.13
09:47:36,42.19
09:47:38,42.11
09:47:39,42.15
09:47:41,42.11
09:47:51,42.07
09:47:57,42.09
09:47:57,42.05
09:48:03,42.1
09:48:05,42.04
09:48:09,42.07
09:48:10,42.1
09:48:10,42.06
09:48:12,42.08
09:48:16,42.05
09:48:16,42.06
09:48:21,42.11
09:48:22,42.05
09:48:28,42.08
09:48:42,42.07
09:48:44,42.06
09:48:48,42.07
09:48:50,42.03
09:48:51,42.07
09:49:01,42.05
09:49:02,42
09:49:03,42.02
09:49:03,42
09:49:06,42.02
09:49:14,42.06
09:49:16,42.07
09:49:18,42.08
09:49:18,42.11
09:49:18,42.06
09:49:19,42.03
09:49:20,42.08
09:49:24,42.06
09:49:26,42
09:49:27,42.09
09:49:28,42.03
09:49:30,42.04
09:49:39,42.08
09:49:40,42.04
09:49:57,42.03
09:50:00,42.02
09:50:02,42.04
09:50:12,42
09:50:15,42.01
09:50:27,41.97
09:50:27,41.94
09:50:28,41.96
09:50:34,41.95
09:50:37,42.02
09:50:37,41.97
09:50:39,42.02
09:50:40,42.04
09:50:43,42.07
09:50:44,42.01
09:50:49,42.02
09:50:52,41.98
09:50:56,42.09
09:50:59,42.05
09:51:07,42.04
09:51:07,42.1
09:51:08,42.09
09:51:09,42.02
09:51:10,42.05
09:51:19,42.11
09:51:32,42.06
09:51:43,42.07
09:51:55,42.06
09:52:02,42.11
09:52:16,42.08
09:52:18,42.1
09:52:19,42.07
09:52:20,42.03
09:52:21,42.02
09:52:28,42.04
09:52:39,42.03
09:52:44,42.08
09:52:46,42.14
09:52:48,42.15
09:53:01,42.12
09:53:05,42.13
09:53:30,42.1
09:53:45,42.09
09:53:46,42.1
09:53:50,42.05
09:53:58,42.07
09:53:59,42.06
09:54:23,42.03
09:54:26,42
09:54:26,41.98
09:54:26,41.99
09:54:27,41.96
09:54:28,42.01
09:54:31,42.02
09:54:35,42.05
09:54:38,42.06
09:54:39,42.04
09:54:39,42.03
09:54:40,42.01
09:54:47,42
09:54:50,42.03
09:54:54,42
09:55:12,42.05
09:55:15,42.03
09:55:30,42.05
09:55:33,42.04
09:55:42,42.05
09:55:42,42.02
09:55:42,42.01
09:55:52,41.99
09:55:53,41.96
09:56:02,41.97
09:56:02,42
09:56:09,41.97
09:56:10,41.95
09:56:18,41.98
09:56:23,41.94
09:56:23,41.95
09:56:25,41.92
09:56:27,41.95
09:56:31,41.91
09:56:34,41.95
09:56:54,41.92
09:56:57,41.91
09:56:58,41.96
09:57:00,41.98
09:57:01,42.01
09:57:03,42.02
09:57:06,41.99
09:57:13,41.96
09:57:26,41.98
09:57:28,41.94
09:57:48,41.98
09:57:50,42
09:57:57,41.98
09:58:00,41.95
09:58:06,41.98
09:58:15,41.94
09:58:16,41.85
09:58:16,41.82
09:58:24,41.85
09:58:24,41.83
09:58:29,41.86
09:58:33,41.84
09:58:40,41.82
09:58:42,41.79
09:58:48,41.8
09:58:53,41.85
09:58:58,41.86
09:59:09,41.85
09:59:10,41.82
09:59:18,41.88
09:59:35,41.83
09:59:49,41.87
10:00:08,41.88
10:00:09,41.9
10:00:14,41.88
10:00:14,41.84
10:00:14,41.82
10:00:17,41.77
10:00:18,41.81
10:00:23,41.85
10:00:23,41.79
10:00:24,41.85
10:00:25,41.84
10:00:27,41.87
10:00:32,41.85
10:00:36,41.84
10:00:40,41.88
10:00:42,41.9
10:00:54,41.94
10:00:56,41.95
10:01:13,41.99
10:01:15,42.04
10:01:15,42
10:01:16,42.02
10:01:24,42.03
10:01:24,42.02
10:01:25,41.99
10:01:25,42
10:01:26,41.97
10:01:26,41.99
10:01:26,42
10:01:28,41.99
10:01:31,41.98
10:01:34,41.99
10:01:35,41.95
10:01:43,41.93
10:01:47,41.97
10:01:48,41.99
10:01:53,41.97
10:01:55,41.98
10:01:59,41.97
10:02:03,42.02
10:02:03,42
10:02:04,41.99
10:02:04,42
10:02:04,41.99
10:02:06,41.98
10:02:08,42
10:02:08,41.99
10:02:11,42
10:02:11,42.01
10:02:12,42.05
10:02:19,42.02
10:02:26,42.03
10:02:32,42
10:02:32,41.98
10:02:33,42
10:02:42,41.97
10:02:45,41.99
10:02:50,41.97
10:02:56,42.01
10:02:58,41.99
10:02:59,42
10:03:06,41.99
10:03:07,42.03
10:03:18,42.01
10:03:24,42.06
10:03:31,42.03
10:03:31,42.02
10:03:33,42.01
10:03:34,42
10:03:40,42.05
10:03:48,42.04
10:04:00,42.11
10:04:08,42.08
10:04:10,42.09
10:04:14,42.11
10:04:17,42.16
10:04:17,42.17
10:04:20,42.2
10:04:20,42.23
10:04:21,42.2
10:04:22,42.21
10:04:25,42.15
10:04:28,42.12
10:04:39,42.13
10:04:49,42.15
10:04:59,42.07
10:05:00,42.11
10:05:01,42.08
10:05:11,42.11
10:05:12,42.12
10:05:14,42.13
10:05:16,42.14
10:05:23,42.12
10:05:37,42.11
10:05:42,42.12
10:05:52,42.15
10:05:57,42.18
10:06:04,42.17
10:06:07,42.19
10:06:14,42.2
10:06:25,42.21
10:06:27,42.17
10:06:28,42.16
10:06:32,42.15
10:06:34,42.19
10:06:37,42.15
10:06:37,42.13
10:06:44,42.14
10:06:50,42.15
10:07:07,42.13
10:07:12,42.14
10:07:14,42.17
10:07:19,42.19
10:07:41,42.17
10:07:45,42.18
10:07:47,42.15
10:07:47,42.17
10:08:09,42.19
10:08:28,42.22
10:08:28,42.24
10:08:29,42.23
10:08:30,42.22
10:08:34,42.24
10:08:44,42.25
10:09:02,42.26
10:09:03,42.3
10:09:05,42.32
10:09:15,42.29
10:09:15,42.33
10:09:15,42.34
10:09:18,42.26
10:09:18,42.3
10:09:19,42.27
10:09:21,42.28
10:09:22,42.31
10:09:22,42.28
10:09:23,42.27
10:09:25,42.28
10:09:27,42.26
10:09:31,42.28
10:09:48,42.31
10:09:57,42.3
10:09:58,42.29
10:10:00,42.3
10:10:08,42.31
10:10:08,42.3
10:10:12,42.34
10:10:12,42.31
10:10:14,42.3
10:10:15,42.33
10:10:38,42.36
10:10:44,42.35
10:10:55,42.36
10:10:55,42.35
10:10:57,42.36
10:10:58,42.34
10:11:00,42.36
10:11:33,42.37
10:11:55,42.36
10:12:14,42.37
10:12:15,42.36
10:12:15,42.35
10:12:16,42.36
10:12:16,42.37
10:12:18,42.36
10:12:22,42.33
10:12:28,42.31
10:12:32,42.29
10:12:34,42.27
10:12:38,42.26
10:12:40,42.28
10:12:47,42.25
10:12:47,42.26
10:12:58,42.22
10:13:09,42.28
10:13:19,42.22
10:13:21,42.26
10:13:24,42.23
10:13:33,42.26
10:13:37,42.23
10:13:41,42.27
10:13:41,42.25
10:13:44,42.26
10:13:48,42.25
10:13:48,42.23
10:13:49,42.22
10:14:23,42.25
10:14:24,42.26
10:14:48,42.27
10:15:02,42.26
10:15:14,42.3
10:15:25,42.29
10:15:30,42.32
10:15:42,42.36
10:15:47,42.37
10:15:51,42.36
10:15:54,42.4
10:15:59,42.37
10:16:05,42.39
10:16:12,42.4
10:16:15,42.39
10:16:17,42.4
10:16:17,42.41
10:16:19,42.39
10:16:26,42.4
10:16:31,42.41
10:16:39,42.35
10:16:45,42.34
10:16:46,42.32
10:16:51,42.35
10:16:57,42.34
10:16:59,42.33
10:17:05,42.34
10:17:08,42.33
10:17:08,42.32
10:17:08,42.29
10:17:14,42.25
10:17:17,42.24
10:17:22,42.26
10:17:25,42.27
10:17:33,42.24
10:17:56,42.26
10:18:06,42.27
10:18:17,42.28
10:18:18,42.29
10:18:26,42.3
10:18:32,42.31
10:18:57,42.34
10:20:32,42.29
10:20:32,42.3
10:20:33,42.29
10:20:34,42.27
10:20:34,42.26
10:20:38,42.23
10:20:40,42.22
10:20:52,42.26
10:20:53,42.25
10:20:58,42.26
10:21:00,42.29
10:21:13,42.25
10:21:19,42.26
10:21:21,42.27
10:21:25,42.26
10:21:31,42.28
10:22:27,42.32
10:22:37,42.34
10:22:41,42.33
10:22:44,42.35
10:22:46,42.33
10:23:02,42.34
10:23:05,42.33
10:23:05,42.31
10:23:07,42.33
10:23:12,42.34
10:23:13,42.33
10:23:19,42.32
10:23:20,42.33
10:23:21,42.34
10:23:23,42.32
10:23:29,42.31
10:23:29,42.28
10:23:32,42.26
10:23:38,42.24
10:23:38,42.26
10:23:54,42.28
10:23:54,42.27
10:23:56,42.28
10:24:02,42.29
10:24:06,42.28
10:24:27,42.29
10:24:29,42.28
10:24:41,42.29
10:24:44,42.28
10:24:44,42.25
10:24:55,42.23
10:24:57,42.24
10:24:59,42.26
10:25:18,42.27
10:25:19,42.28
10:25:26,42.27
10:25:52,42.29
10:25:59,42.27
10:26:02,42.28
10:26:03,42.27
10:26:15,42.3
10:26:40,42.32
10:26:40,42.33
10:27:52,42.34
10:28:14,42.31
10:28:15,42.29
10:28:34,42.28
10:28:41,42.26
10:28:58,42.27
10:29:21,42.28
10:29:22,42.26
10:29:36,42.24
10:29:36,42.22
10:29:44,42.25
10:29:56,42.26
10:30:04,42.28
10:30:07,42.29
10:30:21,42.31
10:30:22,42.35
10:30:33,42.34
10:30:36,42.32
10:30:49,42.33
10:30:52,42.32
10:30:52,42.33
10:31:14,42.34
10:31:17,42.35
10:31:39,42.43
10:31:51,42.44
10:32:15,42.47
10:32:17,42.48
10:32:18,42.46
10:32:23,42.45
10:32:24,42.46
10:32:27,42.45
10:32:27,42.48
10:32:42,42.47
10:32:47,42.53
10:32:48,42.58
10:32:51,42.6
10:32:55,42.68
10:32:55,42.65
10:32:55,42.62
10:32:56,42.64
10:32:57,42.65
10:33:16,42.63
10:33:22,42.61
10:33:23,42.62
10:33:25,42.65
10:33:30,42.63
10:33:53,42.64
10:34:10,42.63
10:34:11,42.65
10:34:44,42.66
10:34:45,42.65
10:34:56,42.63
10:34:59,42.65
10:34:59,42.68
10:34:59,42.66
10:35:00,42.68
10:35:14,42.66
10:35:21,42.67
10:35:23,42.69
10:35:28,42.67
10:35:35,42.7
10:35:44,42.73
10:36:15,42.72
10:36:16,42.74
10:36:17,42.73
10:36:20,42.72
10:36:33,42.74
10:37:03,42.76
10:37:16,42.77
10:37:33,42.79
10:37:44,42.8
10:37:59,42.81
10:38:36,42.8
10:38:45,42.81
10:39:12,42.8
10:39:12,42.79
10:39:13,42.8
10:39:25,42.85
10:39:32,42.84
10:40:03,42.87
10:40:40,42.9
10:40:47,42.91
10:40:49,42.88
10:40:58,42.89
10:40:58,42.9
10:41:28,42.91
10:42:01,42.89
10:42:04,42.86
10:42:04,42.85
10:42:06,42.81
10:42:06,42.8
10:42:07,42.82
10:42:16,42.81
10:42:20,42.82
10:42:22,42.83
10:42:30,42.81
10:42:35,42.78
10:42:36,42.77
10:42:45,42.75
10:43:11,42.73
10:43:17,42.74
10:43:34,42.76
10:44:05,42.77
10:45:21,42.79
10:45:32,42.76
10:45:52,42.75
10:46:02,42.72
10:46:17,42.74
10:46:23,42.75
10:46:29,42.76
10:46:41,42.75
10:46:44,42.71
10:47:16,42.69
10:47:17,42.65
10:47:18,42.68
10:47:48,42.69
10:47:51,42.67
10:48:01,42.69
10:48:01,42.7
10:48:20,42.71
10:48:21,42.72
10:48:21,42.71
10:48:24,42.76
10:48:25,42.7
10:48:27,42.74
10:48:35,42.75
10:48:39,42.72
10:48:40,42.74
10:48:43,42.75
10:48:48,42.73
10:48:54,42.74
10:48:54,42.75
10:48:59,42.76
10:49:07,42.75
10:49:09,42.77
10:49:12,42.8
10:49:32,42.79
10:49:43,42.81
10:49:53,42.79
10:50:01,42.81
10:50:25,42.78
10:50:45,42.8
10:51:11,42.77
10:51:14,42.76
10:51:15,42.78
10:51:22,42.79
10:51:25,42.8
10:51:26,42.82
10:51:26,42.79
10:51:31,42.81
10:51:33,42.85
10:51:44,42.84
10:52:51,42.82
10:52:52,42.85
10:52:53,42.88
10:52:55,42.89
10:52:58,42.92
10:53:09,42.88
10:53:16,42.84
10:53:30,42.88
10:53:33,42.91
10:53:33,42.88
10:53:36,42.91
10:53:39,42.88
10:53:42,42.89
10:53:46,42.87
10:53:55,42.86
10:53:57,42.85
10:54:09,42.84
10:54:14,42.83
10:54:19,42.82
10:54:21,42.81
10:54:23,42.79
10:54:41,42.75
10:54:59,42.71
10:55:03,42.7
10:55:04,42.67
10:55:05,42.69
10:55:10,42.7
10:55:14,42.71
10:55:16,42.72
10:55:20,42.73
10:55:26,42.77
10:55:30,42.78
10:55:30,42.77
10:55:30,42.76
10:55:33,42.78
10:55:38,42.8
10:55:39,42.78
10:55:39,42.8
10:55:39,42.81
10:55:42,42.82
10:55:45,42.84
10:55:51,42.81
10:56:09,42.79
10:56:10,42.78
10:56:10,42.79
10:56:11,42.76
10:56:11,42.8
10:56:12,42.82
10:56:12,42.81
10:56:16,42.83
10:56:19,42.84
10:56:19,42.85
10:56:21,42.88
10:56:22,42.91
10:56:22,42.92
10:56:25,42.93
10:56:26,42.92
10:56:32,42.93
10:56:34,42.97
10:56:34,42.94
10:56:35,42.97
10:56:48,42.98
10:56:56,42.97
10:57:12,42.99
10:58:11,42.97
10:58:32,43
10:58:32,43.01
10:58:32,42.99
10:58:34,43.03
10:58:50,42.97
10:58:51,42.99
10:58:57,43.02
10:59:27,43.03
10:59:27,43.05
10:59:37,43.06
10:59:37,43.07
10:59:41,43.09
10:59:42,43.12
10:59:47,43.14
10:59:56,43.13
11:00:14,43.07
11:00:18,43.11
11:00:25,43.07
11:00:25,43.11
11:00:25,43.1
11:00:25,43.11
11:00:34,43.14
11:00:34,43.15
11:00:38,43.16
11:00:40,43.15
11:00:45,43.14
11:00:49,43.16
11:00:50,43.17
11:01:02,43.19
11:01:03,43.15
11:01:04,43.16
11:01:07,43.15
11:01:21,43.16
11:01:23,43.17
11:01:24,43.18
11:01:25,43.16
11:01:30,43.17
11:01:35,43.19
11:01:42,43.22
11:01:45,43.25
11:01:57,43.26
11:02:08,43.23
11:02:10,43.2
11:02:17,43.19
11:02:21,43.13
11:02:23,43.12
11:02:25,43.17
11:02:28,43.12
11:02:40,43.16
11:02:51,43.08
11:02:57,43.17
11:03:00,43.19
11:03:01,43.21
11:03:02,43.14
11:03:02,43.16
11:03:05,43.17
11:03:10,43.18
11:03:17,43.19
11:03:20,43.2
11:03:29,43.18
11:03:41,43.17
11:03:42,43.18
11:03:48,43.19
11:03:55,43.14
11:03:56,43.13
11:04:13,43.1
11:04:23,43.08
11:04:23,43.03
11:04:28,43.04
11:04:48,43.06
11:04:50,43.08
11:05:08,43.12
11:05:10,43.08
11:05:11,43.15
11:05:22,43.12
11:05:33,43.13
11:05:50,43.15
11:06:18,43.11
11:06:36,43.1
11:06:43,43.08
11:06:55,43.13
11:07:21,43.11
11:07:26,43.13
11:08:00,43.14
11:08:01,43.12
11:08:08,43.16
11:08:46,43.15
11:09:02,43.19
11:09:02,43.14
11:09:36,43.17
11:10:24,43.19
11:10:25,43.2
11:10:26,43.22
11:11:03,43.19
11:11:25,43.16
11:11:52,43.1
11:11:54,43.09
11:12:05,43.06
11:14:16,43.04
11:14:24,43.01
11:14:37,43
11:14:51,43.03
11:15:24,43.05
11:15:25,43.04
11:16:22,43.05
11:16:23,43.07
11:17:51,43.05
11:17:54,43.01
11:18:10,42.99
11:18:24,42.97
11:18:29,42.96
11:18:36,42.97
11:19:28,42.99
11:19:29,43
11:19:29,43.01
11:19:30,43.02
11:19:52,43.01
11:20:24,42.99
11:20:59,42.94
11:21:00,42.92
11:21:02,42.93
11:21:10,42.92
11:21:19,42.9
11:21:25,42.94
11:21:36,42.91
11:21:46,42.9
11:21:46,42.89
11:21:48,42.9
11:21:48,42.92
11:22:06,42.9
11:22:42,42.89
11:22:42,42.87
11:22:43,42.89
11:22:45,42.86
11:22:46,42.88
11:22:46,42.86
11:22:47,42.84
11:22:56,42.83
11:22:58,42.8
11:23:00,42.83
11:23:04,42.8
11:23:47,42.82
11:24:07,42.8
11:24:22,42.79
11:24:33,42.8
11:24:34,42.81
11:24:35,42.82
11:24:48,42.79
11:24:59,42.8
11:25:01,42.79
11:25:11,42.81
11:25:14,42.79
11:25:29,42.8
11:25:31,42.78
11:25:31,42.75
11:25:32,42.76
11:25:37,42.73
11:25:41,42.76
11:25:55,42.72
11:25:59,42.69
11:26:11,42.67
11:26:27,42.63
11:26:31,42.61
11:26:34,42.65
11:26:36,42.61
11:27:34,42.64
11:27:38,42.68
11:27:39,42.62
11:27:41,42.59
11:27:52,42.58
11:27:56,42.62
11:28:11,42.63
11:28:13,42.55
11:28:15,42.57
11:28:16,42.6
11:28:25,42.61
11:28:51,42.6
11:28:53,42.57
11:28:57,42.58
11:29:01,42.59
11:29:19,42.64
11:29:44,42.58
11:30:09,42.61
11:31:35,42.65
11:31:57,42.64
11:32:19,42.63
11:32:19,42.61
11:32:21,42.59
11:32:22,42.6
11:32:26,42.62
11:32:43,42.58
11:32:53,42.61
11:32:57,42.58
11:33:21,42.56
11:33:26,42.54
11:33:26,42.5
11:33:29,42.49
11:33:40,42.45
11:33:40,42.48
11:33:41,42.47
11:33:42,42.45
11:33:48,42.47
11:33:59,42.46
11:34:10,42.48
11:34:13,42.53
11:34:40,42.5
11:34:51,42.49
11:34:51,42.47
11:34:53,42.51
11:36:19,42.52
11:36:31,42.51
11:36:34,42.5
11:37:02,42.51
11:37:58,42.48
11:38:07,42.5
11:38:48,42.46
11:38:56,42.45
11:38:58,42.44
11:39:06,42.46
11:39:52,42.42
11:39:53,42.46
11:40:08,42.41
11:40:08,42.43
11:40:11,42.4
11:40:15,42.42
11:40:24,42.35
11:41:03,42.39
11:41:04,42.4
11:41:07,42.35
11:41:34,42.39
11:42:11,42.37
11:42:15,42.38
11:42:16,42.36
11:42:37,42.39
11:43:01,42.34
11:43:41,42.29
11:43:50,42.28
11:44:00,42.29
11:44:16,42.34
11:44:47,42.32
11:45:27,42.35
11:45:30,42.34
11:46:27,42.32
11:46:28,42.34
11:46:49,42.3
11:46:52,42.28
11:47:27,42.27
11:47:44,42.24
11:47:51,42.25
11:48:15,42.23
11:48:16,42.21
11:48:34,42.22
11:48:37,42.25
11:48:37,42.26
11:48:56,42.23
11:50:00,42.31
11:50:23,42.35
11:50:34,42.32
11:50:42,42.31
11:51:06,42.3
11:51:06,42.29
11:51:13,42.3
11:51:16,42.32
11:51:41,42.3
11:52:16,42.31
11:52:33,42.28
11:52:33,42.3
11:52:37,42.28
11:52:50,42.26
11:53:19,42.25
11:53:21,42.3
11:53:26,42.28
11:53:28,42.26
11:53:33,42.3
11:53:37,42.23
11:53:46,42.25
11:53:54,42.23
11:54:05,42.22
11:54:18,42.25
11:54:27,42.23
11:54:35,42.22
11:54:52,42.21
11:55:04,42.2
11:55:17,42.23
11:55:35,42.24
11:55:40,42.27
11:55:41,42.25
11:55:50,42.28
11:55:50,42.31
11:56:25,42.28
11:56:32,42.27
11:56:40,42.25
11:56:50,42.24
11:57:37,42.23
11:57:54,42.26
11:57:57,42.28
11:57:59,42.27
11:58:09,42.33
11:59:31,42.3
11:59:32,42.31
11:59:35,42.33
12:00:14,42.32
12:00:30,42.3
12:00:35,42.33
12:01:19,42.32
12:01:22,42.31
12:01:22,42.3
12:01:31,42.29
12:01:36,42.34
12:01:42,42.37
12:01:44,42.4
12:02:38,42.43
12:02:46,42.42
12:02:55,42.41
12:03:03,42.4
12:03:17,42.37
12:03:30,42.45
12:03:39,42.43
12:03:56,42.44
12:03:57,42.43
12:04:29,42.45
12:04:32,42.43
12:04:35,42.42
12:04:52,42.41
12:04:53,42.4
12:05:01,42.37
12:05:02,42.39
12:05:12,42.36
12:05:47,42.37
12:05:54,42.38
12:06:13,42.37
12:06:14,42.39
12:06:23,42.38
12:06:30,42.36
12:06:32,42.35
12:06:36,42.33
12:06:39,42.31
12:06:39,42.3
12:06:45,42.33
12:06:49,42.32
12:06:51,42.31
12:07:02,42.32
12:07:05,42.28
12:07:07,42.31
12:07:07,42.29
12:07:09,42.28
12:07:25,42.3
12:07:26,42.31
12:08:05,42.25
12:08:11,42.21
12:08:12,42.17
12:08:13,42.2
12:08:15,42.19
12:08:45,42.2
12:09:22,42.21
12:09:23,42.19
12:09:29,42.17
12:09:36,42.12
12:10:01,42.14
12:10:17,42.12
12:10:30,42.13
12:10:32,42.15
12:10:34,42.06
12:10:35,42.12
12:10:36,42.08
12:11:12,42.12
12:11:25,42.15
12:11:25,42.14
12:11:30,42.12
12:11:50,42.16
12:11:59,42.12
12:12:06,42.06
12:12:20,42.05
12:12:41,42.09
12:12:47,42.07
12:13:05,42.05
12:13:24,41.98
12:13:26,42.04
12:13:29,41.96
12:13:37,41.94
12:14:12,41.91
12:14:26,41.9
12:14:26,41.91
12:14:28,41.92
12:15:15,41.93
12:15:15,41.95
12:15:16,41.96
12:16:13,41.97
12:16:13,41.95
12:16:45,41.94
12:16:55,41.95
12:17:16,41.88
12:17:16,41.86
12:17:16,41.85
12:17:23,41.86
12:17:43,41.87
12:17:46,41.86
12:17:53,41.87
12:18:01,41.85
12:18:02,41.86
12:18:03,41.85
12:18:18,41.87
12:18:28,41.85
12:18:48,41.86
12:18:56,41.85
12:18:58,41.86
12:19:05,41.88
12:19:09,41.89
12:19:10,41.9
12:19:16,41.92
12:19:30,41.91
12:19:56,41.93
12:20:08,41.91
12:20:22,41.89
12:20:23,41.93
12:20:50,41.95
12:20:51,41.97
12:21:09,41.99
12:21:15,41.97
12:21:15,42.01
12:22:03,42
12:22:14,41.97
12:22:14,41.95
12:22:15,41.94
12:22:53,41.95
12:22:53,41.96
12:22:54,41.95
12:22:57,41.94
12:23:34,41.97
12:23:59,41.96
12:24:04,41.99
12:24:48,42
12:25:13,41.98
12:25:34,41.96
12:25:35,41.94
12:26:14,41.98
12:27:07,41.99
12:27:15,41.96
12:27:25,41.93
12:27:27,41.9
12:27:29,41.92
12:27:50,41.89
12:27:57,41.86
12:28:01,41.82
12:28:32,41.86
12:28:33,41.88
12:28:43,41.86
12:28:44,41.85
12:28:44,41.86
12:28:45,41.87
12:28:56,41.88
12:29:02,41.9
12:29:02,41.91
12:29:45,41.93
12:29:46,41.9
12:30:14,41.92
12:30:24,41.93
12:30:51,41.91
12:30:52,41.9
12:30:52,41.89
12:30:54,41.9
12:31:01,41.88
12:31:05,41.9
12:31:09,41.88
12:31:36,41.87
12:31:44,41.85
12:31:45,41.86
12:31:53,41.85
12:31:59,41.83
12:32:03,41.85
12:32:06,41.83
12:32:21,41.86
12:32:31,41.82
12:32:33,41.84
12:32:41,41.83
12:32:50,41.82
12:32:53,41.8
12:33:08,41.78
12:33:17,41.82
12:33:18,41.81
12:33:27,41.79
12:33:51,41.82
12:33:54,41.81
12:33:59,41.82
12:34:16,41.83
12:34:18,41.84
12:34:21,41.86
12:34:24,41.84
12:34:29,41.86
12:34:47,41.84
12:34:49,41.83
12:34:59,41.82
12:35:10,41.81
12:35:16,41.8
12:35:33,41.82
12:36:03,41.83
12:36:24,41.85
12:36:36,41.84
12:36:44,41.85
12:37:14,41.83
12:37:34,41.84
12:37:38,41.88
12:37:38,41.87
12:37:49,41.88
12:38:17,41.85
12:38:38,41.88
12:38:48,41.91
12:38:58,41.93
12:39:23,41.94
12:39:26,41.91
12:39:34,41.9
12:39:48,41.96
12:39:56,41.97
12:39:58,41.96
12:40:01,41.94
12:40:41,41.96
12:41:07,41.9
12:41:14,41.89
12:41:20,41.88
12:41:23,41.87
12:41:48,41.86
12:42:36,41.87
12:42:37,41.86
12:42:47,41.84
12:42:48,41.85
12:42:57,41.84
12:44:01,41.83
12:44:02,41.85
12:44:19,41.86
12:44:19,41.87
12:44:20,41.86
12:44:22,41.85
12:44:22,41.86
12:44:24,41.85
12:44:33,41.83
12:44:44,41.86
12:44:44,41.84
12:45:06,41.83
12:45:15,41.84
12:45:54,41.85
12:45:55,41.86
12:46:17,41.85
12:46:18,41.83
12:46:18,41.84
12:46:51,41.83
12:46:59,41.82
12:47:07,41.81
12:47:13,41.8
12:47:17,41.79
12:47:26,41.76
12:48:06,41.73
12:48:08,41.74
12:48:15,41.76
12:48:30,41.75
12:48:37,41.76
12:48:45,41.75
12:48:48,41.74
12:49:01,41.77
12:49:02,41.78
12:49:43,41.83
12:50:05,41.86
12:50:07,41.9
12:50:07,41.89
12:50:13,41.87
12:50:37,41.89
12:50:47,41.91
12:51:14,41.88
12:52:16,41.87
12:52:31,41.89
12:52:57,41.94
12:53:16,42.02
12:54:13,41.98
12:54:58,41.95
12:55:03,41.96
12:55:07,41.94
12:55:12,41.97
12:55:14,41.99
12:55:35,42.01
12:55:43,41.98
12:56:15,41.99
12:56:42,41.97
12:56:56,41.98
12:56:58,41.96
12:56:59,41.94
12:57:06,41.97
12:57:47,41.99
12:57:47,42
12:58:07,41.97
12:58:30,42.02
12:58:31,42.05
12:58:39,42.04
12:58:42,42.05
12:58:45,42.07
12:59:12,42.05
13:00:49,42.04
13:01:03,42.06
13:01:27,42.04
13:01:28,42.02
13:01:56,42.04
13:02:02,42.03
13:02:14,42.02
13:03:03,42.01
13:03:34,42.03
13:03:39,42.04
13:04:06,42.03
13:04:19,42
13:04:39,41.99
13:04:44,41.97
13:05:05,41.96
13:05:07,41.94
13:05:15,41.93
13:05:50,41.89
13:05:58,41.9
13:06:15,41.89
13:06:17,41.88
13:06:30,41.86
13:06:30,41.87
13:06:31,41.91
13:06:31,41.92
13:06:40,41.96
13:06:40,41.95
13:06:43,41.97
13:06:45,41.98
13:06:52,41.96
13:07:00,41.97
13:07:03,41.96
13:07:07,41.97
13:07:13,41.99
13:07:17,42
13:07:25,42.02
13:07:25,41.99
13:07:30,42.01
13:07:36,42
13:07:41,41.98
13:07:42,41.97
13:10:21,41.99
13:10:24,41.97
13:10:52,41.98
13:10:53,41.96
13:13:38,41.98
13:14:53,41.94
13:14:54,41.93
13:15:07,41.92
13:15:20,41.93
13:15:37,41.92
13:15:52,41.89
13:15:58,41.88
13:16:01,41.9
13:16:29,41.88
13:16:32,41.89
13:16:52,41.9
13:16:53,41.91
13:17:28,41.92
13:17:56,41.91
13:18:10,41.92
13:18:17,41.93
13:18:19,41.94
13:19:08,41.92
13:19:17,41.93
13:19:24,41.92
13:19:27,41.93
13:19:31,41.95
13:19:35,41.96
13:19:38,41.97
13:19:43,41.96
13:21:18,41.94
13:21:21,41.95
13:21:39,41.96
13:22:08,41.97
13:22:31,41.95
13:23:08,41.96
13:23:31,41.97
13:23:42,41.83
13:23:49,41.85
13:24:06,41.83
13:24:15,41.82
13:24:18,41.83
13:25:37,41.82
13:25:54,41.78
13:25:54,41.77
13:25:56,41.79
13:25:59,41.77
13:26:20,41.78
13:27:00,41.79
13:27:42,41.78
13:28:11,41.76
13:28:22,41.73
13:28:33,41.72
13:28:39,41.71
13:28:42,41.7
13:28:56,41.72
13:29:12,41.71
13:29:30,41.72
13:29:31,41.73
13:29:31,41.74
13:29:35,41.75
13:29:42,41.74
13:30:18,41.76
13:30:21,41.78
13:30:22,41.77
13:30:23,41.78
13:30:39,41.79
13:30:39,41.8
13:30:42,41.81
13:30:50,41.83
13:31:02,41.84
13:31:22,41.82
13:31:22,41.81
13:31:39,41.79
13:31:41,41.81
13:32:50,41.82
13:33:17,41.81
13:33:43,41.83
13:33:53,41.81
13:34:06,41.83
13:34:22,41.8
13:34:39,41.81
13:34:40,41.83
13:34:41,41.84
13:34:50,41.85
13:35:17,41.86
13:35:40,41.87
13:36:06,41.88
13:36:07,41.89
13:36:09,41.88
13:36:10,41.87
13:36:29,41.88
13:36:29,41.9
13:36:31,41.91
13:36:32,41.93
13:37:08,41.92
13:37:43,41.9
13:38:03,41.92
13:38:31,41.93
13:38:33,42
13:38:34,42.02
13:38:56,42
13:39:11,41.97
13:39:40,41.98
13:39:50,41.95
13:39:52,41.94
13:40:35,41.95
13:40:35,41.94
13:40:39,41.95
13:41:19,41.96
13:41:26,41.97
13:41:34,41.94
13:41:37,41.93
13:43:17,41.95
13:43:18,41.97
13:43:27,41.95
13:43:27,41.94
13:43:53,41.96
13:44:26,41.97
13:44:34,41.95
13:44:46,41.98
13:45:18,41.97
13:45:34,41.98
13:46:21,41.97
13:46:34,41.96
13:46:40,41.95
13:46:53,41.94
13:47:01,41.93
13:47:02,41.94
13:47:54,41.92
13:47:59,41.91
13:47:59,41.92
13:48:01,41.93
13:48:01,41.91
13:48:28,41.94
13:48:46,41.91
13:48:47,41.9
13:48:48,41.92
13:49:07,41.91
13:49:38,41.93
13:50:12,41.91
13:50:27,41.9
13:50:33,41.92
13:51:03,41.89
13:51:13,41.93
13:51:16,41.92
13:51:25,41.94
13:52:11,41.92
13:52:17,41.91
13:52:27,41.9
13:52:36,41.89
13:52:48,41.91
13:52:49,41.92
13:53:03,41.94
13:53:23,41.96
13:53:24,41.94
13:53:26,41.93
13:54:20,41.94
13:54:37,41.93
13:54:55,41.92
13:55:00,41.93
13:55:24,41.91
13:55:42,41.94
13:56:53,41.93
13:56:57,41.92
13:56:58,41.91
13:57:10,41.89
13:57:13,41.92
13:57:36,41.94
13:57:47,41.93
13:58:04,41.96
13:58:14,41.93
13:58:44,41.96
13:58:45,41.98
14:00:11,41.97
14:00:14,41.96
14:00:49,41.97
14:00:50,41.96
14:00:52,41.95
14:01:44,41.94
14:01:57,41.93
14:02:44,41.94
14:03:56,41.96
14:04:14,41.94
14:04:14,41.95
14:04:18,41.93
14:04:22,41.92
14:04:29,41.93
14:04:30,41.94
14:04:33,41.93
14:05:05,41.94
14:05:14,41.92
14:05:26,41.95
14:05:26,41.94
14:05:52,41.93
14:06:02,41.92
14:06:44,41.91
14:06:45,41.92
14:06:57,41.91
14:07:07,41.9
14:07:07,41.88
14:07:10,41.89
14:07:13,41.9
14:07:41,41.89
14:07:57,41.9
14:08:02,41.88
14:08:10,41.91
14:08:11,41.92
14:08:45,41.94
14:08:55,41.96
14:09:26,41.97
14:09:27,41.98
14:09:57,41.97
14:10:20,41.98
14:10:21,41.99
14:10:44,41.98
14:11:01,41.99
14:11:07,41.98
14:11:08,41.97
14:11:09,41.96
14:11:16,41.97
14:11:26,41.95
14:12:53,41.97
14:13:08,41.98
14:13:11,41.99
14:13:29,42
14:13:29,42.01
14:13:30,42.03
14:13:52,42.05
14:13:57,42.04
14:13:58,42.05
14:13:59,42.06
14:14:00,42.07
14:14:01,42.09
14:14:27,42.07
14:14:34,42.08
14:14:37,42.09
14:14:42,42.1
14:14:44,42.09
14:14:44,42.11
14:14:45,42.1
14:14:46,42.12
14:14:46,42.1
14:14:48,42.13
14:14:48,42.12
14:14:51,42.11
14:14:56,42.1
14:14:57,42.09
14:14:59,42.1
14:15:02,42.09
14:15:03,42.1
14:15:06,42.07
14:15:08,42.09
14:15:09,42.07
14:15:12,42.06
14:15:14,42.05
14:15:20,42.03
14:15:24,42.01
14:15:26,42.02
14:15:26,42.03
14:15:27,42.02
14:15:35,42.01
14:15:36,42
14:15:38,42.02
14:15:40,42
14:15:42,41.98
14:15:47,41.96
14:15:47,41.94
14:15:49,41.96
14:16:08,41.95
14:16:19,41.94
14:16:42,41.92
14:16:44,41.9
14:16:49,41.93
14:17:06,41.94
14:17:27,41.92
14:17:27,41.93
14:17:38,41.9
14:17:53,41.91
14:17:57,41.94
14:17:59,41.93
14:17:59,41.94
14:18:03,41.93
14:18:13,41.92
14:18:28,41.91
14:19:26,41.89
14:19:26,41.88
14:19:33,41.89
14:20:18,41.9
14:20:25,41.89
14:20:28,41.88
14:20:56,41.9
14:21:00,41.89
14:21:18,41.91
14:22:13,41.9
14:22:23,41.91
14:22:24,41.9
14:22:24,41.91
14:22:24,41.9
14:22:26,41.89
14:22:35,41.92
14:22:38,41.93
14:23:06,41.92
14:23:17,41.93
14:23:24,41.91
14:23:59,41.92
14:24:50,41.93
14:25:19,41.91
14:25:25,41.9
14:25:26,41.89
14:25:32,41.87
14:25:35,41.85
14:25:41,41.87
14:25:41,41.88
14:25:43,41.87
14:25:46,41.86
14:25:47,41.85
14:25:48,41.87
14:25:49,41.85
14:25:50,41.86
14:25:53,41.85
14:25:54,41.84
14:25:54,41.86
14:25:58,41.85
14:25:58,41.86
14:26:00,41.84
14:26:01,41.82
14:26:08,41.86
14:26:40,41.87
14:26:47,41.88
14:27:00,41.91
14:27:02,41.92
14:27:06,41.9
14:27:24,41.93
14:27:30,41.91
14:28:06,41.92
14:28:08,41.94
14:28:09,41.93
14:28:09,41.91
14:28:12,41.92
14:28:16,41.94
14:28:20,41.91
14:28:22,41.92
14:28:47,41.91
14:28:48,41.9
14:28:48,41.91
14:28:51,41.9
14:28:53,41.89
14:28:56,41.92
14:29:03,41.89
14:29:09,41.9
14:29:12,41.88
14:29:17,41.87
14:29:18,41.85
14:29:22,41.86
14:29:22,41.84
14:29:29,41.85
14:29:33,41.9
14:29:36,41.88
14:29:48,41.91
14:29:51,41.89
14:30:00,41.9
14:30:00,41.88
14:30:03,41.89
14:30:31,41.88
14:30:37,41.9
14:30:46,41.87
14:31:13,41.86
14:31:31,41.88
14:31:34,41.89
14:31:38,41.87
14:31:43,41.88
14:32:14,41.87
14:32:19,41.89
14:32:21,41.9
14:32:32,41.92
14:32:39,41.91
14:33:56,41.88
14:33:58,41.89
14:34:07,41.87
14:34:12,41.88
14:34:29,41.87
14:35:02,41.86
14:35:07,41.85
14:35:30,41.84
14:35:41,41.83
14:35:58,41.82
14:36:08,41.81
14:36:13,41.82
14:36:25,41.81
14:36:54,41.8
14:36:55,41.79
14:36:57,41.78
14:37:00,41.77
14:37:05,41.76
14:37:34,41.75
14:37:46,41.74
14:38:03,41.72
14:38:26,41.7
14:38:27,41.71
14:38:32,41.73
14:38:50,41.71
14:39:38,41.72
14:39:38,41.73
14:40:45,41.74
14:40:46,41.73
14:40:57,41.72
14:41:25,41.71
14:41:34,41.7
14:41:38,41.66
14:41:40,41.65
14:41:46,41.67
14:41:50,41.66
14:41:52,41.65
14:41:55,41.67
14:41:56,41.66
14:41:58,41.65
14:42:16,41.64
14:42:21,41.63
14:42:34,41.66
14:42:35,41.63
14:42:39,41.66
14:42:41,41.63
14:43:24,41.65
14:43:39,41.67
14:43:39,41.66
14:43:44,41.67
14:43:47,41.69
14:43:49,41.73
14:43:57,41.72
14:44:35,41.73
14:44:44,41.71
14:44:44,41.69
14:44:51,41.68
14:45:08,41.67
14:45:16,41.66
14:45:24,41.67
14:46:17,41.66
14:46:19,41.65
14:47:14,41.66
14:47:17,41.67
14:47:27,41.68
14:47:29,41.67
14:47:42,41.68
14:47:55,41.7
14:48:20,41.69
14:48:22,41.68
14:48:49,41.67
14:49:07,41.68
14:49:40,41.69
14:50:03,41.68
14:50:10,41.67
14:50:18,41.66
14:50:28,41.65
14:50:31,41.64
14:50:35,41.63
14:50:44,41.65
14:51:38,41.63
14:51:56,41.61
14:51:57,41.62
14:52:01,41.61
14:52:06,41.63
14:52:36,41.62
14:52:51,41.63
14:53:01,41.62
14:53:01,41.65
14:53:04,41.71
14:54:13,41.7
14:54:14,41.67
14:54:33,41.7
14:54:53,41.68
14:55:08,41.7
14:55:34,41.68
14:55:36,41.7
14:55:41,41.68
14:56:01,41.7
14:56:27,41.68
14:56:40,41.67
14:57:16,41.7
14:57:17,41.71
14:57:23,41.72
14:57:34,41.73
14:57:39,41.72
14:58:44,41.73
14:58:52,41.76
14:58:56,41.78
14:58:59,41.81
14:59:03,41.83
14:59:23,41.81
14:59:26,41.82
14:59:50,41.81
15:00:12,41.82
15:00:12,41.83
15:00:14,41.82
15:00:15,41.83
15:00:27,41.85
15:00:41,41.84
15:01:02,41.83
15:01:04,41.85
15:01:16,41.84
15:01:17,41.85
15:01:26,41.87
15:01:30,41.88
15:01:59,41.89
15:02:00,41.88
15:02:21,41.89
15:02:43,41.88
15:02:48,41.89
15:02:52,41.88
15:02:57,41.89
15:02:59,41.88
15:03:05,41.89
15:03:12,41.9
15:03:13,41.88
15:03:32,41.89
15:03:48,41.88
15:04:07,41.87
15:04:07,41.85
15:04:12,41.84
15:04:34,41.83
15:04:35,41.84
15:04:50,41.85
15:04:56,41.84
15:05:07,41.83
15:05:16,41.82
15:05:20,41.81
15:05:22,41.78
15:05:30,41.79
15:05:39,41.78
15:05:40,41.77
15:05:43,41.73
15:05:45,41.72
15:05:50,41.74
15:05:56,41.75
15:06:18,41.74
15:06:24,41.75
15:06:30,41.76
15:07:34,41.77
15:07:42,41.76
15:07:56,41.79
15:07:57,41.78
15:08:03,41.76
15:08:08,41.77
15:08:14,41.76
15:08:25,41.75
15:08:47,41.74
15:08:57,41.75
15:09:37,41.76
15:09:39,41.78
15:09:40,41.79
15:09:48,41.82
15:09:48,41.8
15:09:52,41.82
15:10:02,41.84
15:10:14,41.83
15:10:17,41.85
15:10:33,41.84
15:10:34,41.83
15:10:37,41.82
15:10:42,41.83
15:10:57,41.82
15:11:07,41.81
15:11:35,41.8
15:11:52,41.81
15:11:52,41.82
15:11:54,41.83
15:12:00,41.84
15:12:15,41.83
15:12:48,41.85
15:12:54,41.83
15:12:58,41.81
15:13:08,41.82
15:13:19,41.81
15:14:05,41.82
15:15:17,41.81
15:15:30,41.82
15:15:42,41.83
15:15:44,41.82
15:16:09,41.81
15:16:16,41.82
15:16:20,41.8
15:16:40,41.82
15:16:41,41.81
15:16:49,41.82
15:17:12,41.81
15:17:53,41.8
15:18:17,41.81
15:18:40,41.79
15:18:44,41.8
15:19:44,41.79
15:20:15,41.8
15:20:23,41.79
15:20:39,41.8
15:21:17,41.79
15:21:20,41.8
15:21:43,41.79
15:21:58,41.78
15:21:58,41.77
15:22:00,41.76
15:22:05,41.74
15:22:06,41.72
15:22:07,41.7
15:22:15,41.72
15:22:16,41.7
15:22:18,41.73
15:22:21,41.7
15:23:06,41.73
15:23:11,41.72
15:23:17,41.73
15:23:24,41.72
15:24:03,41.71
15:24:16,41.7
15:24:32,41.69
15:24:40,41.68
15:25:02,41.7
15:26:09,41.71
15:26:42,41.72
15:26:52,41.7
15:27:06,41.71
15:27:20,41.68
15:27:51,41.67
15:28:02,41.68
15:28:18,41.67
15:28:32,41.66
15:28:37,41.67
15:28:39,41.66
15:28:45,41.65
15:28:57,41.64
15:29:00,41.65
15:29:23,41.66
15:29:40,41.65
15:29:46,41.64
15:29:52,41.63
15:30:05,41.64
15:30:10,41.66
15:30:39,41.67
15:30:47,41.64
15:30:48,41.63
15:30:48,41.64
15:30:54,41.61
15:30:58,41.63
15:31:00,41.62
15:31:21,41.63
15:31:47,41.62
15:32:03,41.61
15:32:06,41.58
15:32:21,41.59
15:32:36,41.56
15:32:43,41.55
15:32:48,41.52
15:32:49,41.53
15:32:50,41.54
15:33:02,41.53
15:33:06,41.5
15:33:08,41.52
15:33:09,41.5
15:33:15,41.51
15:33:17,41.42
15:33:17,41.49
15:33:18,41.44
15:33:22,41.5
15:33:34,41.48
15:33:40,41.52
15:33:44,41.49
15:33:44,41.5
15:34:10,41.52
15:34:11,41.51
15:34:19,41.53
15:34:19,41.54
15:34:25,41.55
15:34:28,41.53
15:34:32,41.54
15:34:35,41.53
15:34:42,41.52
15:34:56,41.49
15:34:59,41.47
15:35:07,41.45
15:35:16,41.46
15:35:18,41.43
15:35:19,41.44
15:35:20,41.45
15:35:22,41.43
15:35:44,41.44
15:35:45,41.43
15:35:52,41.44
15:36:10,41.46
15:36:20,41.45
15:36:38,41.44
15:36:40,41.43
15:36:43,41.44
15:36:54,41.43
15:37:18,41.42
15:37:22,41.41
15:37:30,41.43
15:37:43,41.44
15:38:09,41.42
15:38:18,41.43
15:38:34,41.44
15:38:52,41.43
15:39:05,41.45
15:39:10,41.44
15:39:36,41.45
15:39:37,41.47
15:40:03,41.49
15:40:07,41.48
15:40:10,41.49
15:40:45,41.48
15:40:57,41.49
15:40:58,41.47
15:41:03,41.46
15:41:12,41.47
15:41:22,41.46
15:41:50,41.47
15:42:08,41.48
15:42:10,41.49
15:42:12,41.48
15:42:21,41.49
15:42:21,41.48
15:42:27,41.47
15:42:37,41.5
15:42:39,41.51
15:43:25,41.5
15:43:30,41.48
15:43:46,41.5
15:43:46,41.49
15:43:49,41.5
15:43:50,41.51
15:43:51,41.5
15:44:03,41.51
15:44:23,41.5
15:44:24,41.51
15:44:36,41.5
15:44:46,41.51
15:45:14,41.52
15:45:14,41.53
15:45:32,41.54
15:45:32,41.53
15:45:34,41.54
15:45:34,41.58
15:45:35,41.59
15:45:35,41.58
15:45:36,41.57
15:45:40,41.58
15:45:41,41.59
15:45:51,41.58
15:45:53,41.59
15:45:54,41.6
15:45:55,41.61
15:46:09,41.63
15:46:15,41.62
15:46:15,41.63
15:46:17,41.62
15:46:20,41.6
15:46:32,41.61
15:46:38,41.6
15:46:43,41.59
15:46:54,41.58
15:46:55,41.59
15:47:02,41.6
15:47:02,41.61
15:47:13,41.6
15:47:15,41.59
15:47:16,41.58
15:47:17,41.59
15:47:33,41.58
15:47:46,41.57
15:47:47,41.58
15:48:04,41.6
15:48:07,41.61
15:48:46,41.6
15:48:52,41.59
15:49:09,41.6
15:49:25,41.59
15:49:28,41.58
15:49:40,41.59
15:49:44,41.6
15:49:45,41.59
15:49:49,41.6
15:49:53,41.61
15:50:12,41.6
15:50:13,41.61
15:50:16,41.6
15:50:25,41.58
15:50:25,41.54
15:50:31,41.53
15:50:35,41.51
15:50:40,41.52
15:50:55,41.51
15:50:59,41.52
15:51:18,41.51
15:51:25,41.52
15:51:32,41.53
15:51:34,41.52
15:51:36,41.53
15:51:42,41.52
15:51:44,41.53
15:51:58,41.52
15:51:59,41.53
15:52:06,41.52
15:52:16,41.53
15:52:40,41.52
15:52:40,41.53
15:52:54,41.48
15:52:59,41.5
15:53:04,41.49
15:53:09,41.48
15:53:17,41.49
15:53:46,41.48
15:53:49,41.47
15:53:54,41.48
15:54:01,41.49
15:54:09,41.48
15:54:16,41.49
15:54:40,41.5
15:54:41,41.49
15:54:44,41.5
15:55:08,41.49
15:55:14,41.5
15:55:14,41.51
15:55:15,41.5
15:55:24,41.51
15:55:26,41.52
15:55:33,41.51
15:55:38,41.52
15:55:41,41.51
15:55:46,41.52
15:55:48,41.51
15:55:50,41.53
15:55:58,41.54
15:56:11,41.53
15:56:16,41.54
15:56:19,41.52
15:56:19,41.53
15:56:21,41.52
15:56:28,41.51
15:56:29,41.52
15:56:33,41.53
15:56:35,41.54
15:56:37,41.53
15:56:38,41.55
15:56:40,41.54
15:56:41,41.56
15:56:44,41.55
15:56:46,41.54
15:56:57,41.55
15:56:58,41.54
15:57:02,41.55
15:57:09,41.53
15:57:24,41.54
15:57:26,41.55
15:57:31,41.54
15:57:34,41.55
15:57:41,41.54
15:57:42,41.55
15:57:46,41.56
15:57:47,41.55
15:57:49,41.56
15:57:52,41.55
15:57:54,41.54
15:58:08,41.55
15:58:09,41.54
15:58:10,41.53
15:58:13,41.54
15:58:24,41.55
15:58:26,41.54
15:58:27,41.55
15:58:28,41.56
15:58:33,41.55
15:58:50,41.54
15:58:51,41.55
15:58:53,41.54
15:58:56,41.55
15:58:57,41.54
15:58:59,41.55
15:59:00,41.54
15:59:04,41.55
15:59:05,41.54
15:59:09,41.55
15:59:11,41.54
15:59:12,41.56
15:59:13,41.55
15:59:13,41.56
15:59:13,41.55
15:59:18,41.54
15:59:19,41.55
15:59:22,41.54
15:59:24,41.55
15:59:24,41.54
15:59:26,41.55
15:59:30,41.56
15:59:37,41.55
15:59:37,41.56
15:59:41,41.57
15:59:42,41.58
15:59:44,41.57
15:59:44,41.56
15:59:45,41.58
15:59:46,41.57
15:59:49,41.56
15:59:50,41.57
15:59:51,41.56
15:59:53,41.57
15:59:54,41.58
15:59:56,41.57
15:59:58,41.58
15:59:59,41.59
16:00:00,41.57
16:00:01,41.6
16:00:03,41.57
16:00:04,41.62
16:00:04,41.6
16:00:05,41.62
16:00:07,41.6
16:00:07,41.62
16:00:09,41.63
16:00:09,41.62
16:00:10,41.64
16:00:10,41.63
16:00:10,41.64
16:00:11,41.63
16:00:12,41.62
16:00:13,41.6
16:03:46,41.62
