09:30:16,7.55
09:30:16,7.54
09:30:22,7.57
09:30:23,7.54
09:30:28,7.59
09:30:48,7.64
09:31:19,7.61
09:31:21,7.59
09:32:18,7.58
09:32:22,7.57
09:32:23,7.55
09:32:25,7.56
09:32:26,7.58
09:32:32,7.56
09:32:34,7.55
09:32:35,7.56
09:32:40,7.55
09:32:42,7.56
09:32:45,7.57
09:32:46,7.55
09:32:47,7.58
09:32:53,7.59
09:32:55,7.56
09:32:57,7.55
09:32:59,7.58
09:33:02,7.55
09:33:02,7.56
09:33:05,7.58
09:33:08,7.56
09:33:12,7.57
09:33:13,7.55
09:33:14,7.58
09:33:19,7.57
09:33:21,7.56
09:33:40,7.57
09:33:41,7.56
09:34:02,7.55
09:34:05,7.56
09:34:14,7.55
09:34:25,7.56
09:34:33,7.57
09:34:34,7.58
09:34:45,7.57
09:34:47,7.58
09:34:53,7.57
09:34:58,7.58
09:35:01,7.57
09:35:12,7.58
09:35:18,7.57
09:35:20,7.58
09:35:24,7.59
09:35:24,7.6
09:35:26,7.59
09:35:32,7.6
09:35:33,7.61
09:35:35,7.62
09:35:36,7.63
09:35:57,7.62
09:36:03,7.61
09:36:05,7.62
09:36:06,7.61
09:36:07,7.62
09:36:09,7.61
09:36:10,7.62
09:36:12,7.63
09:36:18,7.64
09:36:35,7.63
09:36:35,7.64
09:36:36,7.63
09:36:37,7.62
09:36:38,7.63
09:36:40,7.62
09:36:43,7.63
09:36:48,7.64
09:36:49,7.63
09:36:55,7.62
09:36:58,7.63
09:36:59,7.64
09:37:00,7.63
09:37:00,7.64
09:37:06,7.65
09:37:08,7.64
09:37:08,7.63
09:37:08,7.62
09:37:11,7.64
09:37:24,7.65
09:37:38,7.66
09:37:47,7.65
09:37:54,7.66
09:38:07,7.65
09:38:11,7.66
09:38:18,7.67
09:38:19,7.66
09:38:19,7.67
09:38:20,7.66
09:38:21,7.67
09:38:21,7.68
09:38:26,7.67
09:38:28,7.66
09:38:35,7.67
09:38:37,7.68
09:38:39,7.67
09:38:41,7.66
09:38:42,7.69
09:38:42,7.66
09:38:43,7.69
09:38:45,7.68
09:38:47,7.69
09:38:49,7.68
09:38:51,7.69
09:38:55,7.68
09:38:56,7.69
09:38:56,7.68
09:39:00,7.69
09:39:02,7.68
09:39:03,7.69
09:39:03,7.7
09:39:06,7.71
09:39:20,7.7
09:39:26,7.72
09:39:34,7.73
09:39:34,7.72
09:39:35,7.73
09:39:44,7.74
09:39:52,7.75
09:39:53,7.76
09:39:54,7.75
09:39:55,7.76
09:39:56,7.75
09:39:59,7.74
09:39:59,7.75
09:40:00,7.74
09:40:00,7.75
09:40:03,7.74
09:40:06,7.73
09:40:08,7.74
09:40:09,7.73
09:40:10,7.74
09:40:12,7.72
09:40:12,7.73
09:40:13,7.72
09:40:14,7.71
09:40:15,7.72
09:40:36,7.74
09:40:59,7.75
09:41:14,7.76
09:41:19,7.75
09:41:19,7.76
09:41:24,7.75
09:41:26,7.76
09:41:31,7.77
09:41:33,7.78
09:41:37,7.77
09:41:43,7.78
09:41:45,7.77
09:41:53,7.76
09:41:56,7.77
09:42:14,7.76
09:42:29,7.78
09:42:33,7.76
09:42:44,7.77
09:42:46,7.76
09:44:26,7.75
09:44:29,7.76
09:44:30,7.75
09:44:31,7.76
09:44:33,7.75
09:44:40,7.76
09:44:40,7.75
09:44:42,7.76
09:44:43,7.75
09:44:44,7.76
09:44:56,7.75
09:44:59,7.76
09:45:23,7.75
09:45:26,7.74
09:45:27,7.75
09:45:27,7.74
09:45:28,7.75
09:45:29,7.74
09:45:29,7.75
09:45:30,7.74
09:45:32,7.73
09:45:34,7.72
09:45:34,7.73
09:45:34,7.72
09:45:36,7.74
09:45:40,7.72
09:45:44,7.75
09:45:44,7.74
09:45:46,7.75
09:45:48,7.74
09:45:49,7.75
09:45:50,7.74
09:45:52,7.73
09:45:54,7.72
09:46:05,7.71
09:46:14,7.7
09:46:16,7.71
09:46:17,7.72
09:46:18,7.71
09:46:20,7.72
09:46:20,7.71
09:46:20,7.72
09:46:29,7.7
09:46:29,7.69
09:46:29,7.68
09:46:37,7.67
09:46:49,7.66
09:46:53,7.65
09:46:55,7.66
09:47:01,7.65
09:47:01,7.64
09:47:06,7.63
09:47:08,7.64
09:47:10,7.65
09:47:10,7.66
09:47:12,7.67
09:47:15,7.66
09:47:16,7.65
09:47:16,7.66
09:47:16,7.69
09:47:17,7.67
09:47:17,7.66
09:47:18,7.65
09:47:19,7.66
09:47:19,7.65
09:47:20,7.66
09:47:20,7.65
09:47:21,7.66
09:47:23,7.65
09:47:25,7.64
09:47:26,7.63
09:47:27,7.64
09:47:29,7.63
09:47:30,7.64
09:47:36,7.63
09:47:37,7.64
09:47:38,7.63
09:47:40,7.62
09:47:40,7.63
09:47:40,7.62
09:47:41,7.64
09:47:42,7.63
09:47:42,7.64
09:47:44,7.63
09:47:44,7.62
09:47:47,7.63
09:47:47,7.64
09:47:48,7.63
09:47:49,7.62
09:47:49,7.61
09:47:49,7.62
09:47:51,7.61
09:47:51,7.62
09:47:52,7.61
09:47:53,7.62
09:47:53,7.63
09:47:55,7.64
09:48:04,7.65
09:48:12,7.66
09:48:26,7.65
09:48:34,7.66
09:48:36,7.67
09:48:40,7.66
09:48:41,7.67
09:48:47,7.66
09:48:47,7.67
09:48:53,7.66
09:48:56,7.67
09:49:07,7.66
09:49:07,7.67
09:49:09,7.68
09:49:11,7.67
09:49:14,7.68
09:49:15,7.67
09:49:28,7.66
09:49:34,7.65
09:49:34,7.66
09:49:36,7.65
09:49:36,7.66
09:49:37,7.65
09:49:38,7.64
09:49:39,7.65
09:49:40,7.64
09:49:41,7.65
09:49:42,7.66
09:49:45,7.65
09:49:48,7.66
09:49:50,7.65
09:49:52,7.64
09:49:54,7.66
09:49:55,7.65
09:49:56,7.64
09:50:02,7.65
09:50:03,7.64
09:50:04,7.65
09:50:07,7.66
09:50:07,7.65
09:50:10,7.66
09:50:13,7.65
09:50:14,7.66
09:50:22,7.65
09:50:23,7.66
09:50:24,7.67
09:50:25,7.68
09:50:31,7.67
09:50:32,7.68
09:50:33,7.67
09:50:36,7.68
09:50:38,7.67
09:50:40,7.68
09:50:58,7.69
09:50:59,7.68
09:51:15,7.67
09:51:17,7.68
09:51:23,7.67
09:51:24,7.68
09:51:31,7.69
09:51:31,7.68
09:51:45,7.67
09:51:46,7.66
09:51:48,7.67
09:51:49,7.66
09:51:54,7.67
09:51:56,7.66
09:52:00,7.65
09:52:00,7.66
09:52:11,7.67
09:52:12,7.68
09:52:19,7.67
09:52:19,7.68
09:52:24,7.67
09:52:26,7.68
09:52:26,7.67
09:52:29,7.68
09:52:31,7.69
09:52:37,7.68
09:52:42,7.69
09:52:43,7.68
09:52:43,7.7
09:52:48,7.69
09:52:49,7.68
09:52:52,7.69
09:52:52,7.68
09:53:34,7.69
09:53:37,7.68
09:53:38,7.69
09:53:40,7.7
09:53:48,7.68
09:53:51,7.69
09:53:52,7.7
09:53:55,7.69
09:53:58,7.7
09:53:58,7.69
09:54:00,7.68
09:54:01,7.69
09:54:10,7.68
09:54:26,7.67
09:54:30,7.68
09:54:36,7.67
09:54:38,7.68
09:54:41,7.67
09:54:45,7.68
09:54:46,7.67
09:54:55,7.68
09:54:56,7.67
09:54:59,7.68
09:55:05,7.67
09:55:18,7.68
09:55:20,7.67
09:55:21,7.68
09:55:30,7.67
09:55:31,7.68
09:55:36,7.67
09:55:36,7.66
09:55:40,7.68
09:55:47,7.67
09:55:49,7.66
09:56:06,7.67
09:56:08,7.66
09:56:14,7.67
09:56:29,7.66
09:56:32,7.67
09:56:34,7.68
09:56:49,7.67
09:56:53,7.66
09:57:18,7.67
09:57:18,7.66
09:57:19,7.68
09:57:27,7.69
09:57:29,7.68
09:57:37,7.67
09:57:47,7.68
09:57:47,7.67
09:57:50,7.68
09:57:56,7.69
09:57:56,7.68
09:58:19,7.67
09:58:38,7.66
09:59:11,7.65
09:59:12,7.66
09:59:55,7.65
10:00:11,7.66
10:00:19,7.65
10:00:39,7.66
10:01:03,7.65
10:01:32,7.66
10:01:35,7.65
10:01:43,7.66
10:01:45,7.65
10:01:55,7.66
10:01:55,7.65
10:02:01,7.66
10:02:02,7.65
10:02:13,7.66
10:02:16,7.65
10:02:17,7.66
10:02:18,7.65
10:02:19,7.66
10:02:20,7.65
10:02:26,7.66
10:02:30,7.65
10:02:31,7.66
10:02:34,7.67
10:02:34,7.66
10:02:34,7.67
10:02:48,7.68
10:03:08,7.67
10:03:15,7.66
10:03:20,7.67
10:03:21,7.68
10:03:25,7.67
10:03:31,7.66
10:03:35,7.67
10:03:36,7.66
10:03:38,7.67
10:03:40,7.66
10:03:40,7.65
10:03:53,7.66
10:03:55,7.65
10:04:21,7.64
10:04:23,7.65
10:04:26,7.64
10:04:29,7.65
10:04:29,7.64
10:04:33,7.63
10:04:42,7.62
10:04:57,7.61
10:05:47,7.62
10:05:47,7.63
10:05:50,7.62
10:05:53,7.63
10:06:08,7.64
10:06:08,7.63
10:06:17,7.64
10:06:43,7.65
10:06:48,7.66
10:06:56,7.65
10:07:18,7.66
10:08:01,7.65
10:08:03,7.66
10:08:08,7.65
10:08:10,7.66
10:08:26,7.67
10:08:27,7.68
10:08:32,7.67
10:08:41,7.68
10:09:10,7.67
10:09:11,7.68
10:09:13,7.67
10:09:14,7.68
10:09:15,7.67
10:09:16,7.68
10:09:18,7.67
10:09:23,7.66
10:09:35,7.67
10:09:38,7.66
10:09:41,7.67
10:09:44,7.66
10:09:52,7.67
10:09:54,7.66
10:10:23,7.67
10:10:24,7.68
10:10:32,7.67
10:10:36,7.68
10:10:41,7.67
10:10:43,7.68
10:10:45,7.67
10:10:48,7.68
10:10:49,7.67
10:10:56,7.66
10:11:10,7.65
10:11:10,7.66
10:11:12,7.65
10:11:16,7.66
10:11:35,7.67
10:11:39,7.66
10:11:44,7.67
10:11:46,7.66
10:11:59,7.67
10:12:07,7.68
10:12:33,7.67
10:12:34,7.66
10:12:39,7.67
10:12:44,7.68
10:12:45,7.67
10:12:56,7.68
10:12:56,7.67
10:13:05,7.68
10:13:09,7.66
10:13:25,7.67
10:13:25,7.68
10:13:28,7.67
10:13:40,7.68
10:13:43,7.67
10:13:47,7.68
10:13:49,7.67
10:13:56,7.68
10:14:01,7.67
10:14:05,7.68
10:14:44,7.66
10:14:56,7.68
10:14:56,7.67
10:15:23,7.66
10:15:23,7.67
10:15:27,7.68
10:15:58,7.7
10:16:08,7.69
10:16:08,7.7
10:16:09,7.69
10:16:09,7.7
10:16:17,7.69
10:16:32,7.68
10:16:58,7.69
10:17:01,7.7
10:17:49,7.71
10:17:57,7.72
10:17:57,7.71
10:17:58,7.72
10:18:13,7.73
10:18:14,7.72
10:18:16,7.73
10:18:21,7.72
10:18:27,7.73
10:18:34,7.72
10:18:37,7.73
10:18:56,7.74
10:19:05,7.73
10:19:08,7.74
10:19:09,7.73
10:19:10,7.74
10:19:31,7.73
10:19:33,7.74
10:19:49,7.73
10:19:57,7.72
10:20:04,7.71
10:20:14,7.72
10:20:33,7.73
10:20:34,7.74
10:21:03,7.75
10:21:10,7.76
10:21:18,7.75
10:21:19,7.76
10:21:22,7.75
10:21:29,7.76
10:21:43,7.75
10:22:22,7.74
10:22:25,7.75
10:22:54,7.74
10:23:04,7.75
10:23:16,7.76
10:24:08,7.77
10:24:14,7.78
10:24:15,7.77
10:24:16,7.78
10:24:17,7.77
10:24:36,7.78
10:24:43,7.77
10:24:46,7.76
10:25:08,7.77
10:25:10,7.76
10:25:16,7.77
10:25:18,7.76
10:25:36,7.77
10:25:36,7.76
10:25:37,7.77
10:25:40,7.76
10:25:48,7.77
10:25:49,7.76
10:26:04,7.77
10:26:04,7.76
10:26:06,7.77
10:26:22,7.78
10:26:25,7.77
10:26:27,7.78
10:26:31,7.77
10:26:36,7.78
10:26:42,7.77
10:26:51,7.78
10:26:57,7.79
10:26:59,7.8
10:27:02,7.79
10:27:03,7.8
10:27:21,7.81
10:27:22,7.8
10:27:25,7.79
10:27:27,7.78
10:27:29,7.79
10:27:30,7.78
10:27:47,7.77
10:28:17,7.78
10:28:38,7.77
10:28:39,7.78
10:28:39,7.77
10:28:40,7.78
10:28:42,7.77
10:28:54,7.78
10:28:59,7.77
10:28:59,7.78
10:29:16,7.77
10:29:20,7.78
10:29:25,7.77
10:29:26,7.78
10:29:34,7.76
10:29:59,7.77
10:30:01,7.78
10:30:14,7.77
10:30:20,7.76
10:30:38,7.77
10:30:38,7.76
10:30:48,7.77
10:30:55,7.78
10:30:56,7.79
10:31:00,7.8
10:31:06,7.81
10:31:06,7.8
10:31:07,7.79
10:31:07,7.8
10:31:15,7.79
10:31:17,7.78
10:31:17,7.79
10:31:18,7.78
10:31:18,7.79
10:31:20,7.78
10:31:21,7.79
10:31:22,7.78
10:31:23,7.79
10:31:26,7.8
10:31:32,7.81
10:31:34,7.8
10:31:51,7.81
10:31:53,7.82
10:32:01,7.83
10:32:02,7.82
10:32:06,7.84
10:32:14,7.85
10:32:20,7.84
10:32:23,7.85
10:32:24,7.84
10:32:30,7.83
10:32:32,7.84
10:32:44,7.83
10:32:46,7.84
10:32:47,7.83
10:32:47,7.84
10:33:01,7.83
10:33:01,7.84
10:33:10,7.83
10:33:13,7.84
10:33:48,7.83
10:33:58,7.82
10:33:59,7.83
10:34:02,7.82
10:35:12,7.81
10:35:13,7.8
10:35:14,7.81
10:35:17,7.8
10:35:26,7.81
10:35:27,7.8
10:35:38,7.81
10:35:44,7.82
10:35:59,7.8
10:36:02,7.81
10:36:21,7.8
10:36:58,7.79
10:37:05,7.8
10:37:06,7.79
10:37:09,7.78
10:37:10,7.79
10:37:18,7.8
10:37:18,7.81
10:37:27,7.8
10:37:46,7.81
10:37:46,7.82
10:38:24,7.83
10:38:37,7.82
10:38:39,7.83
10:38:48,7.82
10:38:57,7.83
10:39:05,7.82
10:39:39,7.83
10:39:50,7.84
10:39:52,7.83
10:40:20,7.84
10:40:29,7.83
10:40:34,7.84
10:41:48,7.85
10:41:53,7.84
10:42:06,7.85
10:42:17,7.86
10:42:18,7.85
10:42:20,7.84
10:42:37,7.85
10:42:39,7.86
10:42:57,7.85
10:43:01,7.86
10:43:05,7.85
10:43:17,7.86
10:43:28,7.85
10:43:37,7.84
10:45:04,7.85
10:45:06,7.86
10:45:30,7.85
10:45:49,7.86
10:45:51,7.85
10:46:04,7.86
10:46:06,7.85
10:46:26,7.86
10:46:29,7.84
10:46:30,7.85
10:46:48,7.86
10:46:54,7.84
10:47:00,7.85
10:47:17,7.86
10:47:53,7.85
10:47:54,7.86
10:47:56,7.85
10:48:02,7.84
10:48:55,7.85
10:49:15,7.86
10:51:05,7.85
10:51:13,7.86
10:51:19,7.85
10:51:25,7.83
10:51:37,7.82
10:52:24,7.81
10:52:27,7.82
10:53:10,7.81
10:53:11,7.82
10:53:12,7.81
10:53:26,7.82
10:55:20,7.83
10:55:24,7.82
10:55:25,7.83
10:55:26,7.82
10:55:27,7.83
10:55:37,7.84
10:55:54,7.83
10:55:56,7.84
10:56:00,7.83
10:56:10,7.84
10:56:23,7.85
10:56:31,7.86
10:57:04,7.85
10:57:11,7.86
10:57:16,7.85
10:57:20,7.84
10:58:11,7.83
10:58:26,7.84
10:59:34,7.83
10:59:48,7.84
11:00:11,7.85
11:00:12,7.86
11:00:35,7.87
11:00:35,7.86
11:00:37,7.87
11:00:47,7.86
11:00:53,7.88
11:00:53,7.87
11:01:17,7.86
11:01:18,7.87
11:01:20,7.86
11:01:51,7.85
11:01:52,7.86
11:01:59,7.85
11:02:32,7.86
11:04:10,7.85
11:04:40,7.86
11:04:53,7.85
11:04:59,7.86
11:05:21,7.87
11:05:35,7.88
11:05:45,7.89
11:05:48,7.87
11:05:52,7.88
11:06:21,7.89
11:06:33,7.9
11:06:33,7.89
11:07:58,7.9
11:08:07,7.91
11:08:10,7.9
11:08:14,7.89
11:08:38,7.88
11:08:41,7.89
11:08:41,7.88
11:08:43,7.87
11:09:10,7.88
11:09:15,7.87
11:09:26,7.88
11:09:31,7.87
11:09:51,7.86
11:09:53,7.87
11:09:59,7.88
11:10:03,7.89
11:10:25,7.88
11:10:31,7.89
11:11:23,7.88
11:11:25,7.87
11:11:32,7.88
11:11:37,7.87
11:11:58,7.86
11:12:03,7.85
11:12:10,7.86
11:13:58,7.87
11:14:12,7.86
11:14:56,7.85
11:15:19,7.84
11:15:20,7.85
11:15:22,7.84
11:16:04,7.83
11:16:41,7.84
11:16:47,7.85
11:16:50,7.84
11:17:22,7.85
11:17:23,7.86
11:17:24,7.85
11:18:10,7.86
11:18:40,7.85
11:18:40,7.84
11:20:26,7.85
11:20:30,7.84
11:20:41,7.83
11:20:43,7.82
11:20:55,7.83
11:20:57,7.82
11:20:58,7.83
11:21:01,7.82
11:21:13,7.83
11:21:20,7.82
11:21:42,7.81
11:22:08,7.82
11:22:13,7.81
11:22:26,7.8
11:22:28,7.81
11:22:34,7.8
11:22:37,7.81
11:22:40,7.8
11:22:45,7.81
11:22:48,7.8
11:22:56,7.81
11:23:19,7.8
11:23:19,7.81
11:23:20,7.8
11:25:19,7.82
11:25:36,7.81
11:26:11,7.82
11:26:13,7.81
11:26:20,7.82
11:26:23,7.81
11:26:34,7.82
11:26:54,7.83
11:26:58,7.84
11:27:02,7.85
11:27:08,7.84
11:27:40,7.83
11:27:44,7.82
11:28:22,7.83
11:28:34,7.82
11:28:49,7.83
11:29:00,7.84
11:29:16,7.83
11:29:34,7.84
11:31:11,7.83
11:31:13,7.84
11:31:18,7.82
11:31:54,7.83
11:31:55,7.82
11:31:56,7.83
11:31:56,7.84
11:32:22,7.83
11:32:35,7.84
11:33:07,7.83
11:33:08,7.82
11:33:51,7.81
11:34:22,7.82
11:34:27,7.81
11:34:48,7.82
11:34:53,7.81
11:35:05,7.82
11:35:08,7.81
11:35:46,7.8
11:35:49,7.81
11:35:59,7.8
11:36:04,7.81
11:36:18,7.8
11:36:18,7.81
11:36:30,7.8
11:36:32,7.81
11:37:02,7.82
11:37:29,7.83
11:37:29,7.82
11:37:31,7.83
11:38:07,7.82
11:39:35,7.83
11:39:37,7.82
11:39:42,7.83
11:39:56,7.82
11:40:06,7.83
11:40:16,7.82
11:40:19,7.83
11:40:19,7.82
11:40:20,7.83
11:40:27,7.84
11:40:27,7.83
11:40:29,7.84
11:40:49,7.85
11:40:58,7.86
11:41:00,7.85
11:41:12,7.86
11:41:48,7.85
11:42:10,7.84
11:42:39,7.83
11:43:00,7.84
11:43:09,7.85
11:43:41,7.86
11:44:03,7.87
11:44:04,7.86
11:44:23,7.87
11:44:53,7.88
11:45:09,7.89
11:45:45,7.9
11:45:46,7.91
11:46:29,7.9
11:46:29,7.91
11:46:34,7.9
11:46:45,7.89
11:46:45,7.9
11:46:45,7.89
11:47:37,7.88
11:47:37,7.87
11:47:54,7.86
11:48:27,7.87
11:48:51,7.86
11:49:09,7.87
11:49:11,7.86
11:49:11,7.87
11:50:02,7.88
11:50:05,7.89
11:50:07,7.9
11:50:19,7.89
11:50:39,7.88
11:51:14,7.87
11:52:14,7.86
11:52:18,7.87
11:52:44,7.88
11:52:54,7.87
11:52:55,7.88
11:52:59,7.89
11:53:31,7.9
11:53:36,7.89
11:53:57,7.9
11:53:57,7.89
11:54:26,7.88
11:54:56,7.89
11:55:53,7.9
11:56:04,7.89
11:56:07,7.9
11:56:14,7.91
11:56:14,7.9
11:56:25,7.89
11:56:32,7.9
11:56:36,7.89
11:57:27,7.9
11:57:30,7.88
11:58:05,7.87
11:59:14,7.86
12:00:15,7.87
12:00:30,7.88
12:00:38,7.87
12:00:39,7.88
12:00:57,7.87
12:00:59,7.88
12:01:11,7.89
12:01:14,7.88
12:01:58,7.89
12:02:04,7.88
12:02:23,7.87
12:04:55,7.88
12:05:22,7.87
12:05:39,7.88
12:05:47,7.86
12:05:49,7.87
12:06:08,7.86
12:06:22,7.85
12:06:25,7.86
12:07:39,7.85
12:07:39,7.86
12:08:02,7.85
12:08:03,7.84
12:08:19,7.85
12:08:37,7.86
12:10:39,7.87
12:11:12,7.86
12:11:13,7.87
12:11:55,7.86
12:14:13,7.87
12:14:52,7.86
12:15:00,7.87
12:15:25,7.86
12:15:25,7.87
12:15:50,7.86
12:17:44,7.85
12:17:56,7.86
12:19:15,7.87
12:19:16,7.86
12:19:43,7.87
12:19:48,7.86
12:20:16,7.87
12:20:21,7.86
12:20:23,7.87
12:20:23,7.86
12:20:24,7.87
12:20:56,7.88
12:20:58,7.87
12:21:28,7.88
12:21:35,7.87
12:21:55,7.88
12:21:57,7.89
12:22:14,7.88
12:22:40,7.87
12:23:38,7.89
12:23:54,7.88
12:23:57,7.89
12:24:27,7.9
12:24:43,7.91
12:24:54,7.92
12:25:03,7.91
12:25:03,7.92
12:25:13,7.91
12:25:13,7.92
12:25:32,7.93
12:25:42,7.94
12:26:13,7.93
12:26:14,7.94
12:26:19,7.93
12:26:32,7.94
12:26:35,7.93
12:26:38,7.94
12:26:38,7.93
12:26:44,7.94
12:27:03,7.93
12:27:41,7.94
12:27:43,7.93
12:27:52,7.94
12:28:52,7.93
12:28:55,7.94
12:29:17,7.93
12:29:18,7.95
12:29:18,7.94
12:29:19,7.93
12:29:24,7.94
12:29:25,7.93
12:29:28,7.94
12:29:31,7.93
12:29:36,7.94
12:29:54,7.95
12:30:01,7.96
12:30:10,7.95
12:31:31,7.96
12:31:53,7.97
12:32:03,7.96
12:32:20,7.97
12:32:23,7.96
12:32:31,7.97
12:32:52,7.96
12:32:56,7.95
12:32:58,7.94
12:33:22,7.93
12:33:41,7.94
12:33:41,7.93
12:33:41,7.94
12:33:52,7.93
12:33:58,7.94
12:34:17,7.93
12:34:48,7.92
12:34:57,7.93
12:35:10,7.92
12:35:15,7.93
12:36:07,7.92
12:36:22,7.91
12:36:45,7.92
12:37:13,7.91
12:37:58,7.92
12:37:58,7.93
12:38:17,7.92
12:38:20,7.93
12:38:23,7.92
12:38:23,7.93
12:38:46,7.94
12:39:13,7.95
12:39:18,7.94
12:41:34,7.93
12:42:12,7.92
12:42:36,7.91
12:43:39,7.9
12:43:47,7.91
12:44:44,7.92
12:46:11,7.91
12:46:11,7.92
12:46:16,7.91
12:46:19,7.92
12:46:22,7.91
12:46:24,7.92
12:46:26,7.93
12:46:29,7.92
12:46:31,7.93
12:47:51,7.94
12:48:21,7.93
12:48:56,7.92
12:48:57,7.93
12:49:15,7.92
12:49:17,7.91
12:49:18,7.92
12:49:24,7.93
12:50:29,7.94
12:50:45,7.93
12:51:21,7.92
12:51:23,7.93
12:51:24,7.92
12:51:27,7.93
12:51:32,7.92
12:51:36,7.93
12:52:06,7.94
12:52:20,7.93
12:52:31,7.94
12:52:48,7.93
12:53:23,7.94
12:53:34,7.93
12:53:37,7.94
12:53:44,7.93
12:53:47,7.94
12:54:42,7.95
12:54:46,7.94
12:54:47,7.95
12:54:59,7.96
12:55:45,7.95
12:56:07,7.94
12:56:13,7.95
12:56:29,7.94
12:56:38,7.95
12:56:50,7.96
12:56:52,7.95
12:57:09,7.96
12:57:10,7.95
12:58:21,7.94
12:58:23,7.93
12:58:25,7.94
12:58:55,7.93
12:59:55,7.95
13:00:19,7.94
13:00:30,7.95
13:00:34,7.94
13:01:09,7.93
13:01:27,7.94
13:01:30,7.93
13:02:05,7.94
13:02:10,7.95
13:02:19,7.94
13:02:32,7.93
13:03:31,7.94
13:03:33,7.95
13:04:32,7.94
13:04:32,7.95
13:04:37,7.96
13:04:40,7.95
13:05:15,7.96
13:05:20,7.95
13:05:35,7.96
13:05:46,7.97
13:06:01,7.96
13:06:02,7.97
13:06:07,7.96
13:06:22,7.97
13:06:29,7.96
13:06:34,7.97
13:09:48,7.98
13:10:08,7.97
13:10:18,7.98
13:10:23,7.97
13:11:00,7.98
13:11:24,7.97
13:11:26,7.98
13:12:40,7.97
13:13:45,7.98
13:13:55,7.97
13:14:24,7.98
13:14:34,7.97
13:14:38,7.98
13:14:48,7.97
13:14:59,7.98
13:15:48,7.99
13:16:36,7.98
13:16:57,7.99
13:17:00,7.98
13:17:02,7.99
13:17:06,7.98
13:17:13,7.99
13:17:15,7.98
13:17:39,7.97
13:17:41,7.98
13:17:51,7.97
13:17:52,7.98
13:18:11,7.97
13:18:17,7.98
13:19:10,7.99
13:19:12,7.98
13:19:12,7.99
13:19:13,7.98
13:19:15,7.99
13:19:15,7.98
13:19:17,7.99
13:19:18,7.98
13:19:30,7.97
13:22:16,7.98
13:22:56,7.97
13:23:16,7.98
13:23:29,7.97
13:23:46,7.98
13:24:02,7.97
13:24:13,7.98
13:24:32,7.97
13:24:47,7.98
13:25:23,7.97
13:25:53,7.98
13:25:54,7.97
13:26:14,7.98
13:26:16,7.97
13:26:21,7.98
13:26:23,7.97
13:26:24,7.96
13:26:26,7.97
13:26:49,7.96
13:26:50,7.95
13:26:52,7.96
13:27:07,7.95
13:27:37,7.94
13:27:38,7.95
13:29:39,7.94
13:29:40,7.93
13:29:57,7.94
13:30:23,7.93
13:31:16,7.92
13:31:37,7.93
13:32:02,7.92
13:32:21,7.93
13:32:47,7.92
13:33:12,7.93
13:33:36,7.92
13:33:40,7.93
13:33:47,7.94
13:33:48,7.95
13:33:54,7.94
13:33:54,7.95
13:33:55,7.94
13:34:28,7.93
13:34:39,7.94
13:34:52,7.95
13:37:46,7.96
13:38:20,7.95
13:38:21,7.96
13:38:29,7.95
13:38:49,7.96
13:38:55,7.95
13:38:56,7.96
13:39:05,7.97
13:39:33,7.96
13:39:35,7.95
13:39:37,7.96
13:39:43,7.95
13:42:10,7.96
13:42:25,7.97
13:43:56,7.98
13:45:02,7.99
13:46:12,7.98
13:46:12,7.99
13:46:54,8
13:47:02,7.99
13:47:13,8
13:47:14,7.99
13:47:16,8
13:47:18,7.99
13:47:18,8
13:47:20,7.99
13:48:30,8
13:48:36,7.99
13:49:32,7.98
13:50:21,7.97
13:50:22,7.98
13:50:31,7.97
13:50:53,7.98
13:51:33,7.97
13:51:34,7.98
13:51:53,7.99
13:52:29,7.98
13:52:31,7.99
13:52:36,7.98
13:52:43,7.99
13:52:43,7.98
13:52:48,7.99
13:52:50,7.98
13:52:51,7.99
13:52:55,7.98
13:53:04,7.99
13:53:05,7.98
13:53:30,7.99
13:54:20,8
13:54:20,7.99
13:54:56,7.98
13:54:56,7.99
13:57:12,7.98
13:57:24,7.99
13:57:25,7.98
13:57:31,7.99
13:57:39,7.98
13:57:52,7.99
13:58:32,7.98
13:58:33,7.99
13:58:37,7.98
13:58:41,7.99
14:00:08,7.98
14:00:15,7.99
14:00:56,7.98
14:01:00,7.97
14:01:02,7.98
14:01:04,7.97
14:01:06,7.98
14:01:30,7.99
14:02:12,7.98
14:02:16,7.99
14:03:15,7.98
14:03:30,7.99
14:03:31,7.98
14:03:34,7.99
14:03:35,7.98
14:03:35,7.97
14:03:35,7.98
14:03:36,7.97
14:05:15,7.98
14:05:30,7.97
14:07:40,7.96
14:08:07,7.97
14:08:09,7.96
14:08:17,7.97
14:08:31,7.96
14:08:35,7.97
14:08:35,7.96
14:08:41,7.95
14:08:42,7.96
14:08:46,7.95
14:09:09,7.94
14:09:10,7.95
14:09:16,7.94
14:09:21,7.95
14:09:21,7.94
14:09:35,7.93
14:09:39,7.92
14:09:40,7.93
14:09:46,7.92
14:09:48,7.91
14:09:48,7.92
14:10:21,7.91
14:11:14,7.9
14:11:20,7.91
14:11:25,7.9
14:11:40,7.89
14:11:42,7.9
14:11:46,7.91
14:11:55,7.9
14:12:17,7.91
14:12:49,7.92
14:13:25,7.91
14:13:57,7.92
14:14:15,7.91
14:14:17,7.92
14:14:35,7.91
14:15:09,7.92
14:15:17,7.91
14:15:18,7.92
14:15:37,7.91
14:15:40,7.92
14:15:53,7.91
14:15:59,7.92
14:16:07,7.91
14:16:23,7.92
14:16:23,7.91
14:17:09,7.92
14:17:12,7.91
14:17:21,7.92
14:17:23,7.91
14:17:42,7.92
14:18:08,7.91
14:18:40,7.92
14:18:41,7.91
14:18:54,7.92
14:19:00,7.91
14:20:03,7.9
14:20:03,7.91
14:20:07,7.9
14:20:22,7.91
14:20:26,7.9
14:20:35,7.89
14:20:35,7.9
14:20:36,7.89
14:20:37,7.9
14:20:45,7.89
14:20:46,7.9
14:21:06,7.91
14:21:26,7.9
14:21:38,7.91
14:21:48,7.9
14:22:09,7.91
14:22:09,7.9
14:22:12,7.91
14:22:13,7.9
14:22:45,7.91
14:22:50,7.9
14:23:15,7.91
14:23:18,7.9
14:23:21,7.91
14:23:22,7.9
14:23:26,7.91
14:23:29,7.9
14:23:42,7.89
14:23:56,7.88
14:23:56,7.89
14:23:57,7.88
14:24:09,7.89
14:25:34,7.9
14:25:35,7.91
14:25:49,7.92
14:25:54,7.91
14:25:56,7.92
14:25:59,7.91
14:26:06,7.92
14:26:12,7.91
14:26:16,7.92
14:26:19,7.91
14:26:20,7.92
14:26:22,7.91
14:26:23,7.92
14:26:24,7.93
14:27:24,7.92
14:27:24,7.93
14:27:32,7.92
14:27:52,7.93
14:29:14,7.94
14:29:24,7.93
14:29:43,7.92
14:29:43,7.93
14:29:43,7.92
14:29:45,7.91
14:30:38,7.92
14:30:38,7.93
14:31:01,7.92
14:31:03,7.93
14:31:24,7.92
14:31:34,7.93
14:31:38,7.92
14:31:55,7.93
14:31:56,7.92
14:32:19,7.93
14:32:22,7.92
14:33:01,7.93
14:33:03,7.92
14:33:03,7.93
14:33:14,7.92
14:33:20,7.93
14:33:21,7.92
14:33:25,7.93
14:33:26,7.92
14:33:28,7.93
14:33:52,7.92
14:34:07,7.91
14:34:45,7.9
14:34:46,7.91
14:35:00,7.9
14:35:05,7.91
14:35:06,7.9
14:35:31,7.91
14:35:35,7.9
14:35:38,7.91
14:35:39,7.9
14:35:50,7.91
14:35:58,7.9
14:36:20,7.91
14:36:21,7.9
14:36:21,7.91
14:36:31,7.9
14:37:23,7.89
14:37:24,7.9
14:37:26,7.91
14:38:50,7.9
14:38:52,7.91
14:38:52,7.9
14:39:17,7.91
14:39:18,7.9
14:39:22,7.91
14:39:27,7.9
14:39:30,7.91
14:39:33,7.9
14:39:33,7.91
14:39:41,7.9
14:39:47,7.91
14:40:31,7.9
14:40:52,7.91
14:41:26,7.9
14:41:32,7.91
14:41:39,7.89
14:41:40,7.9
14:41:41,7.89
14:41:44,7.9
14:41:45,7.89
14:41:47,7.9
14:41:47,7.89
14:41:57,7.9
14:41:58,7.89
14:42:13,7.88
14:42:28,7.87
14:42:29,7.88
14:42:30,7.89
14:42:35,7.88
14:42:36,7.89
14:42:37,7.88
14:42:59,7.89
14:42:59,7.88
14:43:16,7.89
14:43:17,7.88
14:43:23,7.89
14:43:48,7.9
14:43:49,7.89
14:44:04,7.9
14:44:05,7.89
14:44:11,7.9
14:44:13,7.89
14:44:18,7.9
14:44:23,7.89
14:44:24,7.9
14:44:28,7.89
14:44:31,7.9
14:44:38,7.89
14:45:28,7.88
14:45:38,7.89
14:45:47,7.88
14:46:11,7.89
14:46:15,7.88
14:46:26,7.89
14:46:28,7.88
14:46:32,7.89
14:46:33,7.88
14:46:41,7.89
14:46:46,7.88
14:46:53,7.89
14:46:56,7.88
14:47:16,7.87
14:48:02,7.86
14:49:09,7.85
14:49:20,7.86
14:49:21,7.85
14:49:28,7.84
14:49:28,7.85
14:49:28,7.84
14:50:25,7.83
14:50:32,7.84
14:50:35,7.83
14:50:53,7.84
14:50:54,7.83
14:50:57,7.82
14:51:11,7.83
14:51:13,7.82
14:51:15,7.83
14:51:17,7.84
14:51:21,7.83
14:51:22,7.84
14:51:22,7.83
14:51:24,7.84
14:52:06,7.85
14:52:06,7.84
14:52:10,7.85
14:52:32,7.84
14:52:52,7.85
14:52:53,7.86
14:54:31,7.87
14:54:32,7.86
14:54:41,7.87
14:54:42,7.86
14:55:22,7.87
14:55:23,7.86
14:56:11,7.87
14:56:54,7.88
14:56:55,7.87
14:57:11,7.88
14:57:12,7.87
14:57:14,7.88
14:57:15,7.89
14:57:17,7.88
14:57:20,7.89
14:57:46,7.88
14:57:49,7.89
14:57:54,7.88
14:58:05,7.89
14:58:33,7.9
14:58:35,7.89
14:58:43,7.9
14:58:44,7.91
14:59:23,7.9
14:59:26,7.91
14:59:27,7.9
14:59:27,7.91
14:59:28,7.9
14:59:31,7.91
14:59:41,7.9
14:59:44,7.91
14:59:49,7.9
14:59:51,7.91
14:59:51,7.9
14:59:58,7.91
15:02:44,7.9
15:02:49,7.91
15:03:43,7.9
15:03:44,7.91
15:03:52,7.92
15:03:52,7.91
15:03:53,7.92
15:03:54,7.91
15:04:07,7.92
15:04:09,7.91
15:04:39,7.92
15:04:43,7.91
15:04:48,7.92
15:04:51,7.91
15:04:58,7.92
15:05:00,7.91
15:05:07,7.92
15:05:09,7.91
15:05:11,7.92
15:05:11,7.91
15:05:19,7.92
15:05:19,7.91
15:05:34,7.92
15:05:34,7.91
15:05:35,7.92
15:05:55,7.91
15:06:31,7.92
15:06:48,7.91
15:06:49,7.92
15:06:54,7.91
15:06:56,7.92
15:06:57,7.91
15:07:21,7.9
15:07:22,7.89
15:07:55,7.88
15:08:06,7.89
15:08:12,7.88
15:08:15,7.89
15:08:33,7.88
15:08:41,7.89
15:08:56,7.88
15:09:22,7.87
15:09:26,7.88
15:09:27,7.87
15:09:58,7.86
15:10:07,7.87
15:10:09,7.86
15:10:24,7.85
15:10:32,7.86
15:10:55,7.85
15:10:57,7.86
15:10:58,7.85
15:11:11,7.86
15:11:14,7.85
15:11:14,7.86
15:11:52,7.87
15:11:58,7.88
15:12:50,7.87
15:14:19,7.88
15:14:22,7.87
15:14:23,7.88
15:14:28,7.89
15:14:48,7.9
15:14:48,7.89
15:14:51,7.9
15:14:54,7.89
15:14:54,7.9
15:14:55,7.91
15:14:56,7.9
15:14:57,7.91
15:14:59,7.9
15:14:59,7.91
15:15:00,7.9
15:15:00,7.91
15:15:03,7.9
15:15:04,7.91
15:15:04,7.9
15:15:06,7.91
15:16:38,7.92
15:16:40,7.91
15:16:41,7.92
15:16:41,7.91
15:16:43,7.92
15:16:44,7.91
15:16:44,7.92
15:16:45,7.91
15:16:46,7.92
15:16:50,7.93
15:17:13,7.92
15:17:17,7.93
15:17:34,7.92
15:17:42,7.93
15:17:54,7.94
15:17:55,7.93
15:17:55,7.94
15:17:56,7.93
15:17:57,7.94
15:18:15,7.93
15:18:15,7.94
15:18:18,7.93
15:18:19,7.95
15:18:28,7.94
15:18:55,7.95
15:19:27,7.96
15:19:27,7.95
15:19:33,7.96
15:19:51,7.95
15:20:10,7.96
15:20:23,7.95
15:20:31,7.94
15:20:31,7.93
15:20:32,7.92
15:20:33,7.93
15:20:33,7.92
15:20:50,7.93
15:21:49,7.92
15:21:52,7.93
15:21:52,7.92
15:21:53,7.93
15:21:54,7.92
15:21:59,7.93
15:22:00,7.92
15:22:07,7.91
15:24:31,7.92
15:24:31,7.91
15:24:52,7.92
15:25:17,7.91
15:26:05,7.92
15:26:12,7.91
15:26:17,7.9
15:26:17,7.89
15:26:21,7.9
15:26:23,7.91
15:26:24,7.9
15:27:00,7.91
15:27:05,7.9
15:27:06,7.91
15:28:23,7.9
15:28:28,7.91
15:28:57,7.9
15:28:58,7.91
15:30:38,7.92
15:30:39,7.93
15:30:41,7.92
15:30:41,7.93
15:30:58,7.92
15:30:59,7.93
15:31:00,7.92
15:31:02,7.93
15:31:03,7.92
15:31:04,7.93
15:31:04,7.92
15:31:06,7.93
15:31:09,7.92
15:31:09,7.93
15:31:11,7.92
15:31:12,7.93
15:31:12,7.92
15:31:13,7.93
15:31:15,7.92
15:31:15,7.93
15:31:19,7.91
15:31:44,7.92
15:31:44,7.91
15:31:46,7.92
15:31:47,7.93
15:31:49,7.92
15:31:51,7.91
15:32:04,7.92
15:32:36,7.91
15:32:44,7.9
15:32:58,7.91
15:33:49,7.93
15:33:52,7.92
15:34:08,7.91
15:34:09,7.92
15:34:13,7.93
15:34:14,7.92
15:34:16,7.93
15:34:19,7.92
15:34:23,7.91
15:34:24,7.92
15:34:30,7.91
15:34:45,7.93
15:34:53,7.91
15:34:54,7.92
15:34:59,7.91
15:35:01,7.92
15:35:11,7.93
15:35:13,7.92
15:35:25,7.93
15:36:05,7.92
15:36:05,7.91
15:36:18,7.92
15:36:19,7.93
15:36:19,7.92
15:36:31,7.93
15:37:28,7.92
15:37:40,7.93
15:39:37,7.92
15:39:54,7.93
15:40:10,7.92
15:40:15,7.93
15:40:21,7.94
15:41:04,7.93
15:41:08,7.94
15:41:25,7.92
15:41:25,7.93
15:41:37,7.92
15:41:43,7.93
15:42:27,7.94
15:42:29,7.93
15:42:39,7.94
15:43:00,7.93
15:43:04,7.94
15:43:45,7.95
15:44:04,7.96
15:44:09,7.95
15:44:12,7.96
15:44:21,7.95
15:44:34,7.96
15:45:05,7.95
15:45:09,7.96
15:45:17,7.97
15:45:18,7.96
15:45:18,7.97
15:45:21,7.96
15:45:33,7.97
15:45:35,7.96
15:45:38,7.95
15:45:45,7.96
15:45:49,7.95
15:45:52,7.96
15:45:58,7.95
15:46:19,7.96
15:46:22,7.95
15:46:24,7.96
15:46:29,7.97
15:46:42,7.96
15:47:01,7.97
15:47:29,7.96
15:47:31,7.97
15:47:32,7.96
15:47:32,7.95
15:47:45,7.94
15:47:45,7.93
15:48:16,7.95
15:48:17,7.94
15:48:18,7.95
15:48:50,7.94
15:48:54,7.95
15:48:57,7.94
15:49:07,7.95
15:49:35,7.94
15:49:44,7.95
15:49:44,7.94
15:49:47,7.95
15:49:59,7.94
15:49:59,7.95
15:50:19,7.94
15:50:19,7.95
15:50:22,7.94
15:50:24,7.95
15:50:25,7.94
15:50:26,7.95
15:50:34,7.94
15:50:35,7.93
15:51:35,7.94
15:51:36,7.95
15:52:11,7.96
15:52:11,7.95
15:52:34,7.93
15:52:40,7.94
15:52:47,7.93
15:53:33,7.94
15:53:34,7.93
15:53:41,7.94
15:53:42,7.93
15:53:53,7.92
15:53:53,7.93
15:53:55,7.92
15:53:55,7.91
15:54:07,7.92
15:54:10,7.91
15:54:19,7.92
15:54:28,7.91
15:54:28,7.92
15:54:30,7.93
15:54:31,7.92
15:54:31,7.93
15:54:32,7.92
15:54:32,7.93
15:54:33,7.92
15:54:37,7.93
15:54:38,7.92
15:54:40,7.93
15:54:41,7.92
15:54:45,7.93
15:54:46,7.92
15:54:47,7.93
15:54:47,7.92
15:54:51,7.93
15:54:52,7.92
15:54:56,7.93
15:55:03,7.92
15:55:25,7.93
15:55:59,7.92
15:56:00,7.93
15:56:13,7.92
15:56:16,7.93
15:56:16,7.92
15:56:17,7.93
15:56:20,7.92
15:56:25,7.93
15:56:33,7.92
15:56:33,7.93
15:56:37,7.92
15:56:39,7.93
15:56:48,7.92
15:56:49,7.93
15:56:51,7.92
15:56:51,7.93
15:56:55,7.92
15:56:58,7.93
15:57:07,7.92
15:57:08,7.93
15:57:17,7.94
15:57:17,7.93
15:57:19,7.94
15:57:20,7.93
15:57:32,7.94
15:57:34,7.93
15:57:38,7.94
15:57:40,7.93
15:57:48,7.94
15:57:49,7.93
15:57:55,7.94
15:57:57,7.93
15:58:00,7.94
15:58:00,7.93
15:58:03,7.94
15:58:04,7.93
15:58:05,7.94
15:58:06,7.93
15:58:08,7.94
15:58:11,7.93
15:58:12,7.94
15:58:13,7.93
15:58:13,7.94
15:58:13,7.93
15:58:14,7.94
15:58:15,7.93
15:58:15,7.94
15:58:17,7.93
15:58:17,7.94
15:58:17,7.93
15:58:18,7.94
15:58:18,7.93
15:58:19,7.94
15:58:20,7.93
15:58:21,7.94
15:58:22,7.93
15:58:25,7.94
15:58:26,7.93
15:58:27,7.94
15:58:28,7.93
15:58:29,7.94
15:58:30,7.93
15:58:32,7.94
15:58:33,7.93
15:58:34,7.94
15:58:34,7.93
15:58:41,7.94
15:58:41,7.93
15:58:44,7.94
15:58:45,7.93
15:58:46,7.94
15:58:47,7.93
15:58:56,7.94
15:58:56,7.93
15:58:58,7.94
15:58:58,7.93
15:59:18,7.94
15:59:19,7.93
15:59:22,7.94
15:59:23,7.93
15:59:26,7.92
15:59:26,7.93
15:59:26,7.92
15:59:28,7.93
15:59:29,7.92
15:59:29,7.93
15:59:29,7.92
15:59:30,7.93
15:59:31,7.92
15:59:33,7.93
15:59:33,7.92
15:59:37,7.93
15:59:37,7.92
15:59:39,7.93
15:59:39,7.92
15:59:42,7.93
15:59:42,7.92
15:59:43,7.93
15:59:43,7.92
15:59:44,7.93
15:59:44,7.92
15:59:45,7.93
15:59:46,7.92
15:59:47,7.93
15:59:47,7.92
15:59:54,7.93
15:59:54,7.92
15:59:55,7.93
15:59:55,7.92
15:59:57,7.93
15:59:57,7.92
16:00:01,7.93
16:00:01,7.92
16:00:05,7.93
16:00:05,7.92
16:00:09,7.93
16:00:09,7.92
16:00:09,7.93
16:00:11,7.92
16:00:11,7.93
16:00:11,7.92
16:00:13,7.93
16:00:16,7.92
16:01:10,7.93
