09:30:04,57.18
09:30:05,57.46
09:30:10,57.19
09:30:15,57.03
09:30:52,57.11
09:30:53,57.2
09:30:56,57.03
09:31:49,57.3
09:32:09,57.05
09:32:16,57.27
09:32:56,56.98
09:33:00,56.99
09:33:22,57
09:33:28,57.18
09:33:29,57
09:34:07,56.96
09:34:34,57.08
09:34:43,56.92
09:35:15,56.87
09:35:19,56.9
09:35:25,56.95
09:35:39,57.03
09:35:44,56.93
09:35:53,57.02
09:36:09,57.06
09:36:21,57.07
09:36:33,57.08
09:36:36,56.99
09:36:38,57.14
09:36:38,57.13
09:36:39,57.17
09:36:51,57.44
09:36:52,57.43
09:36:53,57.48
09:37:05,57.29
09:37:09,57.15
09:37:20,57.2
09:37:24,57.19
09:37:24,57.27
09:37:29,57.31
09:37:36,57.24
09:37:45,57.31
09:37:58,57.23
09:38:02,57.35
09:38:17,57.29
09:38:33,57.3
09:38:33,57.4
09:38:33,57.28
09:38:50,57.27
09:38:56,57.34
09:39:06,57.36
09:39:08,57.35
09:39:18,57.34
09:39:22,57.47
09:39:54,57.5
09:40:05,57.57
09:40:10,57.55
09:40:20,57.47
09:40:27,57.45
09:40:39,57.4
09:40:44,57.48
09:40:44,57.42
09:40:48,57.51
09:41:01,57.42
09:41:12,57.33
09:41:12,57.28
09:41:12,57.21
09:41:44,57.24
09:41:44,57.27
09:41:44,57.21
09:41:51,57.35
09:41:52,57.26
09:41:58,57.35
09:42:06,57.39
09:42:08,57.25
09:42:16,57.4
09:42:16,57.31
09:42:31,57.29
09:42:38,57.4
09:42:58,57.36
09:42:58,57.4
09:43:20,57.29
09:43:20,57.21
09:43:30,57.39
09:43:31,57.22
09:43:49,57.38
09:44:06,57.31
09:44:06,57.29
09:44:15,57.38
09:44:22,57.3
09:44:58,57.36
09:44:58,57.38
09:45:24,57.26
09:45:26,57.32
09:45:32,57.38
09:45:40,57.32
09:45:45,57.38
09:45:48,57.39
09:45:49,57.36
09:45:49,57.33
09:45:52,57.3
09:45:56,57.38
09:46:08,57.4
09:46:26,57.31
09:46:28,57.29
09:46:32,57.31
09:46:35,57.24
09:47:21,57.37
09:47:29,57.24
09:47:29,57.36
09:47:35,57.33
09:47:40,57.34
09:47:46,57.29
09:47:47,57.19
09:47:47,57.34
09:47:51,57.33
09:47:51,57.2
09:47:51,57.24
09:48:09,57.29
09:48:10,57.24
09:48:14,57.31
09:48:16,57.23
09:48:25,57.24
09:48:32,57.28
09:48:34,57.18
09:48:40,57.24
09:48:52,57.23
09:48:58,57.28
09:49:15,57.12
09:49:15,57.16
09:49:15,57.03
09:49:16,57.04
09:49:26,57.12
09:49:37,57.07
09:50:10,57.12
09:50:24,57.17
09:50:24,57.12
09:50:27,57.07
09:50:28,56.92
09:50:35,56.85
09:50:36,56.77
09:50:39,56.73
09:50:56,56.86
09:51:22,56.83
09:51:24,56.76
09:51:25,56.75
09:51:25,56.78
09:51:42,56.84
09:51:42,56.73
09:51:46,56.85
09:52:00,56.89
09:52:10,56.9
09:52:19,56.91
09:52:38,57.07
09:52:57,57.14
09:53:16,57.18
09:53:25,57.02
09:53:35,57.18
09:54:14,57.19
09:54:52,57.2
09:55:01,57.14
09:55:07,57.19
09:55:10,57.2
09:55:20,57.17
09:55:20,57.08
09:55:23,57.09
09:55:25,57.05
09:55:29,57.11
09:55:31,57.05
09:55:43,57.15
09:55:48,57.1
09:55:49,57.07
09:55:59,57.12
09:55:59,57.1
09:56:01,57.12
09:56:18,57.15
09:56:23,57.09
09:56:23,57.05
09:56:58,57.09
09:57:09,57.1
09:57:11,57.15
09:57:11,57.22
09:57:11,57.17
09:57:34,57.18
09:57:55,57.19
09:58:10,57.13
09:58:10,57.11
09:58:17,57.19
09:58:18,57.12
09:58:19,57.11
09:58:25,57.1
09:58:30,57.13
09:58:33,57.18
09:58:38,56.99
09:58:38,57.05
09:58:40,57
09:59:04,57.01
09:59:04,56.96
09:59:13,57.03
09:59:13,56.92
09:59:14,57
09:59:21,56.97
09:59:21,56.96
09:59:22,56.95
09:59:28,56.89
09:59:31,56.91
09:59:37,56.85
09:59:59,56.89
10:00:10,56.84
10:00:11,56.72
10:00:17,56.79
10:00:19,56.8
10:00:20,56.92
10:00:30,56.84
10:00:37,56.93
10:00:44,56.84
10:01:09,56.85
10:01:18,56.9
10:01:18,56.92
10:01:22,56.86
10:01:25,56.95
10:01:26,56.92
10:01:43,57.03
10:01:51,56.96
10:01:55,57.02
10:01:58,57.01
10:01:58,56.89
10:01:59,56.88
10:01:59,56.91
10:02:13,56.89
10:02:19,56.9
10:02:26,56.89
10:02:32,56.91
10:02:33,56.88
10:02:35,56.86
10:02:44,56.91
10:02:45,56.96
10:02:46,56.89
10:02:55,56.94
10:03:00,56.93
10:03:08,56.94
10:03:28,56.99
10:03:39,57
10:03:58,56.97
10:04:04,56.93
10:04:12,56.94
10:04:14,56.97
10:04:16,56.91
10:04:21,56.98
10:04:23,56.95
10:04:25,56.9
10:04:28,56.89
10:04:31,56.94
10:04:36,56.91
10:04:36,57.06
10:04:46,57.04
10:05:03,57.01
10:06:11,57.02
10:06:17,57.06
10:06:17,57.07
10:06:24,57.09
10:06:24,57.15
10:06:28,57.12
10:06:35,57.1
10:06:39,57.17
10:06:53,57.19
10:06:54,57.18
10:06:55,57.21
10:07:22,57.15
10:07:24,57.14
10:07:24,57.18
10:07:30,57.21
10:07:36,57.14
10:07:41,57.18
10:07:45,57.15
10:08:47,57.2
10:08:55,57.25
10:08:55,57.26
10:09:03,57.27
10:09:07,57.25
10:09:07,57.26
10:09:09,57.27
10:09:12,57.28
10:09:19,57.29
10:09:31,57.36
10:09:32,57.3
10:09:33,57.32
10:09:42,57.33
10:10:02,57.32
10:10:23,57.33
10:10:47,57.31
10:11:04,57.29
10:11:08,57.34
10:11:25,57.19
10:11:25,57.24
10:11:28,57.18
10:11:37,57.1
10:11:40,57.16
10:11:40,57.15
10:11:51,57.08
10:11:56,57.13
10:12:05,57.06
10:12:10,57.14
10:12:14,57.17
10:12:16,57.14
10:12:29,57.15
10:12:35,57.18
10:12:35,57.24
10:12:36,57.2
10:13:09,57.18
10:13:13,57.21
10:13:15,57.23
10:13:20,57.24
10:13:21,57.27
10:13:22,57.26
10:13:27,57.29
10:13:32,57.28
10:13:38,57.37
10:14:14,57.3
10:14:41,57.35
10:14:42,57.3
10:14:46,57.36
10:14:51,57.35
10:14:58,57.37
10:15:04,57.31
10:15:26,57.26
10:15:28,57.27
10:15:52,57.32
10:16:02,57.28
10:17:28,57.34
10:17:47,57.31
10:17:52,57.3
10:17:58,57.34
10:18:06,57.28
10:18:17,57.23
10:19:12,57.27
10:19:13,57.22
10:19:20,57.3
10:19:34,57.23
10:19:43,57.26
10:20:15,57.28
10:20:16,57.29
10:20:19,57.28
10:20:30,57.22
10:20:30,57.25
10:21:04,57.23
10:21:06,57.22
10:21:20,57.14
10:21:21,57.19
10:21:51,57.1
10:22:09,57.18
10:22:18,57.1
10:22:36,57.13
10:22:53,57.11
10:22:59,57.18
10:23:03,57.16
10:23:06,57.23
10:23:13,57.21
10:23:45,57.25
10:23:45,57.24
10:23:48,57.22
10:23:48,57.23
10:23:54,57.24
10:24:15,57.28
10:24:20,57.26
10:24:42,57.3
10:24:52,57.26
10:25:14,57.29
10:25:15,57.23
10:25:20,57.25
10:25:28,57.26
10:25:30,57.23
10:25:30,57.24
10:25:38,57.25
10:25:52,57.26
10:26:11,57.29
10:26:22,57.24
10:26:30,57.26
10:26:34,57.25
10:26:39,57.26
10:26:46,57.24
10:26:48,57.26
10:26:56,57.27
10:27:21,57.29
10:28:18,57.32
10:28:40,57.28
10:29:29,57.33
10:29:29,57.27
10:29:31,57.31
10:29:32,57.25
10:29:39,57.28
10:29:45,57.24
10:29:45,57.27
10:29:45,57.3
10:30:04,57.25
10:30:11,57.26
10:30:35,57.28
10:30:49,57.34
10:31:22,57.35
10:31:49,57.3
10:31:52,57.31
10:32:00,57.3
10:32:14,57.34
10:32:40,57.35
10:32:40,57.34
10:32:49,57.37
10:32:52,57.41
10:32:53,57.43
10:33:03,57.48
10:33:06,57.47
10:33:14,57.49
10:33:20,57.45
10:33:26,57.57
10:33:27,57.56
10:33:28,57.57
10:33:33,57.58
10:33:34,57.54
10:33:35,57.6
10:33:51,57.66
10:34:03,57.67
10:34:06,57.68
10:34:09,57.75
10:34:14,57.72
10:34:14,57.7
10:34:25,57.68
10:34:25,57.64
10:34:26,57.57
10:34:26,57.61
10:34:28,57.54
10:34:30,57.68
10:34:32,57.6
10:34:33,57.57
10:35:15,57.59
10:35:33,57.6
10:35:36,57.61
10:35:36,57.64
10:35:44,57.65
10:35:48,57.67
10:36:07,57.75
10:36:11,57.79
10:36:14,57.7
10:36:21,57.75
10:36:33,57.78
10:36:38,57.69
10:36:51,57.75
10:36:52,57.83
10:37:09,57.79
10:37:39,57.8
10:37:49,57.88
10:38:03,57.9
10:38:10,57.84
10:38:14,57.9
10:38:22,57.89
10:38:28,57.97
10:38:52,57.89
10:38:54,57.86
10:39:08,57.89
10:39:11,57.95
10:39:13,57.92
10:39:16,57.96
10:39:18,57.92
10:39:20,57.96
10:39:21,57.92
10:39:31,57.97
10:39:33,57.99
10:39:34,57.94
10:39:35,57.91
10:39:35,57.92
10:39:36,57.94
10:39:38,58
10:39:39,57.95
10:39:39,57.92
10:39:41,57.91
10:39:41,57.86
10:39:43,57.95
10:39:46,57.87
10:39:47,57.88
10:39:49,57.84
10:39:49,57.88
10:39:49,57.8
10:39:51,57.79
10:39:55,57.8
10:39:55,57.75
10:39:58,57.74
10:40:00,57.76
10:40:01,57.74
10:40:05,58.04
10:40:10,58.06
10:40:10,58.08
10:40:12,57.81
10:40:17,57.94
10:40:20,57.83
10:40:21,58.01
10:40:24,58.04
10:40:24,57.83
10:40:29,57.95
10:40:30,57.96
10:40:32,57.87
10:40:39,57.99
10:40:40,57.96
10:40:51,58.01
10:40:55,58.04
10:40:56,58.1
10:40:58,58.15
10:41:02,58.19
10:41:04,58.15
10:41:10,58.14
10:41:11,58.15
10:41:11,58.12
10:41:12,58.15
10:41:14,58.07
10:41:20,57.89
10:41:35,57.9
10:41:43,57.95
10:41:47,58.04
10:41:58,58.01
10:42:06,58.06
10:42:13,58
10:42:15,58.06
10:42:17,58
10:42:19,58.05
10:42:20,58.01
10:42:24,58.07
10:42:34,58.18
10:42:43,58.19
10:42:46,58.23
10:42:46,58.17
10:42:47,58.21
10:42:48,58.17
10:42:49,58.12
10:42:50,58.1
10:42:51,58.03
10:42:53,58.01
10:42:53,58.09
10:42:54,58.17
10:42:55,58.04
10:42:56,58.03
10:42:57,58.02
10:42:58,58.08
10:42:58,58.02
10:43:01,58.08
10:43:01,58.02
10:43:02,58.1
10:43:03,58.05
10:43:04,58.02
10:43:05,58.08
10:43:06,58.03
10:43:07,58.08
10:43:09,58.03
10:43:11,58.08
10:43:12,58.03
10:43:14,58.06
10:43:14,58.03
10:43:19,57.97
10:43:19,57.93
10:43:21,57.98
10:43:21,57.92
10:43:22,57.91
10:43:24,57.9
10:43:30,57.89
10:43:35,57.88
10:43:37,57.99
10:43:37,57.94
10:43:53,57.91
10:44:03,58
10:44:06,57.96
10:44:07,57.94
10:44:12,57.88
10:44:17,58
10:44:20,57.94
10:44:22,57.85
10:44:22,57.83
10:44:28,57.86
10:44:31,57.91
10:44:40,57.89
10:44:46,57.85
10:45:05,57.88
10:45:05,57.86
10:45:06,57.84
10:45:11,57.86
10:45:22,57.85
10:45:39,57.9
10:45:39,58
10:45:46,58.04
10:45:46,58.09
10:45:46,58.04
10:45:48,58.03
10:45:48,58.09
10:45:49,58.1
10:45:50,58.11
10:45:53,58.22
10:45:53,58.12
10:46:00,58.2
10:46:05,58.15
10:46:30,58.16
10:46:32,58.2
10:46:36,58.09
10:46:46,58.1
10:46:46,58.21
10:46:50,58.17
10:46:51,58.11
10:46:51,58.2
10:46:52,58.23
10:46:54,58.24
10:47:05,58.12
10:47:07,58.19
10:47:19,58.21
10:47:20,58.19
10:47:21,58.21
10:47:21,58.15
10:47:22,58.17
10:47:28,58.19
10:47:29,58.12
10:47:29,58.08
10:47:29,58.03
10:47:29,57.96
10:47:29,58.03
10:47:30,58.07
10:47:30,57.94
10:47:31,58.01
10:47:39,58
10:47:40,57.94
10:47:44,57.99
10:47:47,57.94
10:47:48,57.99
10:47:56,58
10:48:03,57.98
10:48:07,58
10:48:07,57.91
10:48:09,57.89
10:48:14,57.88
10:48:19,57.86
10:48:19,57.88
10:48:22,57.84
10:48:30,57.9
10:48:35,57.84
10:48:52,57.9
10:49:13,57.83
10:49:23,57.86
10:49:29,57.93
10:49:34,57.86
10:49:42,57.85
10:50:07,57.88
10:50:19,57.91
10:50:25,57.97
10:51:08,57.9
10:52:10,57.98
10:52:11,58
10:52:16,58.03
10:52:17,58.04
10:52:19,58
10:52:25,58.08
10:52:29,58.12
10:52:29,58.03
10:52:31,58.12
10:52:36,58.04
10:52:37,58.12
10:52:38,58.04
10:52:39,58.12
10:52:41,58.04
10:52:42,58.12
10:52:43,58.04
10:52:44,58.12
10:52:49,58.04
10:52:51,58.12
10:52:52,58.04
10:52:56,58.12
10:53:01,58.04
10:53:02,58.12
10:53:03,58.04
10:53:07,58.12
10:53:09,58.04
10:53:12,58.12
10:53:20,58.11
10:53:21,58.04
10:53:22,58.12
10:53:23,58.04
10:53:27,58.12
10:53:28,58.04
10:53:31,58
10:53:31,57.91
10:53:32,58
10:53:34,57.92
10:53:36,58.01
10:53:37,57.93
10:53:38,57.91
10:53:55,58.01
10:54:27,58.04
10:54:27,58
10:54:37,57.93
10:54:49,58.01
10:54:58,58
10:54:59,58.03
10:55:24,58
10:55:30,58.03
10:55:33,58
10:55:35,58.03
10:55:36,57.99
10:55:38,58
10:55:39,58.03
10:55:45,57.99
10:55:52,58
10:55:58,58.03
10:56:26,58.01
10:56:29,58.06
10:56:35,58.1
10:56:37,58.13
10:56:39,58.08
10:56:48,58.09
10:56:57,58.07
10:56:58,58.03
10:57:02,57.98
10:57:03,57.99
10:57:47,57.94
10:57:56,58.01
10:58:16,57.97
10:58:35,57.94
10:58:39,57.93
10:58:54,57.97
10:58:57,57.99
10:58:59,57.97
10:59:01,57.95
10:59:02,57.99
10:59:03,57.95
10:59:04,57.94
10:59:04,57.96
10:59:12,57.9
10:59:15,57.94
10:59:24,57.9
10:59:33,57.88
10:59:43,57.87
10:59:48,57.88
11:00:05,58
11:00:05,57.97
11:00:06,57.96
11:00:06,57.98
11:00:07,58.02
11:00:07,57.96
11:00:09,57.91
11:00:30,58
11:00:31,57.99
11:00:31,57.96
11:00:52,58.05
11:00:59,58.04
11:01:12,58.09
11:01:22,58.12
11:01:33,58.03
11:01:34,58.07
11:01:37,58.03
11:01:39,58.09
11:01:44,58.03
11:01:48,58.11
11:01:54,58.07
11:01:58,58.03
11:02:00,58.09
11:02:03,58.1
11:02:06,58.08
11:02:11,58.2
11:02:12,58.1
11:02:13,58.15
11:02:14,58.19
11:02:17,58.09
11:02:19,58.14
11:02:20,58.09
11:02:21,58.14
11:02:22,58.09
11:02:22,58.14
11:02:23,58.1
11:02:23,58.09
11:02:24,58.14
11:02:26,58.15
11:02:27,58.1
11:02:27,58.15
11:02:29,58.16
11:02:32,58.15
11:02:33,58.1
11:02:33,58.11
11:02:37,58.18
11:02:37,58.15
11:02:39,58.11
11:02:39,58.15
11:02:44,58.11
11:02:45,58.15
11:02:46,58.11
11:02:47,58.15
11:02:48,58.11
11:02:54,58.08
11:02:54,58.06
11:02:54,58.01
11:02:54,57.92
11:02:57,57.93
11:02:59,57.98
11:03:00,57.96
11:03:05,58
11:03:12,57.98
11:03:18,57.95
11:03:31,58.02
11:04:07,57.94
11:04:47,57.99
11:04:57,58.06
11:05:01,58.01
11:05:10,58
11:05:15,58.03
11:05:39,58.05
11:05:42,58.03
11:05:56,58.06
11:06:10,58.1
11:06:13,58.11
11:06:16,58.13
11:06:32,58.15
11:07:14,58.18
11:07:14,58.13
11:07:39,58.15
11:07:40,58.19
11:07:42,58.18
11:07:52,58.15
11:08:10,58.18
11:08:17,58.15
11:08:22,58.12
11:08:35,58.15
11:08:39,58.12
11:08:53,58.11
11:08:53,58.12
11:08:59,58.17
11:09:15,58.11
11:09:15,58.06
11:09:15,57.94
11:09:24,57.9
11:09:24,57.92
11:10:08,57.97
11:10:18,58.01
11:11:00,57.99
11:11:01,58.05
11:11:38,58.06
11:11:45,58
11:11:54,58.05
11:11:56,58.06
11:13:18,58.08
11:13:25,58.07
11:13:26,58.04
11:13:29,58.08
11:13:31,58.06
11:13:44,58.1
11:13:45,58.11
11:13:52,58.12
11:14:04,58.11
11:14:15,58.15
11:15:25,58.11
11:15:53,58.05
11:15:53,58
11:15:53,57.95
11:15:58,58.02
11:15:58,57.92
11:16:12,58.02
11:16:25,57.97
11:16:38,57.98
11:16:46,58.07
11:16:47,58.04
11:16:51,58.07
11:16:58,58.06
11:17:27,58.07
11:17:49,58.03
11:17:53,58.08
11:18:04,58.1
11:18:19,58.12
11:19:28,58.14
11:19:47,58.15
11:20:03,58.19
11:20:06,58.11
11:20:08,58.15
11:20:08,58.18
11:20:27,58.15
11:20:33,58.17
11:20:34,58.2
11:20:34,58.3
11:20:35,58.31
11:20:36,58.26
11:20:37,58.2
11:20:38,58.27
11:20:38,58.19
11:20:44,58.2
11:20:50,58.17
11:21:05,58.16
11:21:06,58.1
11:21:06,58.05
11:21:22,58.18
11:21:35,58.17
11:22:24,58.12
11:22:26,58.13
11:22:59,58.11
11:22:59,58.09
11:23:00,58.08
11:23:33,58.15
11:24:15,58.11
11:24:23,58.07
11:24:24,58.06
11:24:37,58.1
11:24:38,58.11
11:24:39,58.04
11:24:39,58.07
11:24:39,58.08
11:24:39,58
11:24:52,58.04
11:25:07,58.05
11:25:20,58.06
11:25:21,58.08
11:25:24,58.09
11:25:26,58.05
11:25:27,58.15
11:25:29,58.04
11:25:39,58.09
11:26:17,58.1
11:26:23,58.08
11:26:23,58.13
11:26:25,58.1
11:26:31,58.08
11:26:33,58.06
11:26:40,58.04
11:26:51,58.09
11:27:23,58.06
11:27:23,58.05
11:27:26,58.09
11:27:36,58.07
11:27:56,58.09
11:28:19,58.1
11:28:20,58.04
11:28:23,58.1
11:28:31,58.09
11:29:02,58.1
11:30:15,58.09
11:30:17,58.1
11:30:20,58.11
11:30:23,58.08
11:30:25,58.04
11:30:26,58.03
11:30:26,58.04
11:30:28,58.08
11:30:34,58.02
11:31:09,58.05
11:31:10,58.07
11:31:15,58.1
11:31:16,58.03
11:31:29,58.11
11:31:44,58.12
11:31:54,58.15
11:31:55,58.16
11:31:57,58.14
11:32:01,58.17
11:32:07,58.16
11:32:08,58.18
11:32:17,58.19
11:32:23,58.27
11:32:35,58.26
11:32:39,58.28
11:32:39,58.42
11:32:40,58.31
11:32:43,58.36
11:32:45,58.35
11:32:48,58.44
11:32:53,58.48
11:32:55,58.42
11:32:57,58.41
11:32:57,58.42
11:32:57,58.47
11:32:57,58.39
11:32:58,58.42
11:32:58,58.48
11:32:59,58.42
11:32:59,58.48
11:33:00,58.38
11:33:00,58.37
11:33:04,58.35
11:33:05,58.3
11:33:05,58.26
11:33:07,58.25
11:33:09,58.23
11:33:12,58.32
11:33:13,58.23
11:33:14,58.22
11:33:16,58.23
11:33:23,58.26
11:33:25,58.29
11:33:40,58.28
11:34:00,58.33
11:34:04,58.28
11:34:23,58.34
11:34:54,58.26
11:35:01,58.32
11:35:25,58.31
11:35:26,58.34
11:35:31,58.35
11:35:40,58.43
11:35:46,58.44
11:36:01,58.45
11:36:02,58.46
11:36:06,58.5
11:36:06,58.48
11:36:17,58.5
11:36:21,58.48
11:36:22,58.46
11:36:23,58.59
11:36:23,58.55
11:36:32,58.61
11:36:37,58.6
11:36:39,58.74
11:36:42,58.61
11:36:48,58.71
11:36:52,58.66
11:36:52,58.74
11:37:02,58.75
11:37:07,58.69
11:37:08,58.81
11:37:19,58.83
11:37:24,58.75
11:38:04,58.81
11:38:27,58.77
11:38:27,58.85
11:38:28,58.77
11:38:29,58.78
11:38:30,58.77
11:38:36,58.78
11:38:36,58.77
11:38:39,58.86
11:39:51,58.78
11:39:55,58.84
11:40:23,58.85
11:40:32,58.97
11:40:32,58.83
11:40:34,58.81
11:40:36,58.94
11:40:39,58.81
11:40:47,58.97
11:40:51,59.02
11:40:51,58.97
11:40:54,58.92
11:40:55,58.89
11:41:03,58.87
11:41:04,58.95
11:41:05,58.97
11:41:14,58.88
11:41:27,58.99
11:41:52,58.97
11:41:56,59.09
11:41:56,59.06
11:42:12,59.09
11:42:13,58.99
11:42:23,58.98
11:42:49,59.07
11:42:57,59.1
11:42:59,59.15
11:43:03,59.05
11:43:04,59.16
11:43:11,59.2
11:43:17,59.08
11:43:18,59.07
11:43:20,59.02
11:43:36,59
11:43:37,59.05
11:43:42,59.06
11:43:47,59.02
11:43:51,59.04
11:43:51,58.97
11:43:54,59.04
11:44:04,59.01
11:44:27,58.87
11:45:00,58.73
11:45:34,58.85
11:45:36,58.83
11:46:43,58.92
11:47:08,58.99
11:47:29,59.02
11:47:44,59.14
11:48:00,59.16
11:48:03,59.2
11:48:05,59.11
11:48:06,59.1
11:48:07,59.09
11:48:09,59.15
11:48:09,59.12
11:48:12,59.05
11:48:27,59.18
11:48:29,59.17
11:48:30,59.08
11:48:43,59.18
11:48:59,59.28
11:49:04,59.25
11:49:06,59.31
11:49:07,59.23
11:49:07,59.2
11:49:10,59.25
11:49:11,59.26
11:49:12,59.25
11:49:18,59.11
11:51:11,59.24
11:51:16,59.11
11:51:17,59.08
11:51:18,58.96
11:51:22,59.04
11:51:27,58.98
11:51:28,59.06
11:51:33,58.94
11:51:34,59.06
11:51:38,58.92
11:51:46,59
11:51:46,59.07
11:51:48,58.99
11:52:04,59
11:52:41,59.07
11:52:42,59.04
11:52:45,59.08
11:52:52,59.09
11:53:50,59.08
11:53:51,59.05
11:54:15,59.1
11:54:20,59.09
11:54:51,59.13
11:55:05,59.18
11:55:23,59.32
11:55:51,59.28
11:55:58,59.24
11:56:07,59.29
11:56:07,59.21
11:56:34,59.2
11:57:04,59.33
11:57:05,59.23
11:57:07,59.3
11:57:34,59.21
11:57:40,59.34
11:58:08,59.3
11:58:22,59.29
11:58:40,59.28
11:59:01,59.23
11:59:01,59.17
11:59:07,59.06
12:00:17,59.15
12:01:44,59.08
12:01:47,59.03
12:01:55,59.13
12:02:01,59.04
12:02:05,59.13
12:02:05,59.08
12:02:11,59.13
12:02:21,59.04
12:02:27,59.05
12:02:36,59.04
12:02:45,59.07
12:02:47,59.08
12:02:47,59.05
12:02:52,59
12:03:33,59.06
12:03:49,59.12
12:03:53,59.09
12:03:56,59.12
12:04:04,59.1
12:04:05,59.12
12:04:06,59.15
12:04:08,59.12
12:04:22,59.15
12:04:59,59.14
12:05:05,59.19
12:05:15,59.11
12:05:35,59.05
12:06:10,59.14
12:06:11,59.15
12:06:17,59.05
12:06:21,59.09
12:06:21,58.98
12:06:22,58.96
12:06:27,59.04
12:06:27,59.12
12:06:29,59.02
12:06:47,59.01
12:06:54,59.02
12:07:13,59.09
12:07:21,59.11
12:07:37,58.99
12:07:44,59.07
12:08:28,59.08
12:08:38,59.14
12:08:47,59.12
12:09:28,59.17
12:09:49,59.21
12:09:53,59.24
12:10:05,59.16
12:10:49,59.22
12:11:21,59.39
12:11:37,59.41
12:11:38,59.49
12:11:40,59.35
12:11:40,59.5
12:11:44,59.47
12:11:48,59.5
12:11:52,59.57
12:12:01,59.5
12:12:01,59.49
12:12:02,59.43
12:12:03,59.45
12:12:06,59.51
12:12:07,59.54
12:12:17,59.45
12:12:18,59.5
12:12:44,59.46
12:12:57,59.52
12:13:01,59.51
12:13:22,59.53
12:13:30,59.51
12:13:36,59.49
12:13:38,59.5
12:14:02,59.54
12:14:09,59.46
12:14:10,59.5
12:14:33,59.53
12:14:34,59.55
12:14:48,59.53
12:15:09,59.54
12:15:10,59.53
12:15:10,59.56
12:15:16,59.61
12:15:23,59.54
12:15:32,59.56
12:15:37,59.61
12:15:44,59.53
12:15:47,59.51
12:15:48,59.48
12:15:48,59.43
12:16:00,59.47
12:16:03,59.4
12:16:32,59.47
12:16:42,59.4
12:16:44,59.42
12:16:47,59.47
12:17:05,59.46
12:17:11,59.45
12:17:12,59.46
12:18:23,59.4
12:18:23,59.35
12:18:24,59.38
12:18:29,59.39
12:18:50,59.28
12:18:51,59.39
12:19:20,59.38
12:19:29,59.35
12:19:31,59.34
12:19:32,59.38
12:19:44,59.28
12:20:03,59.35
12:20:09,59.29
12:20:26,59.34
12:20:29,59.3
12:20:34,59.29
12:20:43,59.34
12:20:56,59.33
12:20:56,59.31
12:21:10,59.25
12:21:11,59.31
12:21:15,59.35
12:21:21,59.31
12:21:43,59.24
12:21:51,59.3
12:21:55,59.31
12:22:03,59.24
12:22:04,59.3
12:22:12,59.24
12:22:15,59.29
12:22:18,59.34
12:22:33,59.33
12:22:38,59.28
12:22:47,59.23
12:22:49,59.28
12:22:58,59.23
12:22:59,59.26
12:23:03,59.19
12:23:29,59.12
12:23:30,59.17
12:23:31,59.16
12:23:32,59.24
12:23:33,59.21
12:23:37,59.14
12:23:43,59.17
12:23:43,59.11
12:23:47,59.05
12:24:02,59.12
12:24:05,59.08
12:24:05,59.1
12:24:24,59.13
12:24:28,59.18
12:24:29,59.19
12:24:33,59.22
12:24:35,59.21
12:24:44,59.25
12:24:45,59.28
12:25:00,59.3
12:25:08,59.22
12:25:21,59.3
12:25:32,59.26
12:25:35,59.3
12:25:36,59.28
12:25:37,59.35
12:25:39,59.3
12:25:43,59.28
12:25:49,59.39
12:25:49,59.38
12:25:50,59.28
12:26:05,59.32
12:26:06,59.22
12:26:13,59.21
12:26:16,59.16
12:26:24,59.14
12:26:51,59.19
12:27:03,59.14
12:27:03,59.16
12:27:09,59.19
12:27:27,59.23
12:27:32,59.12
12:27:33,59.18
12:27:58,59.17
12:28:17,59.12
12:28:42,59.16
12:28:43,59.14
12:28:48,59.18
12:29:13,59.2
12:29:19,59.23
12:29:21,59.21
12:29:35,59.26
12:30:39,59.25
12:30:52,59.26
12:30:52,59.3
12:31:01,59.28
12:31:36,59.3
12:32:05,59.2
12:32:05,59.23
12:32:33,59.28
12:33:52,59.21
12:33:56,59.26
12:34:01,59.3
12:34:06,59.29
12:34:12,59.25
12:34:23,59.3
12:34:25,59.32
12:34:27,59.3
12:34:39,59.24
12:35:25,59.27
12:35:26,59.2
12:35:33,59.27
12:36:02,59.2
12:36:02,59.24
12:36:03,59.19
12:36:07,59.15
12:36:15,59.22
12:36:43,59.28
12:36:56,59.22
12:36:56,59.19
12:37:43,59.08
12:37:45,59.07
12:38:07,59.05
12:38:08,59.1
12:38:08,59.09
12:38:09,59.15
12:38:15,59.17
12:39:00,59.13
12:40:40,59.07
12:41:10,59.12
12:41:46,59.1
12:42:07,59.13
12:42:19,59.06
12:42:20,59.01
12:42:21,59
12:42:26,58.96
12:42:41,59.07
12:42:58,58.98
12:43:38,58.97
12:43:45,59
12:43:46,59.04
12:43:49,59.03
12:43:50,59.05
12:43:57,59
12:44:45,59.05
12:44:46,59.02
12:45:12,59.03
12:45:32,59.06
12:46:05,59.07
12:46:05,59.11
12:46:16,59.1
12:46:19,59.12
12:46:48,59.15
12:47:04,59.12
12:48:05,59.17
12:48:07,59.12
12:48:16,59.17
12:49:05,59.13
12:49:16,59.1
12:49:24,59.08
12:49:25,59.07
12:49:30,59.15
12:49:43,59.07
12:50:07,59.05
12:50:10,59
12:50:22,59.09
12:50:23,59.1
12:50:29,59.14
12:50:29,59.11
12:50:47,59.16
12:50:54,59.15
12:52:09,59.09
12:52:39,59.16
12:52:58,59.12
12:53:07,59.16
12:53:18,59.12
12:53:25,59.18
12:53:31,59.19
12:53:32,59.12
12:53:41,59.15
12:54:42,59.1
12:54:49,59.07
12:55:17,59.12
12:56:04,59.05
12:56:11,59.06
12:56:22,59.08
12:56:23,59.1
12:56:25,59.03
12:56:28,59.02
12:56:59,59.1
12:57:17,59.06
12:57:31,59.1
12:58:23,59.12
12:58:50,59.1
12:58:57,59.12
12:59:26,59.13
12:59:27,59.15
12:59:28,59.13
12:59:31,59.16
12:59:36,59.15
12:59:43,59.11
12:59:46,59.1
13:00:01,59.15
13:00:30,59.09
13:00:34,59.13
13:00:36,59.12
13:00:49,59.15
13:01:03,59.1
13:01:07,59.13
13:01:17,59.15
13:01:28,59.12
13:01:38,59.09
13:02:03,59.16
13:02:08,59.07
13:02:12,59.11
13:02:16,59.07
13:02:17,59.05
13:02:33,59.13
13:03:02,59.17
13:03:13,59.14
13:03:20,59.1
13:03:22,59.11
13:03:29,59.16
13:03:33,59.1
13:03:45,59.15
13:04:14,59.03
13:04:49,59.06
13:05:18,59.02
13:05:33,59.1
13:05:36,59.09
13:05:54,59.11
13:06:50,59
13:06:51,58.95
13:07:00,58.9
13:07:00,58.89
13:07:10,58.99
13:07:11,58.9
13:07:49,58.94
13:07:57,58.99
13:08:34,59.03
13:09:05,59
13:09:48,59.01
13:10:04,58.97
13:10:23,58.93
13:10:48,58.99
13:10:56,59
13:11:44,59.01
13:12:05,58.97
13:12:13,59.04
13:12:21,59
13:13:23,58.97
13:13:32,58.94
13:13:32,58.97
13:13:32,58.92
13:13:33,58.9
13:14:24,58.86
13:14:28,58.89
13:14:31,58.85
13:15:11,58.93
13:15:25,58.89
13:15:36,58.92
13:15:37,58.91
13:15:44,58.87
13:15:51,58.85
13:16:22,58.87
13:16:27,58.85
13:16:45,58.92
13:16:45,58.93
13:16:47,58.99
13:17:11,58.98
13:17:21,58.92
13:18:40,58.93
13:18:40,58.92
13:18:55,58.93
13:18:55,58.87
13:18:56,58.91
13:19:52,58.83
13:20:09,58.92
13:20:09,58.91
13:20:09,58.9
13:20:38,58.97
13:20:39,58.96
13:20:40,58.9
13:20:43,58.92
13:20:44,58.9
13:20:45,58.92
13:20:46,58.9
13:20:56,58.99
13:21:44,58.92
13:22:09,58.96
13:22:15,58.9
13:22:15,58.91
13:22:17,58.9
13:23:02,58.89
13:23:43,59
13:23:46,58.97
13:23:58,58.9
13:23:59,58.91
13:24:50,58.98
13:25:09,58.89
13:25:23,58.98
13:26:17,58.95
13:26:37,58.89
13:27:23,58.95
13:27:28,58.88
13:27:29,58.87
13:27:42,58.94
13:27:44,58.92
13:28:53,58.96
13:28:53,58.94
13:30:39,58.92
13:30:39,58.9
13:30:40,58.88
13:30:40,58.86
13:32:09,58.85
13:32:11,58.91
13:32:18,59.01
13:32:56,58.98
13:32:56,58.9
13:32:57,59
13:33:10,58.96
13:33:42,58.97
13:33:52,58.9
13:35:17,58.89
13:35:27,58.94
13:36:34,59
13:36:34,58.93
13:36:36,58.97
13:36:36,58.94
13:36:38,58.93
13:36:39,58.92
13:36:39,58.91
13:36:41,58.9
13:36:45,58.94
13:36:45,58.91
13:37:10,58.97
13:37:11,58.92
13:37:11,58.91
13:37:13,58.89
13:37:13,58.95
13:37:21,58.91
13:37:39,58.96
13:38:03,58.93
13:38:10,58.97
13:39:10,58.94
13:40:40,58.9
13:40:56,58.84
13:40:57,58.87
13:40:59,58.84
13:41:46,58.86
13:42:10,58.84
13:42:17,58.83
13:42:19,58.87
13:42:29,58.82
13:43:30,58.83
13:43:50,58.86
13:44:25,58.87
13:44:38,58.9
13:44:41,58.85
13:44:46,58.87
13:45:04,58.86
13:45:04,58.81
13:45:05,58.85
13:45:48,58.8
13:46:47,58.88
13:47:13,58.89
13:48:23,58.84
13:49:33,58.8
13:49:36,58.77
13:49:45,58.81
13:50:18,58.82
13:50:21,58.75
13:50:21,58.72
13:50:23,58.7
13:50:24,58.65
13:50:25,58.64
13:50:26,58.73
13:51:36,58.63
13:52:12,58.72
13:52:34,58.73
13:52:48,58.63
13:53:35,58.7
13:55:08,58.64
13:55:21,58.67
13:55:22,58.62
13:55:52,58.68
13:56:23,58.62
13:56:33,58.72
13:56:46,58.67
13:57:06,58.7
13:57:16,58.66
13:57:21,58.69
13:58:40,58.62
13:58:44,58.68
13:59:33,58.67
13:59:40,58.65
13:59:44,58.61
13:59:46,58.56
14:00:04,58.63
14:00:15,58.57
14:00:42,58.62
14:01:12,58.65
14:02:02,58.66
14:02:05,58.62
14:02:12,58.64
14:02:13,58.65
14:02:33,58.58
14:03:01,58.57
14:03:02,58.58
14:03:43,58.63
14:04:32,58.62
14:04:53,58.64
14:04:57,58.61
14:05:04,58.57
14:05:12,58.44
14:05:14,58.38
14:05:15,58.43
14:05:18,58.44
14:05:20,58.5
14:05:20,58.49
14:05:40,58.45
14:06:17,58.5
14:07:23,58.45
14:08:01,58.51
14:08:25,58.52
14:08:44,58.54
14:09:08,58.55
14:09:27,58.54
14:10:05,58.53
14:10:53,58.55
14:11:03,58.53
14:11:05,58.49
14:11:18,58.54
14:11:19,58.46
14:12:10,58.49
14:12:14,58.45
14:12:51,58.51
14:13:02,58.41
14:13:03,58.49
14:13:09,58.51
14:14:17,58.5
14:14:18,58.46
14:14:28,58.49
14:15:29,58.43
14:15:32,58.54
14:15:49,58.58
14:16:20,58.52
14:16:20,58.53
14:16:25,58.57
14:16:37,58.58
14:17:16,58.54
14:17:18,58.49
14:17:27,58.55
14:19:18,58.56
14:19:19,58.5
14:19:21,58.56
14:20:12,58.53
14:20:29,58.55
14:20:30,58.56
14:20:36,58.58
14:20:41,58.6
14:21:10,58.58
14:21:19,58.55
14:21:23,58.56
14:21:23,58.52
14:21:31,58.51
14:22:30,58.48
14:22:37,58.54
14:22:37,58.53
14:22:48,58.52
14:22:50,58.53
14:22:51,58.54
14:22:59,58.53
14:23:07,58.5
14:23:49,58.55
14:24:44,58.54
14:24:52,58.48
14:25:32,58.5
14:25:51,58.51
14:25:52,58.5
14:26:10,58.46
14:26:14,58.51
14:26:24,58.52
14:27:14,58.5
14:27:20,58.57
14:27:46,58.56
14:28:04,58.49
14:28:05,58.57
14:28:33,58.52
14:28:59,58.51
14:29:01,58.52
14:29:13,58.57
14:29:54,58.54
14:29:58,58.48
14:30:08,58.58
14:30:13,58.56
14:30:56,58.58
14:30:59,58.48
14:31:01,58.57
14:32:09,58.56
14:32:10,58.57
14:32:27,58.56
14:32:39,58.58
14:32:40,58.57
14:32:47,58.55
14:33:08,58.53
14:33:33,58.55
14:34:11,58.56
14:34:52,58.58
14:34:53,58.59
14:34:54,58.53
14:35:32,58.6
14:35:40,58.58
14:36:37,58.52
14:36:41,58.57
14:36:53,58.55
14:36:56,58.53
14:37:01,58.51
14:37:04,58.48
14:37:06,58.54
14:38:03,58.53
14:38:15,58.58
14:38:27,58.54
14:38:43,58.58
14:39:03,58.52
14:39:04,58.59
14:39:46,58.61
14:39:46,58.56
14:41:04,58.62
14:42:08,58.56
14:42:31,58.6
14:42:31,58.66
14:42:50,58.7
14:42:55,58.68
14:42:56,58.67
14:42:58,58.66
14:42:58,58.64
14:42:58,58.53
14:43:34,58.6
14:44:32,58.63
14:44:46,58.65
14:44:58,58.66
14:44:59,58.6
14:45:54,58.55
14:46:18,58.63
14:46:24,58.6
14:46:57,58.54
14:48:26,58.58
14:48:44,58.52
14:48:48,58.48
14:49:38,58.46
14:49:46,58.49
14:49:49,58.44
14:50:42,58.49
14:50:49,58.5
14:51:25,58.48
14:51:26,58.51
14:51:27,58.46
14:51:29,58.45
14:51:49,58.4
14:52:04,58.41
14:52:36,58.36
14:52:55,58.42
14:52:56,58.36
14:52:57,58.3
14:52:57,58.37
14:53:02,58.31
14:53:07,58.3
14:53:27,58.28
14:53:50,58.31
14:53:53,58.35
14:54:12,58.33
14:54:44,58.35
14:55:16,58.33
14:55:17,58.31
14:55:20,58.27
14:55:25,58.28
14:55:29,58.26
14:55:38,58.34
14:55:43,58.36
14:55:45,58.38
14:55:55,58.42
14:56:00,58.36
14:56:33,58.35
14:57:03,58.4
14:57:09,58.39
14:57:16,58.45
14:57:17,58.42
14:57:18,58.39
14:57:27,58.42
14:57:46,58.38
14:57:47,58.39
14:58:00,58.33
14:58:14,58.31
14:58:18,58.36
14:59:14,58.3
15:00:09,58.29
15:00:34,58.25
15:00:35,58.29
15:00:41,58.31
15:00:57,58.32
15:01:42,58.34
15:01:44,58.36
15:01:45,58.38
15:01:48,58.41
15:01:56,58.39
15:01:57,58.38
15:02:14,58.36
15:03:11,58.42
15:03:14,58.45
15:03:24,58.46
15:03:28,58.39
15:03:33,58.41
15:03:38,58.47
15:04:04,58.42
15:04:09,58.44
15:04:10,58.33
15:04:52,58.4
15:06:26,58.3
15:07:43,58.35
15:07:51,58.36
15:07:54,58.38
15:08:12,58.4
15:08:51,58.39
15:09:27,58.4
15:09:48,58.35
15:11:14,58.3
15:11:16,58.38
15:11:20,58.3
15:11:36,58.34
15:12:14,58.33
15:12:15,58.35
15:12:47,58.38
15:13:06,58.39
15:14:02,58.42
15:14:14,58.43
15:14:15,58.4
15:14:22,58.44
15:14:47,58.4
15:14:49,58.45
15:14:55,58.4
15:15:41,58.48
15:16:00,58.39
15:16:09,58.42
15:16:23,58.45
15:16:46,58.48
15:17:03,58.44
15:17:29,58.42
15:17:39,58.48
15:17:40,58.44
15:17:52,58.42
15:17:53,58.44
15:17:59,58.45
15:18:12,58.44
15:18:23,58.42
15:18:58,58.44
15:19:17,58.47
15:19:50,58.45
15:19:54,58.43
15:19:58,58.44
15:20:00,58.42
15:20:01,58.44
15:20:08,58.42
15:20:18,58.43
15:20:36,58.42
15:21:26,58.46
15:21:26,58.38
15:21:47,58.36
15:21:59,58.41
15:22:00,58.37
15:22:29,58.4
15:22:29,58.36
15:23:34,58.41
15:23:39,58.39
15:23:47,58.4
15:24:00,58.38
15:24:12,58.37
15:24:16,58.34
15:24:46,58.35
15:25:15,58.36
15:25:28,58.35
15:25:35,58.36
15:25:35,58.37
15:26:10,58.35
15:26:29,58.37
15:26:43,58.36
15:26:45,58.37
15:26:48,58.36
15:26:50,58.4
15:27:08,58.38
15:27:11,58.39
15:27:49,58.37
15:28:06,58.35
15:28:06,58.34
15:28:07,58.33
15:28:07,58.34
15:28:08,58.32
15:28:09,58.31
15:28:19,58.3
15:28:26,58.34
15:28:26,58.41
15:28:27,58.38
15:28:28,58.39
15:28:30,58.35
15:28:35,58.4
15:28:38,58.44
15:28:39,58.43
15:28:42,58.4
15:28:45,58.41
15:28:46,58.39
15:28:46,58.42
15:28:47,58.43
15:28:48,58.42
15:28:48,58.41
15:28:48,58.43
15:28:49,58.44
15:28:49,58.4
15:28:57,58.41
15:28:59,58.42
15:29:00,58.41
15:29:03,58.39
15:29:06,58.36
15:29:09,58.43
15:29:13,58.44
15:29:13,58.48
15:29:14,58.4
15:29:14,58.42
15:29:19,58.45
15:29:20,58.4
15:29:21,58.45
15:29:22,58.43
15:29:23,58.44
15:29:24,58.41
15:29:25,58.4
15:29:25,58.42
15:29:27,58.43
15:29:27,58.46
15:29:27,58.42
15:29:31,58.41
15:29:40,58.44
15:29:41,58.46
15:29:41,58.43
15:29:41,58.41
15:29:52,58.4
15:29:55,58.46
15:29:55,58.42
15:29:56,58.41
15:29:56,58.4
15:29:58,58.42
15:30:05,58.45
15:30:05,58.44
15:30:08,58.49
15:30:09,58.51
15:30:16,58.54
15:30:21,58.5
15:30:26,58.51
15:30:31,58.54
15:30:32,58.55
15:30:33,58.61
15:30:33,58.6
15:30:37,58.62
15:30:38,58.67
15:30:49,58.68
15:30:58,58.66
15:31:06,58.69
15:31:09,58.68
15:31:15,58.67
15:31:16,58.66
15:31:16,58.67
15:31:18,58.65
15:31:23,58.66
15:31:24,58.65
15:31:33,58.66
15:31:33,58.71
15:32:02,58.73
15:32:07,58.79
15:32:08,58.83
15:32:08,58.86
15:32:40,58.8
15:32:41,58.81
15:32:55,58.83
15:32:56,58.84
15:33:07,58.86
15:33:10,58.87
15:33:23,58.9
15:33:33,58.92
15:33:34,58.96
15:33:46,58.92
15:33:49,58.97
15:34:17,58.98
15:34:22,58.96
15:34:26,58.95
15:34:41,58.99
15:34:47,59
15:35:03,58.95
15:35:06,58.97
15:35:09,59
15:35:21,58.96
15:35:28,58.93
15:35:29,58.83
15:35:31,58.82
15:35:34,58.9
15:35:45,58.85
15:35:47,58.88
15:35:49,58.84
15:35:49,58.83
15:35:51,58.81
15:35:52,58.84
15:36:18,58.81
15:36:27,58.83
15:36:37,58.85
15:36:54,58.83
15:37:11,58.9
15:37:11,58.91
15:37:15,58.89
15:37:27,58.91
15:37:34,58.9
15:37:58,58.88
15:37:59,58.91
15:38:02,58.93
15:38:03,58.9
15:38:03,58.95
15:38:18,58.94
15:38:19,58.93
15:38:20,58.96
15:38:37,58.97
15:38:42,59
15:38:43,58.97
15:38:43,58.96
15:38:48,58.88
15:38:50,58.89
15:39:10,58.93
15:39:35,58.94
15:39:39,58.95
15:39:39,58.93
15:39:43,58.94
15:39:43,58.97
15:39:47,58.99
15:39:57,59.05
15:40:05,59.03
15:40:07,59.04
15:40:13,59.05
15:40:14,59.06
15:40:15,59.08
15:40:15,59.06
15:40:17,59.03
15:40:17,59.04
15:40:18,59
15:40:21,58.94
15:40:22,58.95
15:40:25,58.97
15:40:37,58.93
15:40:39,58.97
15:40:43,58.9
15:40:43,58.93
15:41:31,58.96
15:41:33,58.93
15:41:34,58.92
15:41:49,58.91
15:41:50,58.92
15:42:06,58.9
15:42:07,58.96
15:42:07,58.97
15:42:14,58.92
15:42:25,58.91
15:42:27,58.92
15:42:29,58.9
15:42:34,58.89
15:42:38,58.9
15:42:44,58.87
15:42:55,58.82
15:42:58,58.79
15:42:58,58.81
15:42:58,58.74
15:43:02,58.75
15:43:13,58.69
15:43:14,58.7
15:43:15,58.69
15:43:31,58.68
15:43:35,58.71
15:43:36,58.77
15:43:49,58.76
15:44:15,58.78
15:44:16,58.76
15:44:21,58.71
15:44:31,58.76
15:44:37,58.79
15:44:40,58.77
15:44:47,58.81
15:44:50,58.77
15:44:52,58.74
15:44:59,58.81
15:45:05,58.73
15:45:12,58.76
15:45:22,58.84
15:45:22,58.81
15:45:32,58.83
15:45:40,58.77
15:46:05,58.78
15:46:12,58.77
15:46:40,58.78
15:46:48,58.82
15:46:48,58.77
15:46:51,58.75
15:46:53,58.76
15:46:53,58.8
15:46:56,58.77
15:47:03,58.81
15:47:12,58.79
15:47:21,58.81
15:47:37,58.83
15:47:37,58.81
15:47:48,58.79
15:47:51,58.81
15:47:57,58.8
15:48:03,58.79
15:48:07,58.81
15:48:21,58.8
15:48:27,58.81
15:48:28,58.8
15:48:47,58.78
15:48:49,58.76
15:48:58,58.8
15:49:09,58.79
15:49:25,58.8
15:49:26,58.78
15:49:32,58.77
15:49:35,58.78
15:49:46,58.79
15:49:49,58.77
15:49:52,58.74
15:49:53,58.7
15:49:58,58.71
15:50:01,58.73
15:50:12,58.75
15:50:21,58.78
15:50:24,58.8
15:50:29,58.79
15:50:33,58.8
15:50:38,58.81
15:50:42,58.8
15:50:45,58.79
15:50:46,58.75
15:50:49,58.76
15:50:49,58.73
15:50:52,58.72
15:50:53,58.71
15:51:03,58.72
15:51:03,58.75
15:51:05,58.77
15:51:35,58.78
15:51:50,58.77
15:51:50,58.75
15:51:58,58.79
15:52:03,58.78
15:52:04,58.75
15:52:21,58.78
15:52:41,58.81
15:52:45,58.83
15:52:56,58.77
15:53:01,58.79
15:53:02,58.77
15:53:04,58.76
15:53:06,58.79
15:53:09,58.82
15:53:34,58.79
15:53:37,58.8
15:53:40,58.79
15:53:45,58.85
15:53:48,58.81
15:53:48,58.85
15:53:59,58.81
15:54:01,58.85
15:54:05,58.79
15:54:06,58.83
15:54:08,58.79
15:54:09,58.84
15:54:09,58.83
15:54:10,58.82
15:54:10,58.81
15:54:12,58.84
15:54:16,58.79
15:54:23,58.76
15:54:27,58.79
15:54:27,58.77
15:54:31,58.78
15:54:35,58.76
15:54:38,58.77
15:54:42,58.78
15:54:44,58.76
15:54:45,58.74
15:54:47,58.72
15:54:52,58.74
15:54:56,58.77
15:54:59,58.79
15:55:04,58.73
15:55:09,58.76
15:55:16,58.73
15:55:43,58.69
15:55:49,58.65
15:55:49,58.69
15:55:51,58.67
15:55:58,58.69
15:56:02,58.68
15:56:08,58.67
15:56:18,58.65
15:56:19,58.64
15:56:26,58.59
15:56:27,58.54
15:56:34,58.57
15:56:37,58.56
15:56:44,58.57
15:56:46,58.58
15:56:56,58.56
15:57:05,58.57
15:57:10,58.55
15:57:11,58.54
15:57:12,58.53
15:57:18,58.54
15:57:25,58.52
15:57:26,58.54
15:57:31,58.51
15:57:32,58.49
15:57:33,58.51
15:57:36,58.54
15:57:44,58.56
15:57:52,58.55
15:58:05,58.56
15:58:05,58.55
15:58:30,58.57
15:58:31,58.53
15:58:32,58.55
15:58:34,58.54
15:58:35,58.56
15:58:35,58.58
15:58:39,58.6
15:58:41,58.59
15:58:45,58.56
15:59:00,58.58
15:59:06,58.55
15:59:08,58.59
15:59:11,58.58
15:59:12,58.62
15:59:15,58.57
15:59:21,58.59
15:59:30,58.58
15:59:32,58.56
15:59:36,58.57
15:59:44,58.55
15:59:45,58.59
15:59:52,58.58
15:59:55,58.55
15:59:55,58.57
15:59:56,58.58
15:59:57,58.59
16:00:01,58.57
16:00:01,58.56
16:00:02,58.59
16:00:02,58.61
16:01:52,58.6
