04:30:03,41.4
04:33:31,41.7
08:00:05,41.4
08:29:29,41.5
08:36:36,41.4
08:55:06,41.7
08:55:19,41.65
08:55:54,41.7
09:02:07,41.8
09:02:50,41.93
09:05:53,41.6
09:11:47,41.9
09:14:56,41.89
09:20:58,41.87
09:21:08,41.89
09:21:27,41.93
09:22:07,41.9
09:26:49,41.93
09:30:04,41.86
09:30:05,41.93
09:30:05,41.82
09:30:05,41.96
09:30:09,41.84
09:30:14,41.97
09:30:21,41.85
09:30:26,41.89
09:30:27,41.79
09:30:27,41.91
09:30:28,41.93
09:30:33,41.85
09:30:36,41.78
09:30:39,41.85
09:30:43,41.71
09:30:54,41.72
09:30:56,41.61
09:30:57,41.72
09:31:01,41.66
09:31:01,41.67
09:31:02,41.71
09:31:02,41.67
09:31:03,41.71
09:31:09,41.62
09:31:09,41.77
09:31:10,41.75
09:31:13,41.65
09:31:18,41.72
09:31:18,41.65
09:31:19,41.76
09:31:19,41.72
09:31:20,41.64
09:31:22,41.53
09:31:26,41.63
09:31:26,41.57
09:31:26,41.51
09:31:33,41.58
09:31:39,41.51
09:31:40,41.41
09:31:41,41.32
09:31:45,41.35
09:31:45,41.4
09:31:51,41.28
09:31:54,41.3
09:31:57,41.26
09:32:02,41.28
09:32:02,41.15
09:32:03,41.1
09:32:06,41.29
09:32:08,41.14
09:32:09,41.24
09:32:09,41.1
09:32:14,41.26
09:32:18,41.15
09:32:19,41.06
09:32:19,41.15
09:32:19,41.19
09:32:20,41.2
09:32:24,41.13
09:32:25,41.06
09:32:25,40.97
09:32:26,40.9
09:32:27,40.85
09:32:28,40.96
09:32:29,40.9
09:32:30,40.95
09:32:33,40.91
09:32:34,40.8
09:32:34,40.94
09:32:36,40.86
09:32:36,40.85
09:32:37,40.96
09:32:43,40.95
09:32:45,41.05
09:32:45,41.15
09:32:46,41
09:32:47,40.89
09:32:48,41.03
09:32:48,41.17
09:32:48,40.92
09:32:50,41.14
09:32:57,41.2
09:33:09,41.1
09:33:09,41.23
09:33:11,41.21
09:33:12,41.24
09:33:14,41.06
09:33:16,41.02
09:33:17,41.16
09:33:20,41.24
09:33:20,41.15
09:33:23,41.23
09:33:25,41.19
09:33:25,41.23
09:33:27,41.25
09:33:36,41.12
09:33:37,41.17
09:33:39,41.23
09:33:43,41.15
09:33:43,41.24
09:33:49,41.09
09:33:50,41.13
09:33:55,41.15
09:33:55,41.11
09:33:57,41.07
09:34:00,41.05
09:34:01,41.18
09:34:02,41.07
09:34:03,41.06
09:34:06,41.09
09:34:06,41.1
09:34:06,41.02
09:34:09,41.07
09:34:15,40.96
09:34:15,41.06
09:34:16,40.98
09:34:20,40.95
09:34:21,40.96
09:34:25,41
09:34:25,41.02
09:34:26,41
09:34:28,41.1
09:34:29,41.24
09:34:29,41.32
09:34:30,41.35
09:34:31,41.38
09:34:32,41.27
09:34:34,41.39
09:34:36,41.34
09:34:37,41.43
09:34:38,41.5
09:34:39,41.37
09:34:43,41.41
09:34:43,41.49
09:34:46,41.41
09:34:48,41.48
09:34:49,41.41
09:34:51,41.49
09:34:53,41.48
09:34:53,41.4
09:34:53,41.48
09:34:59,41.39
09:34:59,41.44
09:35:00,41.52
09:35:00,41.64
09:35:01,41.38
09:35:04,41.5
09:35:06,41.65
09:35:11,41.53
09:35:12,41.54
09:35:17,41.59
09:35:19,41.63
09:35:25,41.6
09:35:34,41.71
09:35:36,41.7
09:35:38,41.76
09:35:40,41.87
09:35:41,41.98
09:35:43,41.74
09:35:44,41.98
09:35:46,41.71
09:35:48,41.85
09:35:58,41.76
09:35:59,41.87
09:36:05,41.74
09:36:07,41.79
09:36:07,41.85
09:36:09,41.74
09:36:09,41.82
09:36:09,41.81
09:36:11,41.8
09:36:12,41.85
09:36:14,41.8
09:36:15,41.76
09:36:15,41.69
09:36:18,41.8
09:36:18,41.67
09:36:22,41.79
09:36:22,41.65
09:36:28,41.78
09:36:35,41.77
09:36:36,41.8
09:36:36,41.81
09:36:38,41.97
09:36:39,41.86
09:36:40,41.95
09:36:40,41.99
09:36:41,41.98
09:36:45,41.96
09:36:50,41.78
09:36:50,41.97
09:36:50,41.86
09:36:52,41.87
09:36:53,41.95
09:36:57,41.98
09:36:59,41.92
09:37:00,41.99
09:37:03,41.97
09:37:05,41.9
09:37:11,42
09:37:18,41.96
09:37:20,41.93
09:37:23,42
09:37:24,41.93
09:37:24,41.99
09:37:25,42.04
09:37:25,42.07
09:37:26,42.04
09:37:26,42.13
09:37:27,42.05
09:37:27,42.18
09:37:29,42.15
09:37:30,42.16
09:37:30,42.18
09:37:33,42.19
09:37:35,42.17
09:37:38,42.1
09:37:46,42.01
09:37:47,41.97
09:37:49,42.01
09:37:50,41.87
09:37:52,42
09:37:52,42.07
09:37:52,42.01
09:37:57,42.07
09:38:00,42
09:38:06,41.96
09:38:07,41.97
09:38:08,42
09:38:08,41.97
09:38:09,42.02
09:38:13,42.04
09:38:16,41.99
09:38:17,42.04
09:38:21,42.05
09:38:33,42.03
09:38:33,42.08
09:38:34,42.01
09:38:36,42.08
09:38:39,42.1
09:38:39,42.16
09:38:41,42.1
09:38:42,42.08
09:38:43,42.1
09:38:50,42.15
09:38:50,42.19
09:38:50,42.18
09:38:53,42.2
09:39:00,42.18
09:39:03,42.12
09:39:03,42.19
09:39:08,42.18
09:39:10,42.19
09:39:11,42.13
09:39:15,42.15
09:39:18,42.09
09:39:23,42.15
09:39:23,42.19
09:39:24,42.2
09:39:25,42.14
09:39:29,42.19
09:39:31,42.08
09:39:32,42.15
09:39:35,42.1
09:39:35,42.13
09:39:37,42.16
09:39:42,42.15
09:39:48,42.06
09:39:49,42.14
09:39:54,42.2
09:39:56,42.14
09:40:00,42.16
09:40:02,42.19
09:40:03,42.2
09:40:06,42.3
09:40:06,42.33
09:40:06,42.4
09:40:07,42.37
09:40:07,42.42
09:40:08,42.38
09:40:08,42.4
09:40:10,42.41
09:40:11,42.17
09:40:11,42.18
09:40:15,42.25
09:40:15,42.14
09:40:18,42.15
09:40:20,42.26
09:40:20,42.34
09:40:22,42.38
09:40:27,42.37
09:40:28,42.41
09:40:34,42.4
09:40:34,42.32
09:40:34,42.2
09:40:34,42.24
09:40:35,42.2
09:40:38,42.22
09:40:38,42.26
09:40:39,42.36
09:40:41,42.44
09:40:43,42.37
09:40:54,42.34
09:40:58,42.26
09:40:58,42.36
09:40:59,42.39
09:41:00,42.42
09:41:00,42.35
09:41:03,42.34
09:41:04,42.42
09:41:07,42.38
09:41:08,42.44
09:41:19,42.35
09:41:19,42.43
09:41:20,42.31
09:41:22,42.43
09:41:24,42.44
09:41:24,42.37
09:41:26,42.4
09:41:26,42.35
09:41:26,42.39
09:41:27,42.37
09:41:28,42.31
09:41:28,42.32
09:41:28,42.35
09:41:32,42.21
09:41:39,42.3
09:41:40,42.35
09:41:40,42.4
09:41:40,42.24
09:41:42,42.42
09:41:42,42.44
09:41:43,42.48
09:41:44,42.5
09:41:53,42.43
09:41:54,42.46
09:41:56,42.38
09:41:57,42.42
09:42:01,42.31
09:42:03,42.35
09:42:04,42.36
09:42:05,42.31
09:42:05,42.3
09:42:07,42.29
09:42:09,42.27
09:42:13,42.29
09:42:22,42.3
09:42:24,42.36
09:42:24,42.35
09:42:25,42.29
09:42:26,42.36
09:42:30,42.35
09:42:36,42.28
09:42:36,42.35
09:42:39,42.32
09:42:43,42.3
09:42:44,42.4
09:42:45,42.34
09:42:46,42.44
09:42:47,42.34
09:42:48,42.38
09:42:49,42.44
09:42:50,42.27
09:42:53,42.35
09:42:57,42.36
09:42:58,42.28
09:42:59,42.27
09:43:00,42.24
09:43:01,42.3
09:43:10,42.28
09:43:11,42.34
09:43:19,42.35
09:43:19,42.36
09:43:31,42.37
09:43:31,42.38
09:43:32,42.35
09:43:40,42.3
09:43:45,42.22
09:43:45,42.3
09:43:49,42.22
09:43:54,42.23
09:43:55,42.24
09:44:13,42.36
09:44:13,42.35
09:44:14,42.32
09:44:14,42.34
09:44:14,42.36
09:44:17,42.37
09:44:17,42.36
09:44:18,42.38
09:44:19,42.35
09:44:25,42.37
09:44:27,42.39
09:44:28,42.4
09:44:30,42.44
09:44:31,42.4
09:44:34,42.43
09:44:35,42.4
09:44:35,42.38
09:44:36,42.37
09:44:44,42.35
09:44:47,42.37
09:44:49,42.36
09:44:50,42.37
09:44:53,42.39
09:44:54,42.43
09:44:54,42.42
09:44:54,42.44
09:44:58,42.41
09:44:59,42.45
09:44:59,42.44
09:45:02,42.39
09:45:02,42.49
09:45:02,42.48
09:45:03,42.4
09:45:03,42.35
09:45:14,42.38
09:45:14,42.35
09:45:21,42.4
09:45:22,42.26
09:45:23,42.37
09:45:29,42.39
09:45:30,42.28
09:45:33,42.33
09:45:59,42.36
09:45:59,42.35
09:46:00,42.31
09:46:00,42.36
09:46:02,42.33
09:46:20,42.22
09:46:20,42.31
09:46:21,42.16
09:46:24,42.13
09:46:36,42.17
09:46:36,42.23
09:46:36,42.15
09:46:38,42.16
09:46:39,42.03
09:46:39,42.16
09:46:39,42.04
09:46:40,42.03
09:46:42,42.07
09:46:43,42.02
09:46:43,42.12
09:46:45,42.06
09:46:45,42.12
09:46:50,42.04
09:46:57,42.11
09:46:57,42.13
09:46:57,42.19
09:46:57,42.23
09:46:58,42.13
09:46:58,42.11
09:47:00,42.13
09:47:00,42.21
09:47:01,42.17
09:47:11,42.23
09:47:30,42.19
09:47:37,42.13
09:47:38,42.16
09:47:43,42.19
09:47:44,42.14
09:47:48,42.13
09:47:53,42.15
09:47:54,41.95
09:47:54,42.02
09:47:55,41.94
09:47:56,41.9
09:47:56,41.71
09:47:56,41.67
09:47:57,41.85
09:47:57,41.71
09:47:58,41.9
09:47:58,41.72
09:47:58,41.9
09:48:00,41.67
09:48:02,41.76
09:48:06,41.66
09:48:08,41.74
09:48:13,41.76
09:48:16,41.66
09:48:18,41.72
09:48:19,41.65
09:48:21,41.66
09:48:21,41.63
09:48:22,41.72
09:48:22,41.64
09:48:24,41.67
09:48:28,41.71
09:48:28,41.69
09:48:37,41.64
09:48:38,41.65
09:48:38,41.69
09:48:38,41.72
09:48:39,41.57
09:48:40,41.74
09:48:41,41.84
09:48:42,41.72
09:48:44,41.65
09:48:46,41.79
09:48:47,41.65
09:48:54,41.64
09:48:54,41.74
09:49:00,41.66
09:49:00,41.74
09:49:00,41.69
09:49:03,41.65
09:49:03,41.72
09:49:07,41.73
09:49:08,41.76
09:49:16,41.72
09:49:16,41.74
09:49:18,41.71
09:49:20,41.7
09:49:25,41.73
09:49:27,41.64
09:49:27,41.73
09:49:34,41.68
09:49:40,41.69
09:49:47,41.59
09:49:49,41.65
09:49:54,41.62
09:50:00,41.59
09:50:02,41.57
09:50:04,41.51
09:50:05,41.53
09:50:07,41.57
09:50:07,41.58
09:50:08,41.59
09:50:10,41.54
09:50:10,41.59
09:50:14,41.52
09:50:18,41.58
09:50:34,41.59
09:50:37,41.57
09:50:45,41.58
09:50:46,41.55
09:50:59,41.57
09:50:59,41.6
09:51:00,41.65
09:51:13,41.62
09:51:14,41.57
09:51:15,41.59
09:51:16,41.61
09:51:18,41.39
09:51:19,41.51
09:51:19,41.49
09:51:20,41.38
09:51:20,41.47
09:51:23,41.41
09:51:24,41.37
09:51:25,41.35
09:51:28,41.4
09:51:29,41.41
09:51:32,41.44
09:51:33,41.2
09:51:33,41.29
09:51:33,41.4
09:51:34,41.34
09:51:35,41.3
09:51:36,41.24
09:51:38,41.18
09:51:38,41.3
09:51:40,41.16
09:51:41,41.1
09:51:42,41.16
09:51:42,41.18
09:51:42,41.13
09:51:43,41.28
09:51:43,41.16
09:51:48,41.14
09:51:54,41.24
09:51:56,41.14
09:51:56,41.1
09:52:01,41.16
09:52:02,41.22
09:52:05,41.16
09:52:06,41.22
09:52:07,41.16
09:52:09,41.17
09:52:15,41.22
09:52:17,41.29
09:52:17,41.35
09:52:19,41.42
09:52:20,41.41
09:52:20,41.44
09:52:24,41.42
09:52:26,41.4
09:52:28,41.41
09:52:38,41.45
09:52:44,41.36
09:52:45,41.39
09:52:59,41.29
09:53:05,41.25
09:53:11,41.27
09:53:11,41.31
09:53:11,41.28
09:53:13,41.29
09:53:15,41.31
09:53:17,41.3
09:53:23,41.4
09:53:28,41.33
09:53:30,41.3
09:53:31,41.36
09:53:32,41.35
09:53:34,41.36
09:53:39,41.37
09:53:45,41.38
09:53:45,41.43
09:53:48,41.5
09:53:48,41.55
09:53:48,41.53
09:53:49,41.55
09:53:51,41.59
09:53:52,41.54
09:53:53,41.58
09:53:53,41.5
09:53:53,41.53
09:53:59,41.47
09:54:03,41.45
09:54:04,41.39
09:54:05,41.44
09:54:09,41.45
09:54:10,41.46
09:54:15,41.45
09:54:22,41.48
09:54:28,41.41
09:54:31,41.38
09:54:31,41.43
09:54:38,41.46
09:54:54,41.5
09:55:08,41.51
09:55:10,41.7
09:55:10,41.68
09:55:13,41.46
09:55:16,41.5
09:55:16,41.46
09:55:19,41.49
09:55:22,41.48
09:55:34,41.41
09:55:34,41.39
09:55:40,41.46
09:55:55,41.38
09:55:57,41.41
09:56:22,41.38
09:56:36,41.36
09:56:40,41.45
09:56:45,41.42
09:57:06,41.38
09:57:18,41.46
09:57:19,41.43
09:57:20,41.42
09:57:24,41.41
09:57:31,41.37
09:57:47,41.36
09:57:48,41.35
09:57:50,41.39
09:57:50,41.35
09:57:51,41.36
09:57:53,41.42
09:57:53,41.41
09:57:53,41.46
09:57:55,41.43
09:58:07,41.37
09:58:12,41.41
09:58:14,41.4
09:58:20,41.36
09:58:20,41.4
09:58:22,41.41
09:58:28,41.4
09:58:33,41.35
09:58:34,41.37
09:58:42,41.29
09:58:45,41.25
09:58:46,41.35
09:58:54,41.33
09:59:02,41.31
09:59:06,41.35
09:59:06,41.4
09:59:08,41.46
09:59:08,41.42
09:59:24,41.41
09:59:25,41.38
09:59:25,41.43
09:59:29,41.44
09:59:33,41.41
09:59:57,41.43
09:59:57,41.46
10:00:01,41.47
10:00:01,41.48
10:00:06,41.47
10:00:08,41.56
10:00:09,41.59
10:00:10,41.55
10:00:10,41.56
10:00:16,41.55
10:00:18,41.49
10:00:19,41.57
10:00:19,41.56
10:00:25,41.57
10:00:26,41.59
10:00:26,41.51
10:00:38,41.53
10:00:42,41.51
10:00:44,41.46
10:00:45,41.44
10:00:48,41.52
10:00:51,41.44
10:00:51,41.5
10:00:51,41.41
10:00:52,41.46
10:00:52,41.47
10:00:56,41.46
10:00:58,41.47
10:00:58,41.5
10:01:06,41.46
10:01:17,41.53
10:01:24,41.48
10:01:24,41.44
10:01:28,41.48
10:01:30,41.44
10:01:31,41.5
10:02:01,41.41
10:02:01,41.39
10:02:02,41.44
10:02:06,41.38
10:02:07,41.37
10:02:13,41.42
10:02:17,41.37
10:02:23,41.42
10:02:23,41.46
10:02:34,41.4
10:02:44,41.39
10:02:47,41.37
10:02:49,41.34
10:02:49,41.32
10:02:52,41.39
10:02:56,41.36
10:03:35,41.3
10:03:35,41.35
10:03:36,41.33
10:03:38,41.29
10:03:40,41.27
10:03:46,41.33
10:03:57,41.3
10:04:00,41.29
10:04:01,41.21
10:04:02,41.29
10:04:05,41.25
10:04:06,41.22
10:04:06,41.27
10:04:10,41.21
10:04:19,41.3
10:04:21,41.31
10:04:23,41.3
10:04:26,41.29
10:04:26,41.31
10:04:26,41.33
10:04:27,41.32
10:04:28,41.33
10:04:33,41.37
10:04:34,41.39
10:04:37,41.37
10:04:38,41.4
10:04:49,41.41
10:04:53,41.42
10:05:00,41.43
10:05:08,41.44
10:05:16,41.41
10:05:26,41.42
10:05:30,41.45
10:05:34,41.5
10:05:40,41.49
10:05:49,41.5
10:05:52,41.48
10:06:03,41.5
10:06:05,41.47
10:06:09,41.5
10:06:09,41.47
10:06:14,41.5
10:06:16,41.41
10:06:27,41.44
10:06:32,41.5
10:06:32,41.46
10:06:44,41.5
10:06:47,41.49
10:07:01,41.47
10:07:04,41.49
10:07:06,41.51
10:07:06,41.54
10:07:09,41.6
10:07:12,41.57
10:07:12,41.6
10:07:14,41.57
10:07:18,41.6
10:07:19,41.58
10:07:20,41.61
10:07:22,41.56
10:07:22,41.58
10:07:28,41.51
10:07:31,41.5
10:07:32,41.54
10:07:36,41.47
10:07:37,41.5
10:07:38,41.51
10:07:39,41.5
10:07:42,41.46
10:07:43,41.47
10:08:12,41.45
10:08:17,41.47
10:08:26,41.56
10:08:26,41.5
10:08:27,41.54
10:08:32,41.53
10:08:34,41.45
10:08:35,41.5
10:08:40,41.47
10:08:40,41.5
10:08:45,41.49
10:08:48,41.46
10:08:56,41.45
10:08:57,41.49
10:08:58,41.5
10:09:00,41.53
10:09:03,41.58
10:09:03,41.59
10:09:08,41.54
10:09:13,41.59
10:09:15,41.56
10:09:17,41.53
10:09:18,41.58
10:09:19,41.56
10:09:22,41.59
10:09:22,41.6
10:09:22,41.61
10:09:26,41.65
10:09:30,41.61
10:10:06,41.56
10:10:16,41.58
10:10:19,41.53
10:10:22,41.5
10:10:25,41.57
10:10:35,41.53
10:10:39,41.56
10:10:48,41.52
10:10:49,41.56
10:10:54,41.55
10:10:58,41.56
10:11:06,41.52
10:11:08,41.5
10:11:12,41.51
10:11:14,41.56
10:11:16,41.59
10:11:19,41.6
10:11:21,41.61
10:11:23,41.67
10:11:23,41.7
10:11:23,41.64
10:11:36,41.65
10:11:37,41.66
10:11:38,41.65
10:11:44,41.61
10:11:46,41.62
10:11:49,41.65
10:11:57,41.66
10:12:22,41.71
10:12:26,41.8
10:12:31,41.84
10:12:38,41.83
10:12:38,41.78
10:13:03,41.84
10:13:13,41.81
10:13:14,41.8
10:13:15,41.81
10:13:19,41.75
10:13:27,41.74
10:13:27,41.72
10:13:30,41.73
10:13:32,41.76
10:13:41,41.72
10:13:53,41.79
10:13:58,41.8
10:13:58,41.82
10:14:02,41.84
10:14:05,41.86
10:14:11,41.9
10:14:12,41.86
10:14:18,41.88
10:14:22,41.9
10:14:22,41.87
10:14:28,41.95
10:14:59,41.88
10:15:13,41.9
10:15:21,41.87
10:15:34,41.89
10:15:43,41.87
10:15:46,41.88
10:15:46,41.89
10:15:55,41.93
10:16:02,41.9
10:16:03,41.89
10:16:08,41.86
10:16:08,41.88
10:16:09,41.85
10:16:22,41.89
10:16:22,41.86
10:16:25,41.89
10:16:37,41.92
10:16:37,41.93
10:16:38,41.89
10:16:43,41.95
10:16:43,41.94
10:16:49,41.97
10:16:51,41.96
10:16:51,41.93
10:17:05,41.96
10:17:06,41.93
10:17:08,41.96
10:17:14,41.97
10:17:16,41.94
10:17:22,42.06
10:17:22,42.02
10:17:23,42
10:17:40,42.01
10:17:43,42
10:17:46,42.03
10:17:52,42.05
10:17:56,42.01
10:17:58,42
10:17:58,42.01
10:17:59,42.03
10:18:03,42
10:18:06,42.09
10:18:11,42
10:18:12,41.99
10:18:14,42
10:18:16,41.99
10:18:16,42.04
10:18:21,41.99
10:18:23,41.91
10:18:24,41.89
10:18:35,41.9
10:18:44,41.87
10:18:46,41.85
10:18:47,41.89
10:18:49,41.86
10:18:57,41.9
10:18:59,41.87
10:19:04,41.88
10:19:09,41.9
10:19:14,41.92
10:19:14,41.9
10:19:15,41.87
10:19:19,41.83
10:19:24,41.78
10:19:26,41.77
10:19:34,41.78
10:19:42,41.82
10:19:45,41.81
10:19:52,41.77
10:20:03,41.78
10:20:08,41.83
10:20:08,41.85
10:20:24,41.84
10:20:40,41.85
10:21:06,41.91
10:21:07,41.9
10:21:09,41.87
10:21:10,41.91
10:21:12,41.92
10:21:18,41.91
10:21:18,41.93
10:21:20,41.94
10:21:41,41.98
10:21:45,42
10:21:46,41.92
10:21:48,41.89
10:22:03,41.93
10:22:05,41.86
10:22:09,41.92
10:22:09,41.85
10:22:17,41.83
10:22:19,41.82
10:22:21,41.77
10:22:26,41.8
10:22:29,41.84
10:22:33,41.87
10:22:34,41.94
10:22:35,41.91
10:22:41,41.99
10:22:54,41.9
10:23:03,41.81
10:23:12,41.85
10:23:14,41.88
10:23:15,41.89
10:23:20,41.94
10:23:24,41.9
10:23:24,41.89
10:23:26,41.88
10:23:50,41.78
10:23:52,41.8
10:23:54,41.77
10:24:13,41.72
10:24:15,41.79
10:24:25,41.85
10:25:22,41.88
10:25:27,41.9
10:25:46,41.88
10:25:55,41.85
10:26:04,41.8
10:26:27,41.73
10:26:32,41.71
10:26:34,41.76
10:26:37,41.79
10:26:48,41.82
10:26:56,41.78
10:26:56,41.83
10:27:41,41.85
10:27:43,41.9
10:27:44,41.91
10:27:51,41.9
10:28:01,41.89
10:28:30,41.95
10:28:36,41.86
10:28:38,41.79
10:28:50,41.83
10:28:54,41.84
10:28:56,41.79
10:29:22,41.82
10:29:29,41.78
10:29:36,41.8
10:29:45,41.82
10:29:59,41.83
10:30:14,41.85
10:30:23,41.87
10:30:24,41.84
10:30:41,41.85
10:30:42,41.81
10:30:46,41.8
10:30:52,41.83
10:30:54,41.81
10:30:56,41.79
10:30:57,41.78
10:31:01,41.84
10:31:01,41.87
10:31:06,41.91
10:31:08,41.95
10:31:10,41.96
10:31:13,42.01
10:31:14,41.98
10:31:16,42
10:31:18,41.98
10:31:20,41.95
10:31:24,41.97
10:31:24,41.95
10:31:40,41.96
10:31:45,41.98
10:31:48,41.99
10:31:49,41.95
10:31:57,41.92
10:32:00,41.95
10:32:03,41.91
10:32:19,41.93
10:32:34,41.9
10:32:34,41.92
10:32:36,41.91
10:32:38,41.97
10:32:39,41.96
10:32:47,42.03
10:32:52,42.01
10:32:53,41.99
10:32:53,42.03
10:32:53,42.11
10:32:54,42.07
10:32:56,42.04
10:32:57,42.03
10:33:02,42
10:33:08,41.98
10:33:09,42.03
10:33:14,42
10:33:19,42.06
10:33:19,42.05
10:33:24,42.04
10:33:34,42.02
10:33:36,42.03
10:33:44,42.01
10:33:45,42.05
10:33:49,42.02
10:33:52,42.03
10:33:54,42.01
10:33:56,42.03
10:33:58,42.01
10:34:02,42
10:34:03,42.01
10:34:04,42
10:34:06,42.01
10:34:06,42
10:34:06,42.01
10:34:06,42
10:34:07,42.07
10:34:07,42.14
10:34:18,42.12
10:34:19,42.14
10:34:19,42.13
10:34:20,42.12
10:34:23,42.1
10:34:24,42.09
10:34:25,42.08
10:34:26,42.12
10:34:40,42.09
10:34:40,42.13
10:34:41,42.12
10:34:50,42.13
10:34:54,42.12
10:34:55,42.14
10:34:56,42.12
10:35:07,42.15
10:35:07,42.14
10:35:10,42.13
10:35:12,42.12
10:35:13,42.11
10:35:16,42.12
10:35:17,42.1
10:35:18,42.11
10:35:21,42.12
10:35:22,42.13
10:35:22,42.11
10:35:23,42.13
10:35:23,42.11
10:35:26,42.08
10:35:26,42.05
10:35:30,42.11
10:35:30,42.07
10:35:34,42.08
10:35:34,42.06
10:35:35,42.08
10:35:35,42.06
10:35:36,42.07
10:35:38,42.08
10:35:38,42.1
10:35:38,42.12
10:35:47,42.14
10:35:48,42.15
10:35:53,42.2
10:35:55,42.23
10:35:56,42.25
10:35:57,42.24
10:35:58,42.22
10:35:58,42.2
10:35:59,42.16
10:36:01,42.22
10:36:03,42.21
10:36:05,42.24
10:36:08,42.21
10:36:09,42.22
10:36:15,42.23
10:36:17,42.25
10:36:19,42.23
10:36:20,42.28
10:36:21,42.25
10:36:23,42.15
10:36:24,42.23
10:36:49,42.16
10:36:50,42.19
10:36:50,42.22
10:36:51,42.2
10:36:53,42.15
10:37:02,42.24
10:37:06,42.17
10:37:12,42.21
10:37:14,42.17
10:37:15,42.19
10:37:16,42.18
10:37:18,42.15
10:37:18,42.18
10:37:20,42.16
10:37:22,42.2
10:37:31,42.23
10:37:35,42.3
10:37:40,42.33
10:37:50,42.34
10:37:51,42.35
10:37:54,42.29
10:37:55,42.32
10:37:56,42.3
10:38:08,42.32
10:38:14,42.33
10:38:16,42.32
10:38:31,42.3
10:38:35,42.31
10:38:36,42.27
10:38:57,42.28
10:39:26,42.3
10:39:27,42.35
10:39:32,42.36
10:39:33,42.35
10:39:34,42.33
10:39:36,42.31
10:39:46,42.33
10:40:10,42.35
10:40:15,42.36
10:40:16,42.35
10:40:20,42.36
10:40:21,42.35
10:40:26,42.34
10:40:26,42.33
10:40:29,42.3
10:40:41,42.28
10:40:44,42.29
10:40:50,42.3
10:41:06,42.27
10:41:10,42.2
10:41:13,42.22
10:41:15,42.21
10:41:22,42.19
10:41:24,42.2
10:41:25,42.18
10:41:36,42.21
10:41:37,42.24
10:42:07,42.28
10:42:20,42.31
10:42:28,42.25
10:42:30,42.27
10:42:41,42.26
10:42:48,42.25
10:43:03,42.28
10:43:05,42.32
10:43:11,42.31
10:43:16,42.32
10:43:17,42.34
10:43:36,42.3
10:43:54,42.33
10:44:19,42.35
10:44:21,42.36
10:44:21,42.35
10:44:22,42.32
10:44:22,42.3
10:44:22,42.27
10:44:23,42.26
10:44:34,42.25
10:44:36,42.24
10:44:36,42.26
10:44:37,42.24
10:44:39,42.22
10:44:42,42.2
10:44:57,42.21
10:44:59,42.18
10:45:00,42.2
10:45:01,42.21
10:45:11,42.18
10:45:14,42.19
10:45:22,42.17
10:45:31,42.23
10:45:32,42.21
10:45:39,42.22
10:45:41,42.26
10:45:45,42.29
10:45:47,42.3
10:45:48,42.28
10:46:17,42.25
10:46:40,42.26
10:46:43,42.24
10:46:47,42.26
10:46:53,42.25
10:47:07,42.28
10:47:14,42.29
10:47:25,42.28
10:47:29,42.33
10:47:35,42.31
10:47:36,42.33
10:47:42,42.3
10:48:00,42.28
10:48:11,42.27
10:48:20,42.29
10:48:20,42.31
10:48:26,42.29
10:48:51,42.3
10:48:52,42.31
10:48:55,42.3
10:48:58,42.32
10:48:59,42.33
10:49:00,42.35
10:49:01,42.32
10:49:01,42.29
10:49:07,42.3
10:49:08,42.28
10:49:09,42.26
10:49:30,42.25
10:49:31,42.24
10:49:32,42.25
10:49:36,42.27
10:49:37,42.3
10:49:39,42.31
10:49:42,42.32
10:49:42,42.35
10:49:56,42.31
10:49:58,42.3
10:50:04,42.33
10:50:09,42.35
10:50:27,42.37
10:50:28,42.35
10:50:29,42.36
10:50:30,42.35
10:50:35,42.37
10:50:37,42.39
10:50:38,42.36
10:50:39,42.37
10:50:42,42.36
10:50:43,42.37
10:50:44,42.36
10:50:45,42.37
10:50:57,42.36
10:50:59,42.35
10:51:14,42.37
10:51:14,42.38
10:51:15,42.37
10:51:24,42.36
10:51:32,42.35
10:51:34,42.33
10:51:35,42.35
10:51:42,42.34
10:51:42,42.35
10:51:43,42.34
10:51:49,42.37
10:51:59,42.38
10:52:09,42.37
10:52:10,42.35
10:52:12,42.37
10:52:18,42.35
10:52:24,42.37
10:52:27,42.35
10:52:29,42.37
10:52:48,42.35
10:52:51,42.36
10:52:51,42.37
10:53:04,42.4
10:53:04,42.39
10:53:14,42.4
10:53:16,42.45
10:53:16,42.48
10:53:20,42.46
10:53:20,42.48
10:53:20,42.5
10:53:22,42.56
10:53:22,42.58
10:53:22,42.6
10:53:24,42.58
10:53:24,42.57
10:53:25,42.56
10:53:26,42.59
10:53:27,42.6
10:53:34,42.59
10:53:35,42.6
10:53:36,42.61
10:53:37,42.66
10:53:38,42.7
10:53:38,42.71
10:53:41,42.7
10:53:41,42.72
10:53:43,42.71
10:53:44,42.75
10:53:44,42.72
10:53:45,42.7
10:53:45,42.68
10:53:45,42.7
10:53:51,42.69
10:53:52,42.7
10:53:55,42.71
10:53:56,42.72
10:53:59,42.74
10:53:59,42.75
10:54:00,42.81
10:54:02,42.78
10:54:03,42.81
10:54:03,42.78
10:54:04,42.8
10:54:05,42.81
10:54:06,42.82
10:54:08,42.83
10:54:09,42.82
10:54:10,42.81
10:54:10,42.83
10:54:12,42.8
10:54:14,42.81
10:54:15,42.8
10:54:16,42.76
10:54:19,42.74
10:54:24,42.76
10:54:27,42.75
10:54:36,42.8
10:54:40,42.85
10:54:41,42.86
10:54:42,42.87
10:54:42,42.95
10:54:43,42.93
10:54:43,42.91
10:54:43,42.9
10:54:44,42.87
10:54:45,42.84
10:54:45,42.85
10:54:46,42.83
10:54:48,42.84
10:54:48,42.85
10:54:49,42.89
10:54:50,42.85
10:54:51,42.89
10:54:53,42.9
10:54:54,42.91
10:54:55,42.93
10:54:55,42.89
10:54:56,42.92
10:54:56,42.93
10:54:56,42.95
10:54:57,42.89
10:54:57,42.96
10:54:57,43
10:55:00,43.03
10:55:00,43.02
10:55:01,43.09
10:55:01,43.06
10:55:01,43.12
10:55:02,43.14
10:55:03,43.08
10:55:03,43.06
10:55:03,43.05
10:55:04,42.89
10:55:04,42.97
10:55:04,42.96
10:55:08,42.92
10:55:08,42.96
10:55:08,42.93
10:55:10,42.96
10:55:12,42.92
10:55:13,42.9
10:55:14,42.96
10:55:14,42.9
10:55:14,42.92
10:55:16,42.9
10:55:16,42.92
10:55:20,42.9
10:55:24,42.88
10:55:25,42.91
10:55:26,42.84
10:55:30,42.87
10:55:31,42.84
10:55:33,42.86
10:55:34,42.85
10:55:36,42.86
10:55:36,42.87
10:55:41,42.86
10:55:42,42.84
10:55:43,42.85
10:55:45,42.82
10:55:48,42.83
10:55:54,42.81
10:56:00,42.78
10:56:01,42.77
10:56:09,42.76
10:56:14,42.74
10:56:16,42.72
10:56:17,42.73
10:56:18,42.72
10:56:19,42.71
10:56:20,42.74
10:56:21,42.76
10:56:21,42.73
10:56:21,42.74
10:56:25,42.78
10:56:26,42.82
10:56:27,42.83
10:56:28,42.85
10:56:40,42.83
10:56:43,42.84
10:56:43,42.85
10:56:44,42.84
10:56:44,42.83
10:56:46,42.84
10:56:51,42.85
10:56:55,42.83
10:56:57,42.84
10:57:03,42.82
10:57:06,42.85
10:57:08,42.86
10:57:08,42.9
10:57:09,42.95
10:57:10,42.88
10:57:13,42.9
10:57:19,42.91
10:57:21,42.94
10:57:26,42.92
10:57:26,42.88
10:57:26,42.89
10:57:44,42.92
10:57:49,42.91
10:57:50,42.95
10:57:51,42.96
10:57:56,42.94
10:57:56,42.92
10:57:58,42.87
10:57:59,42.89
10:58:14,42.83
10:58:18,42.86
10:58:34,42.88
10:58:35,42.9
10:58:56,42.87
10:59:22,42.85
10:59:22,42.8
10:59:26,42.79
10:59:27,42.77
10:59:28,42.72
10:59:31,42.76
10:59:44,42.72
10:59:51,42.74
11:00:15,42.7
11:00:17,42.69
11:00:18,42.67
11:00:18,42.65
11:00:20,42.61
11:00:22,42.62
11:00:23,42.59
11:00:24,42.56
11:00:27,42.59
11:00:29,42.62
11:00:30,42.67
11:00:36,42.7
11:00:40,42.71
11:00:44,42.72
11:00:44,42.68
11:00:47,42.69
11:00:56,42.72
11:01:04,42.7
11:01:15,42.69
11:01:22,42.67
11:01:29,42.65
11:01:35,42.62
11:01:47,42.65
11:02:06,42.64
11:02:11,42.68
11:02:11,42.7
11:02:12,42.68
11:03:04,42.64
11:03:06,42.63
11:03:06,42.64
11:03:08,42.63
11:03:12,42.61
11:03:17,42.62
11:03:22,42.63
11:03:25,42.69
11:03:33,42.68
11:03:42,42.74
11:03:43,42.75
11:03:44,42.77
11:03:53,42.83
11:03:54,42.78
11:03:57,42.81
11:04:02,42.78
11:04:04,42.75
11:04:21,42.77
11:04:25,42.78
11:04:31,42.79
11:04:34,42.8
11:04:34,42.81
11:04:35,42.84
11:04:35,42.82
11:04:37,42.81
11:04:43,42.78
11:04:45,42.8
11:04:58,42.82
11:04:58,42.83
11:05:20,42.84
11:05:23,42.86
11:05:24,42.88
11:05:25,42.93
11:05:27,42.89
11:05:27,42.86
11:05:33,42.85
11:05:34,42.86
11:06:17,42.87
11:06:24,42.9
11:06:24,42.93
11:06:26,42.94
11:06:28,42.95
11:06:33,43
11:06:36,43.05
11:06:43,43.04
11:06:44,42.96
11:07:03,42.98
11:07:05,42.99
11:07:05,42.94
11:07:06,42.93
11:07:08,42.94
11:07:09,42.91
11:07:13,42.89
11:07:35,42.88
11:07:43,42.8
11:07:45,42.85
11:07:52,42.94
11:07:54,43.03
11:07:57,43.02
11:07:59,42.99
11:08:03,43.02
11:08:14,43.05
11:08:24,43.03
11:08:26,43.04
11:08:29,43.09
11:08:30,43.1
11:08:34,43.09
11:08:39,43.08
11:08:40,43.05
11:08:40,43.07
11:08:42,43.1
11:08:44,43.08
11:08:49,43.06
11:08:50,43.1
11:08:50,43.15
11:08:54,43.03
11:08:55,43.05
11:08:56,43.06
11:09:01,43.08
11:09:04,43.06
11:09:12,43.08
11:09:13,43.05
11:09:14,43
11:09:15,42.98
11:09:15,42.96
11:09:18,43.15
11:09:23,43.12
11:09:23,43.15
11:09:24,43.13
11:09:26,43.1
11:09:27,43.08
11:09:32,43.07
11:09:42,43.05
11:09:43,43.03
11:09:45,43.16
11:09:45,43.15
11:09:46,43.1
11:09:58,43.06
11:09:59,43.05
11:09:59,43.09
11:10:02,43.06
11:10:04,43.05
11:10:04,43.07
11:10:05,43.05
11:10:08,43.09
11:10:09,43.01
11:10:10,43.02
11:10:11,43.06
11:10:16,43.05
11:10:51,43.02
11:10:51,42.98
11:10:54,42.97
11:11:01,42.95
11:11:02,42.94
11:11:05,42.92
11:11:09,42.96
11:11:17,42.97
11:11:24,42.95
11:11:36,42.97
11:11:38,42.95
11:11:51,42.91
11:12:06,42.81
11:12:09,42.86
11:12:14,42.9
11:12:22,42.84
11:12:23,42.82
11:12:24,42.77
11:12:24,42.74
11:12:27,42.75
11:12:27,42.76
11:12:30,42.73
11:12:31,42.78
11:12:37,42.81
11:12:38,42.77
11:12:59,42.8
11:13:10,42.79
11:13:17,42.84
11:13:19,42.86
11:13:22,42.9
11:13:22,42.89
11:13:28,42.86
11:13:39,42.87
11:13:57,42.88
11:14:00,42.91
11:14:10,42.9
11:14:12,42.92
11:14:14,42.93
11:14:17,42.92
11:14:24,42.94
11:14:27,42.91
11:14:28,42.9
11:15:01,42.91
11:15:08,42.92
11:15:11,42.9
11:15:21,42.89
11:15:27,42.91
11:15:33,42.9
11:15:54,42.87
11:16:04,42.88
11:16:08,42.89
11:16:11,42.87
11:16:31,42.89
11:16:34,42.88
11:16:40,42.86
11:16:44,42.85
11:16:44,42.86
11:16:45,42.89
11:16:46,42.91
11:16:46,42.95
11:16:49,43
11:16:50,42.97
11:16:51,43
11:16:52,42.98
11:16:52,42.97
11:16:52,42.99
11:16:54,42.98
11:16:55,43.01
11:17:04,43.03
11:17:07,43.02
11:17:12,43.03
11:17:14,43.04
11:17:16,43.05
11:17:20,43.03
11:17:21,43.05
11:17:22,43.01
11:17:22,43
11:17:23,42.99
11:17:23,42.95
11:17:26,42.99
11:17:31,43
11:17:38,43.03
11:17:40,43.04
11:17:43,43.05
11:17:44,43.04
11:17:44,43.05
11:17:52,43.08
11:17:52,43.05
11:17:52,43.09
11:17:54,43.02
11:17:56,43
11:17:57,43.02
11:17:57,42.98
11:17:58,43
11:18:01,43.05
11:18:18,43.07
11:18:27,43.1
11:18:46,43.09
11:18:49,43.1
11:18:51,43.12
11:18:54,43.11
11:18:56,43.1
11:19:02,43.11
11:19:04,43.09
11:19:05,43.08
11:19:06,43.07
11:19:11,43.06
11:19:13,43.08
11:19:14,43.06
11:19:23,43.08
11:19:23,43.06
11:19:30,43.05
11:19:33,43.06
11:19:35,43.03
11:19:36,43.07
11:19:36,43.06
11:19:38,43.08
11:19:38,43.06
11:19:42,43.04
11:19:43,43
11:19:45,43.05
11:19:47,43.06
11:19:48,43.05
11:19:50,43.09
11:19:58,43.06
11:20:08,43.09
11:20:10,43.08
11:20:13,43.09
11:20:14,43.1
11:20:18,43.09
11:20:24,43.11
11:20:27,43.1
11:20:27,43.08
11:20:29,43.05
11:20:34,43.06
11:20:36,43.07
11:20:39,43.09
11:20:41,43.1
11:20:42,43.09
11:20:52,43.1
11:20:57,43.09
11:20:58,43.1
11:20:59,43.07
11:21:00,43.08
11:21:02,43.09
11:21:05,43.08
11:21:12,43.07
11:21:19,43.08
11:21:21,43.06
11:21:33,43.04
11:21:37,43.05
11:21:38,43.03
11:21:46,43.06
11:21:48,43.09
11:21:48,43.1
11:21:55,43.09
11:21:59,43.1
11:22:00,43.08
11:22:01,43.1
11:22:02,43.09
11:22:02,43.1
11:22:03,43.11
11:22:04,43.12
11:22:05,43.13
11:22:08,43.15
11:22:10,43.13
11:22:16,43.14
11:22:18,43.15
11:22:25,43.14
11:22:30,43.15
11:22:32,43.13
11:22:33,43.12
11:22:35,43.11
11:22:42,43.09
11:22:42,43.1
11:22:43,43.08
11:22:45,43.09
11:22:57,43.08
11:22:57,43.09
11:22:59,43.06
11:23:02,43.09
11:23:04,43.11
11:23:10,43.09
11:23:30,43.1
11:23:43,43.13
11:23:48,43.11
11:24:19,43.13
11:24:19,43.1
11:24:19,43.12
11:24:29,43.07
11:24:30,43.08
11:24:36,43.13
11:24:44,43.11
11:24:48,43.1
11:25:11,43.14
11:25:15,43.15
11:25:16,43.16
11:25:17,43.14
11:25:24,43.12
11:25:33,43.13
11:25:36,43.12
11:26:01,43.1
11:26:15,43.14
11:26:29,43.15
11:26:34,43.17
11:26:49,43.19
11:26:51,43.16
11:26:58,43.15
11:27:23,43.19
11:27:36,43.17
11:27:58,43.18
11:28:02,43.16
11:28:05,43.17
11:28:15,43.18
11:28:16,43.17
11:28:24,43.18
11:28:24,43.17
11:28:25,43.18
11:28:25,43.16
11:28:25,43.15
11:28:25,43.13
11:28:26,43.1
11:28:28,43.12
11:28:57,43.15
11:28:59,43.13
11:29:01,43.16
11:29:02,43.13
11:29:13,43.14
11:29:36,43.15
11:29:38,43.12
11:29:45,43.11
11:29:52,43.14
11:29:54,43.16
11:29:54,43.14
11:30:14,43.13
11:30:24,43.11
11:30:26,43.15
11:30:26,43.11
11:30:28,43.1
11:30:30,43.06
11:30:38,43.02
11:30:42,43.03
11:30:45,43.02
11:30:51,43
11:30:54,43.01
11:30:56,42.95
11:30:59,42.96
11:31:03,42.97
11:31:05,42.98
11:31:08,43
11:31:09,43.02
11:31:10,43.04
11:31:10,43.05
11:31:11,43.06
11:31:15,43.1
11:31:27,43.09
11:31:29,43.16
11:31:34,43.15
11:31:43,43.11
11:31:46,43.15
11:31:47,43.17
11:31:53,43.13
11:32:02,43.08
11:32:04,43.07
11:32:07,43.08
11:32:26,43.07
11:32:28,43.09
11:32:31,43.12
11:32:34,43.15
11:32:47,43.13
11:32:56,43.11
11:33:05,43.13
11:33:07,43.12
11:33:11,43.1
11:33:11,43.11
11:33:16,43.06
11:33:45,43.05
11:33:50,43.03
11:33:56,43.04
11:34:14,43.01
11:34:15,43.02
11:34:20,43
11:34:21,42.95
11:34:23,42.98
11:34:39,42.97
11:34:48,42.9
11:34:57,42.85
11:34:59,42.79
11:35:00,42.82
11:35:06,42.79
11:35:07,42.76
11:35:09,42.77
11:35:15,42.79
11:35:16,42.78
11:35:26,42.8
11:35:27,42.82
11:35:34,42.81
11:35:42,42.76
11:35:44,42.75
11:35:48,42.72
11:35:49,42.64
11:35:50,42.7
11:35:51,42.71
11:35:54,42.7
11:36:00,42.72
11:36:01,42.76
11:36:02,42.81
11:36:11,42.86
11:36:13,42.84
11:36:23,42.88
11:36:25,42.89
11:36:27,42.88
11:36:28,42.89
11:36:30,42.88
11:36:33,42.92
11:36:33,42.79
11:36:34,42.9
11:36:39,42.86
11:36:45,42.88
11:36:57,42.91
11:36:59,42.92
11:37:02,42.93
11:37:14,42.9
11:37:32,42.94
11:37:33,42.89
11:37:39,42.92
11:37:42,42.91
11:37:52,42.88
11:37:59,42.93
11:38:00,42.94
11:38:01,42.91
11:38:04,42.92
11:38:10,42.95
11:38:15,42.94
11:38:18,42.92
11:38:24,42.88
11:38:31,42.9
11:39:17,42.91
11:39:28,42.9
11:39:33,42.87
11:39:40,42.9
11:40:00,42.91
11:40:14,42.88
11:40:25,42.86
11:40:31,42.84
11:40:37,42.79
11:40:41,42.78
11:40:48,42.74
11:40:55,42.78
11:40:57,42.76
11:41:04,42.74
11:41:06,42.76
11:41:12,42.75
11:41:15,42.74
11:41:21,42.71
11:41:30,42.75
11:41:49,42.76
11:41:52,42.8
11:41:52,42.82
11:42:31,42.76
11:42:47,42.77
11:42:56,42.79
11:43:10,42.75
11:43:14,42.77
11:43:17,42.8
11:43:17,42.78
11:43:25,42.76
11:43:26,42.7
11:43:29,42.73
11:43:29,42.72
11:43:43,42.73
11:43:46,42.76
11:43:55,42.71
11:43:56,42.73
11:44:01,42.76
11:44:15,42.74
11:44:44,42.7
11:44:49,42.74
11:45:07,42.72
11:45:08,42.7
11:45:11,42.75
11:45:26,42.78
11:45:27,42.73
11:45:50,42.79
11:45:51,42.82
11:45:57,42.81
11:46:12,42.85
11:46:13,42.88
11:46:15,42.87
11:46:15,42.89
11:46:18,42.88
11:46:45,42.87
11:46:45,42.88
11:47:06,42.83
11:47:07,42.81
11:47:08,42.8
11:47:09,42.78
11:47:29,42.8
11:47:50,42.83
11:48:11,42.86
11:48:33,42.88
11:48:46,42.9
11:48:59,42.89
11:49:03,42.9
11:49:17,42.94
11:49:19,42.95
11:49:27,42.97
11:49:28,43
11:49:30,43.03
11:49:30,43.04
11:49:32,43.06
11:49:37,43.05
11:49:39,43.07
11:49:40,43.08
11:49:41,43.07
11:49:46,43.05
11:49:49,43.03
11:49:51,43.02
11:49:57,43.01
11:50:06,43.03
11:50:23,43.04
11:50:36,43.05
11:50:53,43.08
11:51:01,43.05
11:51:04,42.97
11:51:04,43.01
11:51:05,42.97
11:51:15,42.95
11:51:17,42.94
11:51:32,42.97
11:51:33,42.98
11:51:38,42.95
11:51:39,42.96
11:51:40,43
11:51:43,43.04
11:51:52,43.03
11:51:59,43.04
11:52:06,43.03
11:52:16,43.02
11:52:16,43.03
11:52:16,43.02
11:52:19,43.01
11:52:29,43.03
11:52:33,43.05
11:52:33,43.06
11:52:41,43.1
11:52:41,43.09
11:52:42,43.08
11:52:43,43.07
11:52:43,43.08
11:52:45,43.06
11:52:47,43.1
11:53:10,43.12
11:53:31,43.14
11:53:31,43.15
11:53:42,43.14
11:53:43,43.15
11:53:46,43.14
11:53:56,43.12
11:54:02,43.14
11:54:06,43.15
11:54:07,43.17
11:54:08,43.16
11:54:09,43.17
11:54:10,43.15
11:54:11,43.17
11:54:12,43.15
11:54:31,43.16
11:54:32,43.15
11:54:34,43.16
11:54:35,43.15
11:54:36,43.16
11:54:37,43.15
11:54:39,43.16
11:54:44,43.15
11:54:50,43.16
11:54:50,43.15
11:55:04,43.13
11:55:05,43.09
11:55:07,43.03
11:55:12,43.04
11:55:12,43.09
11:55:12,43.1
11:55:19,43.11
11:55:32,43.15
11:55:34,43.16
11:55:36,43.18
11:55:42,43.19
11:55:45,43.2
11:55:45,43.19
11:55:51,43.21
11:55:54,43.2
11:56:00,43.21
11:56:00,43.22
11:56:01,43.21
11:56:04,43.22
11:56:07,43.24
11:56:08,43.27
11:56:09,43.3
11:56:10,43.35
11:56:10,43.34
11:56:15,43.35
11:56:18,43.36
11:56:19,43.37
11:56:20,43.4
11:56:21,43.38
11:56:21,43.37
11:56:21,43.4
11:56:22,43.39
11:56:24,43.38
11:56:24,43.4
11:56:25,43.38
11:56:25,43.36
11:56:27,43.37
11:56:31,43.36
11:56:32,43.42
11:56:33,43.4
11:56:38,43.43
11:56:40,43.44
11:56:41,43.45
11:56:45,43.43
11:56:48,43.45
11:56:49,43.44
11:56:50,43.48
11:56:50,43.5
11:56:51,43.48
11:56:52,43.47
11:56:53,43.48
11:56:54,43.46
11:56:54,43.45
11:56:57,43.44
11:56:58,43.42
11:56:59,43.43
11:56:59,43.42
11:56:59,43.43
11:57:02,43.46
11:57:14,43.43
11:57:16,43.39
11:57:20,43.41
11:57:21,43.38
11:57:21,43.37
11:57:27,43.4
11:57:30,43.38
11:57:35,43.41
11:57:36,43.35
11:57:38,43.34
11:57:38,43.35
11:57:42,43.33
11:57:54,43.32
11:57:56,43.35
11:57:57,43.33
11:58:00,43.37
11:58:03,43.35
11:58:15,43.42
11:58:16,43.43
11:58:18,43.46
11:58:23,43.44
11:58:24,43.48
11:58:25,43.45
11:58:28,43.43
11:58:34,43.47
11:58:39,43.46
11:58:41,43.47
11:58:46,43.45
11:58:47,43.47
11:58:47,43.45
11:58:51,43.43
11:58:54,43.46
11:58:54,43.44
11:59:01,43.43
11:59:01,43.44
11:59:07,43.4
11:59:10,43.39
11:59:14,43.38
11:59:25,43.42
11:59:30,43.38
11:59:32,43.37
11:59:32,43.33
11:59:34,43.32
11:59:34,43.31
11:59:37,43.4
11:59:37,43.41
11:59:39,43.42
11:59:41,43.4
11:59:47,43.42
11:59:48,43.41
11:59:54,43.44
11:59:59,43.43
12:00:03,43.44
12:00:05,43.4
12:00:08,43.41
12:00:08,43.38
12:00:09,43.37
12:00:13,43.4
12:00:17,43.37
12:00:20,43.4
12:00:29,43.38
12:00:34,43.37
12:00:36,43.36
12:00:37,43.35
12:00:48,43.34
12:01:02,43.35
12:01:03,43.34
12:01:08,43.37
12:01:21,43.35
12:01:27,43.36
12:01:31,43.38
12:01:42,43.37
12:01:46,43.36
12:02:07,43.37
12:02:10,43.33
12:02:12,43.34
12:02:15,43.33
12:02:24,43.32
12:02:29,43.34
12:02:32,43.36
12:02:32,43.37
12:02:37,43.38
12:02:42,43.37
12:03:00,43.38
12:03:43,43.36
12:03:47,43.37
12:03:52,43.38
12:03:58,43.4
12:03:59,43.39
12:04:02,43.36
12:04:06,43.35
12:04:08,43.34
12:04:25,43.35
12:04:37,43.37
12:04:41,43.34
12:04:57,43.25
12:04:57,43.21
12:04:59,43.23
12:04:59,43.21
12:05:01,43.11
12:05:01,43.13
12:05:03,43.11
12:05:03,43.13
12:05:08,43.15
12:05:08,43.18
12:05:20,43.21
12:05:22,43.22
12:05:28,43.19
12:05:29,43.14
12:05:36,43.16
12:05:41,43.12
12:05:43,43.11
12:05:46,43.13
12:05:54,43.19
12:06:13,43.17
12:06:33,43.19
12:06:39,43.18
12:06:43,43.19
12:06:52,43.16
12:07:20,43.19
12:07:23,43.17
12:07:31,43.2
12:07:36,43.18
12:07:38,43.21
12:07:39,43.22
12:07:40,43.2
12:07:45,43.21
12:07:48,43.22
12:07:48,43.23
12:07:49,43.24
12:07:55,43.25
12:07:58,43.33
12:08:04,43.31
12:08:08,43.27
12:08:18,43.29
12:08:19,43.33
12:08:34,43.32
12:08:42,43.36
12:08:47,43.37
12:08:49,43.38
12:08:53,43.37
12:08:55,43.35
12:09:13,43.34
12:09:27,43.36
12:09:28,43.37
12:09:32,43.38
12:09:46,43.37
12:09:52,43.43
12:09:59,43.41
12:10:26,43.44
12:10:26,43.47
12:10:35,43.46
12:10:44,43.47
12:10:49,43.46
12:10:55,43.45
12:11:06,43.44
12:11:07,43.45
12:11:12,43.44
12:11:17,43.42
12:11:22,43.47
12:11:32,43.46
12:11:35,43.45
12:11:36,43.43
12:11:43,43.44
12:11:58,43.41
12:12:02,43.44
12:12:03,43.45
12:12:17,43.46
12:12:21,43.47
12:12:33,43.48
12:12:42,43.49
12:12:47,43.5
12:12:58,43.47
12:13:04,43.49
12:13:09,43.5
12:13:10,43.59
12:13:13,43.55
12:13:16,43.58
12:13:19,43.59
12:13:20,43.65
12:13:22,43.73
12:13:24,43.69
12:13:26,43.68
12:13:26,43.65
12:13:30,43.62
12:13:32,43.6
12:13:32,43.58
12:13:33,43.53
12:13:38,43.58
12:13:48,43.47
12:13:49,43.44
12:13:50,43.41
12:13:53,43.4
12:13:57,43.42
12:13:58,43.39
12:14:03,43.37
12:14:08,43.35
12:14:15,43.42
12:14:21,43.43
12:14:22,43.42
12:14:23,43.43
12:14:31,43.46
12:14:32,43.45
12:14:41,43.38
12:14:45,43.29
12:14:49,43.31
12:14:50,43.28
12:15:23,43.36
12:15:28,43.33
12:15:28,43.35
12:15:37,43.36
12:15:41,43.33
12:15:42,43.32
12:15:46,43.36
12:16:06,43.33
12:16:17,43.38
12:16:26,43.39
12:16:32,43.37
12:16:34,43.48
12:16:36,43.42
12:16:37,43.38
12:16:56,43.31
12:17:00,43.3
12:17:01,43.33
12:17:02,43.27
12:17:03,43.31
12:17:11,43.32
12:17:13,43.31
12:17:26,43.28
12:17:37,43.33
12:18:04,43.35
12:18:08,43.38
12:18:23,43.34
12:18:24,43.36
12:18:27,43.33
12:18:45,43.34
12:18:50,43.33
12:18:50,43.3
12:19:41,43.29
12:19:46,43.31
12:19:52,43.37
12:19:52,43.38
12:19:55,43.35
12:20:14,43.36
12:20:18,43.31
12:20:29,43.28
12:20:30,43.3
12:20:38,43.33
12:20:43,43.36
12:21:22,43.38
12:21:57,43.34
12:22:00,43.36
12:22:00,43.35
12:22:18,43.37
12:22:19,43.35
12:22:25,43.34
12:22:25,43.35
12:22:28,43.34
12:22:28,43.35
12:22:29,43.34
12:22:30,43.35
12:22:31,43.34
12:22:31,43.35
12:22:33,43.34
12:22:34,43.35
12:22:34,43.33
12:22:37,43.35
12:22:39,43.34
12:22:43,43.35
12:22:46,43.36
12:22:47,43.35
12:22:48,43.36
12:22:48,43.34
12:22:55,43.36
12:22:57,43.34
12:23:04,43.35
12:23:05,43.36
12:23:05,43.34
12:23:06,43.36
12:23:09,43.35
12:23:10,43.34
12:23:11,43.33
12:23:29,43.34
12:23:29,43.35
12:24:15,43.33
12:24:21,43.32
12:24:22,43.3
12:24:26,43.29
12:24:33,43.3
12:24:34,43.31
12:24:35,43.33
12:24:37,43.36
12:24:39,43.4
12:24:41,43.42
12:24:46,43.38
12:25:41,43.46
12:25:49,43.44
12:25:50,43.46
12:25:52,43.48
12:25:54,43.52
12:25:54,43.56
12:25:54,43.57
12:25:59,43.51
12:26:01,43.54
12:26:03,43.51
12:26:08,43.52
12:26:13,43.54
12:26:13,43.57
12:26:14,43.59
12:26:16,43.58
12:26:19,43.6
12:26:22,43.58
12:26:23,43.59
12:26:24,43.61
12:26:28,43.6
12:26:30,43.59
12:26:33,43.58
12:26:34,43.54
12:26:44,43.63
12:26:44,43.59
12:26:53,43.62
12:27:06,43.63
12:27:06,43.62
12:27:08,43.63
12:27:09,43.61
12:27:11,43.63
12:27:17,43.65
12:27:23,43.64
12:27:25,43.65
12:27:32,43.64
12:27:35,43.62
12:27:43,43.6
12:27:45,43.59
12:27:55,43.6
12:28:01,43.54
12:28:02,43.58
12:28:12,43.63
12:28:18,43.69
12:28:19,43.65
12:28:29,43.68
12:28:36,43.64
12:28:38,43.56
12:28:38,43.55
12:28:40,43.5
12:28:47,43.51
12:28:53,43.54
12:29:09,43.57
12:29:25,43.55
12:29:38,43.54
12:29:52,43.58
12:30:13,43.59
12:30:13,43.61
12:30:17,43.59
12:30:17,43.58
12:30:51,43.6
12:31:01,43.58
12:31:03,43.56
12:31:10,43.59
12:31:25,43.58
12:31:27,43.55
12:31:30,43.56
12:31:31,43.57
12:31:33,43.56
12:31:40,43.53
12:31:45,43.46
12:31:45,43.5
12:31:53,43.47
12:32:07,43.38
12:32:11,43.4
12:32:30,43.34
12:32:36,43.43
12:32:52,43.39
12:33:31,43.42
12:33:39,43.46
12:34:39,43.43
12:34:40,43.39
12:34:42,43.42
12:34:42,43.43
12:35:30,43.46
12:35:39,43.48
12:35:44,43.43
12:35:45,43.4
12:36:34,43.46
12:37:09,43.38
12:37:17,43.35
12:37:18,43.33
12:37:21,43.38
12:37:21,43.33
12:37:26,43.39
12:37:26,43.33
12:37:28,43.3
12:37:30,43.32
12:37:52,43.33
12:37:54,43.31
12:38:05,43.29
12:38:06,43.3
12:38:12,43.28
12:38:23,43.3
12:38:28,43.31
12:38:33,43.33
12:38:59,43.34
12:39:49,43.35
12:39:52,43.37
12:40:06,43.35
12:40:18,43.36
12:40:33,43.37
12:40:41,43.36
12:40:41,43.33
12:40:53,43.31
12:40:54,43.28
12:40:59,43.32
12:41:00,43.3
12:41:20,43.33
12:41:27,43.3
12:41:34,43.28
12:41:36,43.25
12:41:39,43.26
12:41:46,43.29
12:41:50,43.31
12:42:14,43.33
12:42:56,43.34
12:42:57,43.33
12:43:09,43.34
12:43:24,43.36
12:43:26,43.38
12:43:37,43.36
12:44:01,43.34
12:44:31,43.32
12:44:39,43.35
12:44:51,43.28
12:45:08,43.33
12:45:50,43.28
12:46:22,43.31
12:46:23,43.32
12:46:52,43.33
12:46:53,43.34
12:47:16,43.32
12:47:17,43.3
12:47:38,43.34
12:47:54,43.27
12:47:56,43.23
12:47:57,43.21
12:47:57,43.17
12:47:58,43.18
12:48:08,43.2
12:48:15,43.22
12:48:25,43.25
12:48:37,43.27
12:48:55,43.25
12:49:01,43.26
12:49:03,43.27
12:49:20,43.31
12:49:22,43.32
12:49:43,43.31
12:50:12,43.33
12:50:28,43.32
12:50:31,43.31
12:50:45,43.28
12:51:15,43.29
12:51:46,43.3
12:51:54,43.28
12:52:12,43.3
12:52:25,43.26
12:52:32,43.27
12:52:35,43.26
12:52:49,43.25
12:53:01,43.26
12:53:10,43.29
12:53:26,43.3
12:53:33,43.28
12:53:40,43.29
12:54:46,43.31
12:55:11,43.33
12:55:31,43.32
12:55:33,43.34
12:55:44,43.35
12:55:46,43.34
12:55:47,43.35
12:56:20,43.36
12:57:19,43.34
12:57:19,43.33
12:58:12,43.28
12:58:32,43.31
12:58:50,43.32
12:58:54,43.3
12:59:01,43.32
12:59:03,43.33
12:59:05,43.35
12:59:10,43.36
12:59:11,43.35
12:59:13,43.34
12:59:40,43.37
12:59:44,43.33
12:59:56,43.36
13:00:31,43.33
13:00:42,43.32
13:01:16,43.34
13:01:39,43.32
13:02:37,43.3
13:02:50,43.29
13:02:50,43.27
13:02:50,43.25
13:02:51,43.24
13:02:53,43.31
13:02:56,43.28
13:03:00,43.26
13:03:04,43.3
13:03:28,43.27
13:03:48,43.24
13:03:52,43.23
13:04:29,43.21
13:04:30,43.26
13:04:30,43.25
13:04:39,43.29
13:05:04,43.27
13:05:07,43.3
13:05:12,43.32
13:05:13,43.36
13:05:16,43.37
13:05:19,43.38
13:05:29,43.35
13:07:08,43.36
13:07:35,43.38
13:08:11,43.37
13:09:17,43.34
13:09:40,43.35
13:09:41,43.34
13:09:55,43.31
13:09:56,43.29
13:09:57,43.31
13:09:58,43.24
13:09:58,43.27
13:09:58,43.22
13:10:00,43.27
13:10:00,43.21
13:10:02,43.26
13:10:02,43.22
13:10:04,43.28
13:10:07,43.35
13:10:08,43.34
13:11:09,43.31
13:11:58,43.35
13:11:59,43.32
13:12:50,43.31
13:12:56,43.27
13:13:08,43.3
13:13:37,43.33
13:14:48,43.28
13:14:48,43.33
13:14:56,43.24
13:15:08,43.27
13:15:32,43.3
13:15:32,43.28
13:15:39,43.27
13:15:43,43.25
13:15:49,43.24
13:16:27,43.2
13:16:28,43.21
13:16:31,43.22
13:16:40,43.12
13:16:40,43.19
13:16:49,43.09
13:16:55,43.11
13:16:58,43.1
13:17:01,43.09
13:17:04,43.04
13:17:04,43.09
13:17:05,43.04
13:17:05,43.1
13:17:06,43.05
13:17:11,43.04
13:17:13,43.08
13:17:31,43.07
13:17:35,43.1
13:17:37,43.08
13:17:42,43.1
13:17:44,43.13
13:17:45,43.11
13:17:45,43.1
13:18:07,43.06
13:18:09,43.05
13:18:13,43.04
13:18:14,43.05
13:18:40,43.03
13:18:41,43.04
13:18:48,43.07
13:18:48,43.03
13:18:49,43.04
13:18:49,43.01
13:18:50,43
13:18:50,42.97
13:18:52,42.98
13:18:53,42.97
13:19:06,42.96
13:19:19,43.01
13:19:31,43.04
13:19:51,43
13:19:54,42.97
13:20:42,43.01
13:20:48,43.03
13:20:59,42.97
13:21:04,43
13:21:05,43.03
13:21:10,43.01
13:21:17,43.03
13:21:19,43.04
13:21:23,43.01
13:22:15,43.07
13:22:16,43.04
13:22:25,43.08
13:23:10,43.04
13:23:13,43.07
13:23:27,43.06
13:23:59,43.08
13:24:05,43.1
13:24:14,43.08
13:24:30,43.1
13:24:32,43.09
13:24:54,43.1
13:24:57,43.11
13:24:58,43.09
13:25:04,43.1
13:25:11,43.08
13:25:12,43.06
13:25:20,43.08
13:26:01,43.1
13:26:15,43.07
13:26:21,43.11
13:26:28,43.09
13:27:13,43.05
13:27:13,43.06
13:27:30,43.04
13:27:32,43
13:27:34,43.04
13:27:35,43.01
13:27:37,43
13:28:07,42.98
13:28:10,42.96
13:28:15,42.95
13:28:16,42.96
13:28:24,42.98
13:28:28,42.96
13:28:44,42.99
13:28:51,42.96
13:29:12,42.95
13:29:27,42.96
13:29:28,43.02
13:29:29,43.03
13:29:30,43.07
13:29:47,43.06
13:30:29,43.07
13:30:44,43.08
13:31:04,43.07
13:31:06,43.06
13:31:30,43.09
13:31:46,43.13
13:31:51,43.16
13:31:52,43.12
13:32:04,43.13
13:32:17,43.14
13:32:19,43.11
13:32:22,43.15
13:32:45,43.12
13:32:47,43.1
13:33:08,43.07
13:33:09,43.06
13:33:43,43.09
13:34:08,43.07
13:34:30,43.04
13:34:57,42.99
13:34:57,43.01
13:35:03,42.98
13:35:04,42.97
13:35:07,42.96
13:35:08,42.95
13:36:00,42.96
13:36:05,43.02
13:36:26,43.04
13:36:28,43.02
13:36:38,43.04
13:37:13,43.1
13:37:14,43.05
13:37:47,43.06
13:38:03,43.07
13:38:04,43.08
13:38:08,43.03
13:38:08,43.02
13:38:08,43.01
13:38:28,43.02
13:38:33,43.01
13:39:30,43
13:39:43,42.99
13:39:45,43.01
13:39:54,42.99
13:40:03,42.97
13:40:30,42.94
13:41:05,42.93
13:41:05,42.92
13:41:12,42.91
13:41:13,42.9
13:41:15,42.89
13:41:15,42.82
13:41:15,42.85
13:41:16,42.84
13:41:18,42.85
13:41:23,42.86
13:41:24,42.88
13:41:28,42.86
13:41:52,42.87
13:41:52,42.85
13:41:56,42.82
13:42:13,42.86
13:42:38,42.87
13:42:40,42.94
13:43:08,42.92
13:43:10,42.91
13:44:29,42.9
13:44:53,42.91
13:44:53,42.88
13:44:55,42.92
13:45:01,42.97
13:45:01,42.93
13:45:02,42.97
13:45:03,42.92
13:45:04,42.97
13:45:06,42.92
13:45:06,42.94
13:45:07,42.82
13:45:16,42.87
13:45:49,42.85
13:45:52,42.83
13:46:01,42.84
13:46:06,42.83
13:46:08,42.85
13:46:44,42.86
13:47:03,42.87
13:47:14,42.84
13:47:16,42.85
13:48:07,42.89
13:48:23,42.87
13:48:36,42.89
13:48:47,42.91
13:48:50,42.94
13:48:50,43
13:49:28,42.98
13:49:37,43.01
13:50:08,43.03
13:50:22,42.96
13:50:24,42.94
13:50:59,42.96
13:50:59,42.95
13:51:02,42.99
13:51:08,43.01
13:51:17,42.97
13:51:20,42.96
13:51:39,42.97
13:51:52,42.95
13:52:08,42.97
13:52:14,42.94
13:52:30,42.97
13:52:48,42.94
13:53:36,42.93
13:54:01,42.94
13:54:02,42.92
13:54:02,42.89
13:54:05,42.93
13:54:07,42.92
13:54:26,42.9
13:54:30,42.91
13:54:42,42.9
13:55:07,42.91
13:55:20,42.87
13:55:37,42.86
13:56:00,42.89
13:56:01,42.86
13:56:20,42.88
13:57:10,42.89
13:57:22,42.86
13:57:24,42.88
13:57:31,42.86
13:57:32,42.85
13:57:37,42.9
13:57:38,42.91
13:58:07,42.92
13:58:10,42.91
13:58:17,42.9
13:58:22,42.91
13:58:42,42.96
13:58:43,42.94
13:59:02,42.93
13:59:33,42.97
13:59:34,43.01
13:59:48,42.97
14:00:07,43
14:00:49,42.97
14:00:58,43.03
14:01:25,43
14:01:48,43.01
14:01:50,43
14:02:15,43.02
14:02:35,43.03
14:02:36,43.05
14:02:40,43.06
14:02:46,43.07
14:02:51,43.1
14:02:52,43.11
14:03:00,43.1
14:03:01,43.11
14:03:07,43.14
14:03:09,43.12
14:03:22,43.14
14:03:24,43.15
14:03:29,43.17
14:03:32,43.18
14:03:37,43.2
14:03:41,43.22
14:03:48,43.2
14:03:56,43.21
14:04:02,43.27
14:04:03,43.25
14:04:04,43.28
14:04:05,43.29
14:04:13,43.27
14:04:16,43.25
14:04:17,43.29
14:04:19,43.26
14:04:21,43.27
14:04:22,43.24
14:04:24,43.17
14:04:28,43.2
14:04:30,43.17
14:04:33,43.24
14:04:34,43.18
14:04:42,43.24
14:04:46,43.29
14:04:47,43.3
14:04:51,43.29
14:04:53,43.3
14:05:04,43.35
14:05:05,43.3
14:05:07,43.31
14:05:09,43.35
14:05:12,43.41
14:05:13,43.38
14:05:13,43.37
14:05:14,43.35
14:05:16,43.38
14:05:20,43.37
14:05:22,43.36
14:05:23,43.37
14:05:27,43.32
14:05:27,43.3
14:05:28,43.34
14:05:32,43.32
14:05:33,43.28
14:05:58,43.32
14:06:58,43.31
14:06:59,43.3
14:07:04,43.27
14:07:05,43.26
14:07:07,43.24
14:07:08,43.23
14:07:08,43.24
14:07:09,43.23
14:07:10,43.2
14:07:11,43.19
14:07:12,43.16
14:07:12,43.18
14:07:13,43.15
14:07:14,43.13
14:07:15,43.15
14:07:15,43.12
14:07:19,43.16
14:07:20,43.18
14:07:23,43.24
14:07:43,43.25
14:08:01,43.23
14:08:25,43.25
14:08:31,43.26
14:08:42,43.31
14:08:46,43.28
14:08:48,43.32
14:09:23,43.39
14:09:23,43.44
14:09:24,43.35
14:09:25,43.34
14:09:28,43.35
14:09:28,43.34
14:09:33,43.36
14:09:47,43.35
14:09:50,43.38
14:09:56,43.35
14:09:58,43.39
14:10:14,43.42
14:10:20,43.45
14:10:24,43.42
14:10:31,43.44
14:10:37,43.39
14:11:05,43.33
14:11:14,43.37
14:11:20,43.33
14:11:21,43.35
14:11:50,43.31
14:11:54,43.26
14:12:10,43.25
14:12:12,43.24
14:12:47,43.29
14:12:53,43.3
14:13:27,43.28
14:13:28,43.31
14:13:44,43.28
14:14:21,43.27
14:14:26,43.29
14:15:06,43.28
14:15:11,43.33
14:15:13,43.35
14:15:16,43.36
14:15:20,43.35
14:15:21,43.34
14:15:22,43.35
14:15:31,43.37
14:15:57,43.38
14:15:57,43.4
14:15:59,43.39
14:16:00,43.38
14:16:03,43.37
14:16:04,43.39
14:16:08,43.37
14:16:11,43.38
14:16:14,43.39
14:16:15,43.38
14:16:15,43.34
14:16:18,43.33
14:16:29,43.34
14:16:40,43.35
14:16:51,43.33
14:17:20,43.38
14:18:38,43.34
14:18:54,43.32
14:18:55,43.33
14:19:03,43.3
14:19:37,43.32
14:19:39,43.33
14:19:39,43.31
14:20:25,43.32
14:20:27,43.35
14:20:50,43.34
14:20:52,43.33
14:20:54,43.34
14:20:55,43.33
14:20:56,43.34
14:21:01,43.32
14:21:02,43.3
14:21:13,43.31
14:21:17,43.3
14:21:24,43.31
14:21:26,43.3
14:21:33,43.31
14:21:35,43.29
14:21:36,43.28
14:21:49,43.32
14:23:23,43.31
14:23:24,43.28
14:23:36,43.31
14:23:54,43.28
14:24:44,43.32
14:24:47,43.28
14:24:54,43.31
14:24:57,43.28
14:25:33,43.31
14:25:50,43.33
14:25:52,43.34
14:25:56,43.35
14:26:03,43.37
14:26:03,43.39
14:26:16,43.37
14:26:25,43.38
14:26:35,43.37
14:27:26,43.35
14:27:29,43.38
14:27:32,43.39
14:27:35,43.38
14:27:46,43.4
14:27:49,43.43
14:27:52,43.42
14:27:57,43.4
14:28:05,43.42
14:28:21,43.37
14:28:24,43.39
14:29:27,43.4
14:30:07,43.42
14:30:15,43.4
14:30:16,43.44
14:30:18,43.42
14:30:35,43.44
14:30:42,43.41
14:31:03,43.4
14:31:03,43.39
14:31:10,43.4
14:31:39,43.41
14:31:42,43.4
14:31:44,43.41
14:31:48,43.4
14:32:03,43.39
14:32:05,43.37
14:33:17,43.39
14:33:50,43.4
14:33:59,43.37
14:34:40,43.38
14:35:27,43.37
14:35:30,43.38
14:35:33,43.39
14:35:36,43.38
14:35:43,43.39
14:35:45,43.42
14:36:07,43.44
14:36:08,43.47
14:36:11,43.48
14:36:11,43.5
14:36:14,43.48
14:36:15,43.47
14:36:15,43.46
14:36:24,43.45
14:36:37,43.48
14:36:38,43.49
14:36:39,43.48
14:36:52,43.46
14:37:12,43.47
14:37:20,43.5
14:37:37,43.56
14:37:39,43.57
14:37:43,43.56
14:37:49,43.6
14:38:01,43.59
14:38:08,43.58
14:38:21,43.53
14:38:32,43.54
14:38:39,43.55
14:38:44,43.6
14:38:44,43.58
14:38:45,43.57
14:38:54,43.56
14:39:11,43.58
14:39:13,43.61
14:39:40,43.56
14:39:42,43.58
14:39:44,43.56
14:39:45,43.55
14:39:50,43.57
14:39:54,43.56
14:40:06,43.55
14:40:28,43.54
14:40:30,43.53
14:40:42,43.52
14:40:44,43.49
14:40:51,43.51
14:41:18,43.47
14:41:21,43.49
14:41:31,43.48
14:41:32,43.47
14:41:44,43.46
14:41:46,43.44
14:42:05,43.46
14:42:48,43.5
14:43:05,43.49
14:43:05,43.48
14:43:12,43.52
14:43:19,43.53
14:43:19,43.52
14:43:44,43.5
14:43:45,43.58
14:43:48,43.53
14:44:21,43.56
14:44:32,43.57
14:44:36,43.56
14:44:41,43.55
14:44:41,43.56
14:45:09,43.53
14:45:56,43.54
14:46:22,43.51
14:46:24,43.49
14:46:24,43.48
14:46:25,43.47
14:46:28,43.45
14:46:47,43.44
14:46:50,43.45
14:46:51,43.44
14:46:51,43.42
14:46:53,43.41
14:46:55,43.4
14:46:57,43.42
14:46:59,43.4
14:47:24,43.42
14:47:27,43.43
14:47:35,43.41
14:47:35,43.42
14:47:40,43.44
14:47:42,43.45
14:47:52,43.44
14:48:50,43.43
14:48:54,43.44
14:49:07,43.43
14:49:29,43.41
14:50:18,43.45
14:50:49,43.46
14:50:52,43.47
14:50:54,43.45
14:50:57,43.44
14:50:58,43.45
14:51:19,43.47
14:51:36,43.49
14:51:42,43.5
14:51:51,43.52
14:51:56,43.55
14:52:05,43.58
14:52:08,43.56
14:52:21,43.58
14:52:36,43.54
14:52:37,43.51
14:52:53,43.5
14:53:32,43.51
14:53:58,43.52
14:53:59,43.5
14:54:04,43.48
14:54:04,43.52
14:54:15,43.49
14:55:11,43.5
14:55:21,43.49
14:56:27,43.48
14:56:38,43.46
14:57:10,43.48
14:57:35,43.47
14:57:48,43.45
14:57:49,43.43
14:58:03,43.44
14:58:07,43.42
14:58:15,43.43
14:58:30,43.4
14:58:32,43.39
14:58:33,43.42
14:58:40,43.4
14:58:43,43.42
14:58:43,43.41
14:58:44,43.4
14:59:48,43.39
14:59:50,43.42
14:59:58,43.35
15:00:02,43.33
15:00:05,43.35
15:00:06,43.33
15:00:10,43.35
15:00:56,43.33
15:01:32,43.29
15:01:48,43.26
15:02:14,43.28
15:02:17,43.32
15:02:24,43.33
15:02:39,43.32
15:03:50,43.35
15:03:51,43.33
15:03:54,43.31
15:04:11,43.34
15:04:36,43.28
15:04:47,43.3
15:04:48,43.32
15:04:48,43.33
15:04:50,43.35
15:05:04,43.32
15:05:25,43.34
15:05:30,43.33
15:06:03,43.37
15:06:06,43.38
15:06:09,43.39
15:06:21,43.37
15:07:06,43.36
15:07:18,43.44
15:07:38,43.41
15:08:04,43.42
15:08:22,43.4
15:09:20,43.41
15:09:48,43.39
15:09:57,43.41
15:10:56,43.39
15:11:02,43.36
15:11:43,43.35
15:11:47,43.36
15:12:02,43.35
15:12:13,43.38
15:12:31,43.37
15:12:39,43.36
15:12:45,43.38
15:12:46,43.39
15:12:49,43.38
15:12:56,43.39
15:13:02,43.42
15:13:02,43.41
15:13:04,43.4
15:13:16,43.41
15:13:39,43.39
15:13:45,43.41
15:13:51,43.39
15:15:05,43.36
15:15:26,43.4
15:15:27,43.42
15:15:44,43.45
15:15:44,43.47
15:15:48,43.44
15:15:49,43.4
15:16:21,43.39
15:17:32,43.37
15:17:42,43.38
15:18:10,43.35
15:18:20,43.36
15:18:34,43.34
15:18:37,43.37
15:19:14,43.34
15:19:15,43.33
15:19:34,43.31
15:19:36,43.32
15:19:49,43.33
15:19:52,43.34
15:20:06,43.3
15:20:16,43.34
15:20:16,43.31
15:20:50,43.35
15:20:50,43.36
15:20:52,43.37
15:20:55,43.4
15:20:56,43.39
15:21:10,43.37
15:21:24,43.4
15:21:25,43.37
15:21:56,43.39
15:22:33,43.37
15:22:46,43.39
15:22:52,43.38
15:22:52,43.36
15:22:53,43.37
15:23:01,43.36
15:23:16,43.38
15:23:24,43.39
15:23:57,43.4
15:24:21,43.38
15:24:28,43.4
15:24:50,43.35
15:24:51,43.39
15:25:25,43.37
15:25:34,43.39
15:25:39,43.4
15:25:47,43.41
15:25:50,43.42
15:25:56,43.38
15:26:07,43.37
15:26:41,43.36
15:26:43,43.41
15:26:56,43.4
15:27:27,43.41
15:28:12,43.4
15:28:28,43.41
15:28:45,43.38
15:28:47,43.35
15:28:49,43.38
15:28:57,43.34
15:29:34,43.38
15:29:35,43.39
15:29:43,43.37
15:29:47,43.39
15:30:12,43.38
15:30:17,43.35
15:30:24,43.38
15:30:50,43.36
15:30:50,43.37
15:31:25,43.39
15:31:32,43.38
15:31:42,43.39
15:31:56,43.4
15:32:06,43.41
15:32:42,43.4
15:32:42,43.39
15:32:43,43.38
15:32:45,43.37
15:32:59,43.36
15:33:15,43.37
15:33:20,43.36
15:33:30,43.34
15:33:32,43.38
15:33:38,43.35
15:33:40,43.34
15:33:58,43.31
15:34:06,43.32
15:34:12,43.34
15:34:21,43.33
15:34:27,43.31
15:34:44,43.34
15:34:58,43.37
15:35:16,43.39
15:35:50,43.37
15:35:50,43.36
15:36:00,43.37
15:36:00,43.36
15:36:01,43.35
15:36:09,43.34
15:36:18,43.32
15:36:21,43.31
15:36:36,43.32
15:36:48,43.34
15:36:56,43.36
15:36:58,43.38
15:37:04,43.41
15:37:06,43.4
15:37:10,43.39
15:37:11,43.37
15:37:12,43.39
15:37:17,43.37
15:37:33,43.36
15:37:44,43.38
15:37:45,43.37
15:37:49,43.39
15:37:55,43.38
15:38:07,43.35
15:38:20,43.37
15:38:21,43.35
15:38:40,43.36
15:38:49,43.35
15:39:01,43.36
15:39:03,43.34
15:39:15,43.32
15:39:22,43.34
15:39:23,43.31
15:39:29,43.33
15:39:29,43.31
15:39:30,43.32
15:39:31,43.33
15:39:52,43.32
15:40:14,43.33
15:40:23,43.32
15:40:27,43.33
15:40:35,43.32
15:40:37,43.33
15:40:42,43.34
15:40:47,43.32
15:40:54,43.31
15:41:00,43.32
15:41:10,43.31
15:41:25,43.29
15:41:27,43.28
15:41:41,43.29
15:41:45,43.25
15:41:47,43.26
15:41:49,43.28
15:41:54,43.26
15:41:59,43.27
15:42:00,43.26
15:42:01,43.27
15:42:05,43.25
15:42:16,43.16
15:42:17,43.15
15:42:17,43.17
15:42:17,43.21
15:42:21,43.13
15:42:23,43.17
15:42:23,43.11
15:42:30,43.08
15:42:30,43.11
15:42:34,43.12
15:42:39,43.13
15:42:40,43.11
15:42:41,43.13
15:42:41,43.11
15:42:53,43.13
15:42:59,43.12
15:43:02,43.14
15:43:07,43.13
15:43:08,43.12
15:43:10,43.1
15:43:33,43.09
15:43:34,43.07
15:43:39,43.05
15:43:40,43.09
15:43:43,43.07
15:43:45,43.04
15:43:45,42.96
15:43:46,42.99
15:43:48,42.96
15:43:55,42.93
15:43:55,42.91
15:44:01,42.9
15:44:03,42.92
15:44:03,42.93
15:44:20,42.94
15:44:21,42.92
15:44:21,42.94
15:44:23,42.95
15:44:23,42.94
15:44:28,42.95
15:44:31,42.93
15:44:32,42.94
15:44:33,42.95
15:44:35,42.96
15:44:37,42.97
15:44:38,42.99
15:44:39,42.98
15:44:41,42.95
15:44:50,42.98
15:44:51,43
15:44:56,43.03
15:45:03,43.04
15:45:05,43.08
15:45:05,43.2
15:45:06,43.1
15:45:10,43.08
15:45:16,43.06
15:45:21,43.09
15:45:23,43.07
15:45:25,43.11
15:45:44,43.06
15:45:55,43.08
15:46:01,43.06
15:46:01,43.09
15:46:01,43.11
15:46:18,43.12
15:46:27,43.1
15:46:43,43.12
15:46:56,43.11
15:46:59,43.1
15:47:03,43.09
15:47:04,43.08
15:47:11,43.06
15:47:11,43.05
15:47:27,43.08
15:47:34,43.09
15:47:47,43.1
15:47:48,43.11
15:47:51,43.12
15:47:55,43.11
15:48:05,43.1
15:48:13,43.11
15:48:15,43.1
15:48:18,43.11
15:48:22,43.05
15:48:26,43.07
15:48:30,43.1
15:48:34,43.09
15:48:39,43.12
15:48:45,43.11
15:48:45,43.1
15:48:49,43.11
15:48:49,43.1
15:49:06,43.09
15:49:11,43.1
15:49:13,43.08
15:49:13,43.09
15:49:17,43.1
15:49:26,43.12
15:49:27,43.13
15:49:45,43.14
15:49:50,43.1
15:49:53,43.08
15:49:56,43.1
15:50:04,43.12
15:50:07,43.1
15:50:13,43.09
15:50:17,43.1
15:50:21,43.11
15:50:24,43.13
15:50:27,43.14
15:50:28,43.12
15:50:31,43.13
15:50:36,43.15
15:50:48,43.14
15:50:55,43.13
15:51:04,43.12
15:51:04,43.11
15:51:05,43.1
15:51:09,43.11
15:51:09,43.12
15:51:09,43.11
15:51:11,43.1
15:51:17,43.11
15:51:28,43.1
15:51:30,43.11
15:51:32,43.15
15:51:33,43.13
15:51:34,43.12
15:51:34,43.09
15:51:48,43.12
15:51:51,43.13
15:51:57,43.11
15:52:05,43.1
15:52:07,43.12
15:52:08,43.1
15:52:10,43.09
15:52:10,43.1
15:52:37,43.12
15:52:42,43.14
15:52:43,43.13
15:52:58,43.14
15:53:00,43.16
15:53:03,43.17
15:53:04,43.18
15:53:04,43.22
15:53:04,43.2
15:53:05,43.22
15:53:06,43.21
15:53:09,43.2
15:53:11,43.18
15:53:14,43.17
15:53:26,43.15
15:53:27,43.13
15:53:30,43.12
15:53:34,43.11
15:53:41,43.14
15:53:41,43.12
15:53:41,43.13
15:53:46,43.14
15:53:57,43.15
15:54:02,43.12
15:54:05,43.13
15:54:10,43.1
15:54:42,43.13
15:55:01,43.17
15:55:05,43.16
15:55:05,43.15
15:55:18,43.14
15:55:20,43.11
15:55:35,43.13
15:55:38,43.12
15:55:39,43.13
15:55:43,43.12
15:55:45,43.13
15:55:45,43.12
15:55:48,43.13
15:55:51,43.15
15:55:54,43.18
15:55:55,43.16
15:56:03,43.15
15:56:03,43.18
15:56:05,43.15
15:56:10,43.14
15:56:13,43.13
15:56:22,43.14
15:56:23,43.13
15:56:33,43.12
15:56:41,43.14
15:56:53,43.15
15:57:06,43.13
15:57:11,43.11
15:57:11,43.13
15:57:13,43.12
15:57:34,43.15
15:57:34,43.16
15:57:37,43.13
15:57:43,43.14
15:57:45,43.15
15:57:46,43.14
15:57:47,43.12
15:57:49,43.13
15:57:54,43.14
15:57:59,43.16
15:58:02,43.15
15:58:05,43.14
15:58:07,43.16
15:58:09,43.17
15:58:09,43.16
15:58:11,43.17
15:58:16,43.14
15:58:17,43.13
15:58:18,43.14
15:58:35,43.13
15:58:39,43.14
15:58:41,43.15
15:58:49,43.16
15:58:51,43.15
15:59:10,43.14
15:59:11,43.15
15:59:20,43.14
15:59:21,43.15
15:59:21,43.14
15:59:24,43.15
15:59:25,43.16
15:59:27,43.15
15:59:28,43.16
15:59:29,43.15
15:59:34,43.16
15:59:35,43.15
15:59:44,43.16
15:59:45,43.14
15:59:46,43.16
15:59:48,43.15
15:59:52,43.14
15:59:54,43.15
15:59:55,43.14
15:59:56,43.15
15:59:56,43.14
15:59:57,43.13
15:59:58,43.15
16:00:01,43.13
16:00:01,43.15
16:00:03,43.14
16:00:03,43.15
16:00:04,43.13
16:00:07,43.14
16:01:46,43.12
16:02:07,43.13
16:02:25,43.11
16:20:13,43.13
16:24:47,43.3
16:36:13,43.13
16:45:12,43.2
17:05:53,43.24
17:46:53,43.3
17:48:24,43.29
17:54:44,43.3
18:13:55,43.42
18:28:29,43.16
