04:56:22,77.7
06:56:10,76.7
06:56:56,75.71
06:58:39,74.5
06:59:07,77
07:00:12,77.75
07:05:26,77
07:07:42,76.62
07:07:56,76.48
07:27:42,76.15
07:29:29,76
07:34:10,76.12
07:52:31,75.75
07:53:04,75.6
08:02:38,75
08:08:27,75.45
08:10:24,75.5
08:10:50,75.3
08:11:51,75
08:18:07,75.3
08:27:42,75.49
08:28:16,75.2
08:35:10,75.5
08:46:04,75.2
08:51:47,75.5
09:04:13,75.55
09:04:25,75.5
09:13:59,75.75
09:14:54,75.4
09:19:58,75.01
09:21:26,75
09:30:13,75.18
09:30:15,75.07
09:30:18,75.02
09:30:19,75.07
09:30:22,75.19
09:30:36,75.13
09:31:04,75.18
09:31:06,75.25
09:31:07,75.52
09:31:08,75.19
09:32:00,75.02
09:32:15,74.92
09:32:18,75.07
09:32:58,75.14
09:33:11,75.07
09:33:17,75.18
09:33:20,75.17
09:33:20,75.3
09:33:52,75.03
09:34:03,75.01
09:34:09,74.83
09:34:15,74.97
09:34:15,75.1
09:34:16,75.08
09:34:16,75.07
09:34:17,75.08
09:34:18,75.11
09:34:19,75.15
09:34:20,75.17
09:34:21,75.18
09:34:21,75.29
09:34:22,75.34
09:34:23,75.41
09:34:23,75.47
09:34:28,75.53
09:34:28,75.51
09:34:30,75.71
09:34:30,75.65
09:34:30,75.48
09:34:31,75.72
09:34:32,75.85
09:34:35,75.87
09:34:35,75.89
09:34:42,75.82
09:34:50,75.85
09:34:54,75.84
09:34:58,75.65
09:34:59,75.8
09:34:59,75.85
09:35:06,75.9
09:35:13,75.5
09:35:17,75.74
09:35:18,75.64
09:35:18,75.65
09:35:23,75.77
09:35:25,75.76
09:35:29,75.84
09:35:29,75.79
09:35:36,75.71
09:35:38,75.79
09:35:43,75.71
09:35:52,75.78
09:35:52,75.61
09:35:52,75.7
09:35:55,75.78
09:36:00,75.77
09:36:12,75.75
09:36:12,75.76
09:36:23,75.73
09:36:28,75.7
09:36:29,75.69
09:36:31,75.65
09:36:33,75.56
09:36:55,75.72
09:36:55,75.71
09:36:55,75.66
09:36:55,75.68
09:36:55,75.66
09:36:58,75.72
09:36:58,75.75
09:36:58,75.66
09:36:59,75.75
09:37:00,75.66
09:37:01,75.75
09:37:02,75.66
09:37:03,75.76
09:37:11,75.68
09:37:13,75.71
09:37:14,75.72
09:37:20,75.68
09:37:20,75.72
09:37:28,75.75
09:37:28,75.72
09:37:45,75.68
09:37:55,75.7
09:37:55,75.69
09:38:08,75.68
09:38:19,75.69
09:38:28,75.73
09:38:29,75.68
09:38:32,75.73
09:38:38,75.68
09:38:38,75.66
09:38:46,75.72
09:39:04,75.75
09:39:04,75.68
09:39:22,75.74
09:39:27,75.71
09:39:40,75.73
09:39:42,75.86
09:39:42,75.74
09:39:42,75.75
09:39:53,75.84
09:39:58,75.79
09:39:58,75.78
09:40:02,75.75
09:40:10,75.82
09:40:10,75.84
09:40:13,75.86
09:40:16,75.85
09:40:21,75.86
09:40:21,75.88
09:40:22,75.9
09:40:25,75.95
09:40:26,75.99
09:40:31,75.93
09:40:32,75.96
09:40:38,75.88
09:40:39,75.75
09:40:40,75.82
09:41:10,75.7
09:41:10,75.75
09:41:16,75.76
09:41:23,75.79
09:41:32,75.87
09:41:32,75.89
09:41:33,75.87
09:41:34,75.97
09:41:35,75.98
09:41:36,75.82
09:41:42,75.9
09:41:47,75.86
09:41:49,75.9
09:41:51,75.92
09:41:57,75.93
09:41:58,75.94
09:41:59,75.86
09:42:00,75.79
09:42:00,75.83
09:42:15,75.75
09:42:16,75.79
09:42:19,75.73
09:42:19,75.72
09:42:27,75.64
09:42:28,75.62
09:42:28,75.67
09:42:28,75.61
09:42:29,75.58
09:42:30,75.64
09:42:33,75.66
09:42:35,75.62
09:42:36,75.66
09:42:38,75.64
09:42:40,75.59
09:42:43,75.66
09:42:43,75.64
09:42:43,75.66
09:42:44,75.67
09:42:54,75.68
09:43:04,75.65
09:43:04,75.69
09:43:04,75.73
09:43:05,75.71
09:43:05,75.77
09:43:18,75.74
09:43:19,75.7
09:43:20,75.68
09:43:23,75.7
09:43:23,75.73
09:43:29,75.83
09:43:37,75.87
09:43:43,75.84
09:43:58,75.8
09:43:59,75.81
09:43:59,75.83
09:44:03,75.82
09:44:04,75.79
09:44:11,75.76
09:44:12,75.72
09:44:13,75.75
09:44:16,75.79
09:44:16,75.75
09:44:17,75.74
09:44:17,75.72
09:44:19,75.75
09:44:26,75.73
09:44:35,75.75
09:44:37,75.76
09:44:40,75.75
09:44:47,75.74
09:44:50,75.73
09:44:50,75.74
09:44:56,75.75
09:45:12,75.71
09:45:12,75.73
09:45:13,75.67
09:45:13,75.69
09:45:13,75.72
09:45:14,75.69
09:45:16,75.71
09:45:16,75.7
09:45:16,75.66
09:45:17,75.69
09:45:19,75.7
09:45:20,75.66
09:45:20,75.68
09:45:22,75.67
09:45:25,75.66
09:45:25,75.67
09:45:28,75.66
09:45:30,75.67
09:45:33,75.68
09:45:37,75.69
09:45:39,75.71
09:45:45,75.74
09:45:55,75.73
09:46:02,75.7
09:46:05,75.73
09:46:06,75.77
09:46:07,75.83
09:46:08,75.81
09:46:08,75.8
09:46:10,75.84
09:46:11,75.86
09:46:12,75.87
09:46:17,75.88
09:46:18,75.83
09:46:21,75.85
09:46:21,75.83
09:46:21,75.82
09:46:22,75.81
09:46:22,75.83
09:46:26,75.82
09:46:28,75.85
09:46:31,75.84
09:46:32,75.83
09:46:35,75.82
09:46:37,75.81
09:46:38,75.8
09:46:38,75.76
09:46:38,75.8
09:46:44,75.75
09:46:51,75.77
09:46:51,75.81
09:46:53,75.84
09:46:53,75.82
09:46:55,75.89
09:46:56,75.83
09:46:57,75.85
09:46:59,75.87
09:47:01,75.88
09:47:04,75.89
09:47:04,75.91
09:47:04,75.89
09:47:07,75.92
09:47:15,75.9
09:47:17,75.89
09:47:18,75.93
09:47:22,75.92
09:47:30,75.97
09:47:31,76.06
09:47:31,76.11
09:47:32,76.09
09:47:33,76.07
09:47:38,75.99
09:47:40,76.06
09:47:42,76.08
09:47:43,76.19
09:47:46,76.17
09:47:53,76.14
09:47:53,76.11
09:48:05,76.13
09:48:13,76.15
09:48:13,76.13
09:48:14,76.14
09:48:15,76.15
09:48:20,76.17
09:48:26,76.21
09:48:26,76.22
09:48:28,76.25
09:48:28,76.23
09:48:29,76.24
09:48:36,76.17
09:48:36,76.18
09:48:39,76.13
09:48:44,76.11
09:48:56,76.16
09:49:03,76.21
09:49:03,76.23
09:49:15,76.26
09:49:16,76.29
09:49:16,76.35
09:49:16,76.36
09:49:18,76.39
09:49:20,76.4
09:49:21,76.38
09:49:23,76.39
09:49:23,76.38
09:49:24,76.39
09:49:26,76.42
09:49:26,76.44
09:49:27,76.47
09:49:27,76.46
09:49:27,76.42
09:49:30,76.4
09:49:30,76.39
09:49:31,76.42
09:49:32,76.43
09:49:32,76.42
09:49:33,76.4
09:49:36,76.38
09:49:40,76.4
09:49:43,76.39
09:49:46,76.34
09:49:53,76.25
09:50:04,76.23
09:50:13,76.26
09:50:16,76.21
09:50:17,76.24
09:50:26,76.22
09:50:26,76.19
09:50:37,76.05
09:50:38,76.04
09:50:44,76.06
09:50:46,76.03
09:50:47,76.02
09:50:47,76
09:50:56,76.02
09:50:58,76
09:51:04,76.04
09:51:07,76
09:51:12,76.04
09:51:13,76
09:51:15,75.98
09:51:15,76
09:51:16,75.97
09:51:16,75.93
09:51:18,75.89
09:51:19,75.84
09:51:19,75.87
09:51:22,75.9
09:51:28,75.87
09:51:29,75.91
09:51:39,75.89
09:51:40,75.91
09:51:42,75.92
09:51:53,75.93
09:51:56,75.92
09:52:09,75.89
09:52:15,75.91
09:52:20,75.93
09:52:20,75.9
09:52:21,75.96
09:52:21,75.97
09:52:22,76.14
09:52:22,76.08
09:52:22,76.06
09:52:23,76.08
09:52:27,76.03
09:52:29,75.99
09:52:29,75.97
09:52:29,76
09:52:46,76.02
09:52:54,75.98
09:53:29,76
09:53:32,75.99
09:53:47,76.02
09:53:48,76.04
09:53:52,76.05
09:53:54,76.07
09:53:57,76.05
09:54:12,76.06
09:54:15,76.07
09:54:18,76.14
09:54:23,76.19
09:54:23,76.21
09:54:28,76.18
09:54:28,76.19
09:54:32,76.17
09:54:42,76.18
09:55:13,76.08
09:55:22,76.07
09:55:41,75.86
09:55:45,75.85
09:55:46,75.87
09:55:46,75.89
09:55:47,75.91
09:55:49,75.85
09:55:58,75.89
09:56:05,75.84
09:56:05,75.87
09:56:16,75.85
09:56:17,75.9
09:56:17,75.89
09:56:18,75.92
09:56:18,75.94
09:56:28,76
09:56:29,75.99
09:56:31,76.01
09:56:37,76.07
09:56:39,76.04
09:56:53,76.03
09:56:57,76.04
09:56:58,76.02
09:57:00,76.01
09:57:10,76.02
09:57:16,76
09:57:16,75.98
09:57:22,75.97
09:57:35,75.96
09:57:44,75.94
09:57:44,75.87
09:57:46,75.85
09:57:49,75.86
09:58:04,75.84
09:58:06,75.83
09:58:07,75.82
09:58:23,75.83
09:58:24,75.79
09:58:25,75.82
09:58:26,75.8
09:58:26,75.81
09:58:27,75.74
09:58:27,75.76
09:58:28,75.65
09:58:30,75.69
09:58:48,75.72
09:58:52,75.74
09:58:59,75.86
09:58:59,75.82
09:59:00,75.85
09:59:03,75.84
09:59:12,75.86
09:59:16,75.87
09:59:20,75.86
09:59:30,75.91
09:59:30,75.89
09:59:33,75.91
09:59:39,75.87
09:59:42,75.92
09:59:59,75.89
10:00:06,75.91
10:00:14,75.93
10:00:15,75.94
10:00:18,75.93
10:00:21,75.96
10:00:23,75.97
10:00:23,75.98
10:00:28,75.95
10:00:29,75.93
10:00:30,75.95
10:00:32,75.93
10:00:51,75.88
10:00:52,75.87
10:01:10,75.91
10:01:31,75.87
10:01:33,75.93
10:01:44,75.87
10:01:46,75.89
10:01:51,75.86
10:01:55,75.9
10:01:56,75.87
10:01:57,75.86
10:01:58,75.89
10:02:12,75.93
10:02:18,75.89
10:02:21,75.91
10:02:24,75.9
10:02:26,75.85
10:02:28,75.86
10:02:36,75.84
10:02:39,75.86
10:02:48,75.84
10:02:51,75.8
10:02:53,75.79
10:02:54,75.77
10:02:54,75.75
10:02:57,75.76
10:03:08,75.75
10:03:17,75.76
10:03:27,75.77
10:03:28,75.74
10:03:30,75.78
10:03:39,75.75
10:03:43,75.78
10:03:44,75.8
10:03:48,75.79
10:03:50,75.75
10:03:54,75.76
10:03:56,75.75
10:03:56,75.76
10:03:58,75.75
10:04:01,75.79
10:04:07,75.78
10:04:12,75.79
10:04:15,75.8
10:04:16,75.81
10:04:18,75.8
10:04:21,75.84
10:04:22,75.83
10:04:27,75.86
10:04:29,75.8
10:04:30,75.84
10:04:37,75.85
10:04:42,75.87
10:05:18,75.85
10:05:34,75.84
10:05:35,75.85
10:05:42,75.78
10:05:46,75.76
10:05:56,75.75
10:05:58,75.76
10:06:13,75.77
10:06:14,75.78
10:06:17,75.79
10:06:20,75.8
10:06:23,75.78
10:06:28,75.8
10:06:32,75.84
10:07:00,75.82
10:07:08,75.83
10:07:15,75.76
10:07:16,75.77
10:07:20,75.75
10:07:28,75.76
10:07:33,75.74
10:07:51,75.75
10:07:54,75.74
10:07:57,75.76
10:08:12,75.74
10:08:15,75.77
10:08:17,75.76
10:08:23,75.7
10:08:27,75.72
10:08:28,75.67
10:08:32,75.66
10:08:32,75.65
10:08:33,75.64
10:08:34,75.67
10:08:36,75.66
10:08:40,75.68
10:08:44,75.65
10:08:52,75.67
10:08:58,75.65
10:08:59,75.66
10:09:09,75.68
10:09:13,75.66
10:09:15,75.58
10:09:18,75.61
10:09:19,75.63
10:09:20,75.6
10:09:20,75.64
10:09:22,75.61
10:09:25,75.64
10:09:31,75.65
10:09:53,75.66
10:09:57,75.62
10:10:03,75.67
10:10:07,75.62
10:10:16,75.65
10:10:28,75.63
10:10:32,75.64
10:10:32,75.63
10:10:33,75.65
10:10:34,75.63
10:10:46,75.62
10:10:46,75.58
10:10:53,75.59
10:10:58,75.53
10:10:59,75.54
10:11:08,75.52
10:11:20,75.5
10:11:28,75.47
10:11:31,75.49
10:11:31,75.47
10:11:33,75.49
10:11:50,75.5
10:11:50,75.53
10:11:50,75.52
10:11:54,75.51
10:11:55,75.53
10:11:56,75.54
10:12:04,75.55
10:12:13,75.57
10:12:16,75.56
10:12:22,75.55
10:12:28,75.54
10:12:30,75.56
10:12:32,75.54
10:12:39,75.51
10:12:40,75.49
10:12:40,75.48
10:12:41,75.49
10:12:45,75.48
10:12:46,75.46
10:12:47,75.45
10:12:51,75.43
10:12:52,75.4
10:13:08,75.37
10:13:18,75.39
10:13:23,75.36
10:13:23,75.38
10:13:24,75.37
10:13:24,75.36
10:13:25,75.4
10:13:26,75.38
10:13:26,75.39
10:13:27,75.37
10:13:32,75.39
10:13:40,75.38
10:13:51,75.37
10:13:55,75.38
10:14:27,75.39
10:14:33,75.38
10:14:34,75.39
10:15:24,75.38
10:15:24,75.37
10:15:28,75.32
10:15:30,75.29
10:15:34,75.26
10:15:36,75.27
10:15:38,75.3
10:15:44,75.24
10:16:09,75.25
10:16:11,75.27
10:16:12,75.26
10:16:18,75.27
10:16:19,75.26
10:16:26,75.25
10:16:29,75.24
10:16:34,75.28
10:16:45,75.29
10:16:46,75.31
10:16:46,75.3
10:16:46,75.32
10:16:48,75.33
10:16:52,75.32
10:17:05,75.34
10:17:05,75.33
10:17:05,75.35
10:17:09,75.34
10:17:10,75.33
10:17:14,75.34
10:17:16,75.33
10:17:16,75.32
10:17:17,75.33
10:17:19,75.34
10:17:19,75.33
10:17:20,75.34
10:17:21,75.33
10:17:21,75.36
10:17:23,75.38
10:17:33,75.36
10:17:40,75.39
10:17:40,75.36
10:17:45,75.38
10:17:46,75.37
10:17:50,75.38
10:18:02,75.4
10:18:05,75.38
10:18:15,75.41
10:18:17,75.42
10:18:20,75.44
10:18:30,75.4
10:18:46,75.39
10:18:50,75.38
10:18:55,75.39
10:18:56,75.38
10:19:00,75.39
10:19:03,75.4
10:19:08,75.36
10:19:10,75.33
10:19:11,75.3
10:19:17,75.29
10:19:23,75.26
10:19:25,75.27
10:19:25,75.26
10:19:28,75.28
10:19:28,75.3
10:19:29,75.31
10:19:30,75.29
10:19:35,75.3
10:19:46,75.33
10:19:50,75.32
10:19:53,75.33
10:19:53,75.36
10:19:56,75.39
10:20:03,75.45
10:20:06,75.47
10:20:14,75.48
10:20:15,75.42
10:20:15,75.47
10:20:21,75.42
10:20:23,75.41
10:20:32,75.42
10:20:39,75.41
10:20:42,75.4
10:20:45,75.34
10:20:52,75.35
10:21:03,75.34
10:21:12,75.36
10:21:13,75.35
10:21:14,75.39
10:21:24,75.4
10:21:26,75.39
10:21:32,75.4
10:21:34,75.39
10:21:42,75.41
10:21:42,75.44
10:21:44,75.47
10:21:46,75.48
10:21:48,75.47
10:21:52,75.48
10:21:56,75.47
10:22:07,75.46
10:22:08,75.47
10:22:15,75.39
10:22:15,75.38
10:22:15,75.36
10:22:16,75.37
10:22:16,75.4
10:22:25,75.42
10:22:26,75.41
10:22:47,75.4
10:22:47,75.41
10:22:52,75.38
10:22:53,75.37
10:23:00,75.38
10:23:07,75.39
10:23:07,75.41
10:23:15,75.39
10:23:20,75.38
10:23:23,75.37
10:23:26,75.36
10:23:30,75.33
10:23:32,75.3
10:23:36,75.28
10:23:36,75.29
10:23:37,75.3
10:23:38,75.28
10:23:40,75.32
10:23:42,75.36
10:23:50,75.34
10:23:57,75.33
10:24:03,75.28
10:24:05,75.27
10:24:10,75.3
10:24:14,75.25
10:24:16,75.23
10:24:19,75.25
10:24:23,75.27
10:24:24,75.29
10:24:27,75.32
10:24:28,75.34
10:24:28,75.31
10:24:34,75.3
10:24:53,75.27
10:24:53,75.29
10:24:53,75.19
10:24:59,75.25
10:25:06,75.24
10:25:33,75.25
10:25:35,75.24
10:25:35,75.26
10:25:38,75.25
10:25:38,75.23
10:25:44,75.25
10:25:45,75.27
10:25:57,75.29
10:25:57,75.28
10:26:06,75.25
10:26:06,75.27
10:26:19,75.23
10:26:20,75.25
10:26:37,75.26
10:26:44,75.27
10:27:12,75.26
10:27:30,75.28
10:27:46,75.29
10:28:28,75.32
10:28:36,75.34
10:28:42,75.37
10:28:48,75.35
10:29:15,75.31
10:29:18,75.3
10:29:22,75.31
10:29:34,75.3
10:29:36,75.33
10:29:41,75.32
10:29:44,75.33
10:30:00,75.34
10:30:06,75.36
10:30:13,75.38
10:30:22,75.43
10:30:27,75.47
10:30:27,75.45
10:30:34,75.42
10:30:44,75.4
10:31:00,75.39
10:31:00,75.34
10:31:06,75.39
10:31:48,75.43
10:31:50,75.46
10:31:52,75.5
10:31:52,75.49
10:32:13,75.51
10:32:16,75.5
10:32:26,75.53
10:32:32,75.55
10:32:39,75.54
10:32:40,75.51
10:32:41,75.43
10:32:42,75.38
10:32:45,75.39
10:32:47,75.42
10:32:52,75.39
10:32:57,75.37
10:33:05,75.39
10:33:28,75.41
10:33:28,75.42
10:33:34,75.48
10:33:36,75.46
10:33:43,75.43
10:33:44,75.42
10:33:47,75.43
10:33:52,75.42
10:33:53,75.43
10:34:16,75.42
10:34:28,75.43
10:34:39,75.46
10:34:42,75.47
10:34:43,75.46
10:34:43,75.47
10:34:44,75.48
10:34:44,75.47
10:35:05,75.46
10:36:02,75.45
10:36:11,75.47
10:37:05,75.44
10:37:06,75.46
10:37:49,75.47
10:37:51,75.46
10:37:53,75.44
10:37:54,75.43
10:37:54,75.45
10:38:12,75.43
10:38:13,75.42
10:38:21,75.43
10:38:28,75.45
10:38:28,75.44
10:38:53,75.46
10:38:53,75.44
10:38:58,75.43
10:39:25,75.41
10:39:29,75.4
10:39:31,75.41
10:39:53,75.42
10:39:54,75.45
10:39:55,75.47
10:39:58,75.48
10:40:07,75.5
10:40:26,75.52
10:40:34,75.54
10:40:37,75.53
10:40:43,75.5
10:40:43,75.48
10:40:49,75.46
10:40:53,75.47
10:40:59,75.46
10:41:09,75.44
10:41:18,75.43
10:41:20,75.44
10:41:23,75.42
10:41:28,75.4
10:41:37,75.36
10:41:38,75.38
10:41:49,75.36
10:41:49,75.38
10:41:58,75.36
10:42:21,75.38
10:42:21,75.39
10:42:23,75.43
10:42:37,75.48
10:42:45,75.5
10:42:47,75.51
10:42:49,75.56
10:42:50,75.55
10:42:53,75.58
10:42:55,75.57
10:42:56,75.59
10:42:57,75.6
10:43:02,75.52
10:43:10,75.51
10:43:16,75.54
10:43:48,75.51
10:43:50,75.52
10:43:52,75.5
10:44:00,75.49
10:44:16,75.5
10:44:52,75.54
10:44:52,75.56
10:44:54,75.59
10:44:58,75.58
10:44:59,75.57
10:44:59,75.58
10:45:06,75.59
10:45:10,75.57
10:45:17,75.58
10:45:19,75.6
10:45:26,75.63
10:45:29,75.62
10:45:34,75.61
10:45:45,75.63
10:45:48,75.62
10:46:01,75.6
10:46:20,75.58
10:46:33,75.6
10:46:35,75.62
10:46:43,75.6
10:46:49,75.59
10:46:53,75.58
10:47:24,75.59
10:47:25,75.61
10:47:27,75.64
10:47:27,75.6
10:47:59,75.59
10:48:04,75.58
10:48:28,75.55
10:48:33,75.56
10:48:35,75.55
10:49:16,75.56
10:49:18,75.58
10:49:20,75.59
10:49:29,75.58
10:49:52,75.6
10:49:54,75.59
10:49:54,75.6
10:49:58,75.57
10:50:07,75.58
10:51:10,75.6
10:51:13,75.61
10:51:26,75.59
10:51:56,75.58
10:52:07,75.56
10:52:10,75.57
10:52:13,75.58
10:52:15,75.57
10:52:15,75.58
10:52:29,75.55
10:52:32,75.54
10:52:43,75.53
10:52:51,75.52
10:52:57,75.56
10:53:04,75.58
10:53:05,75.56
10:53:06,75.57
10:53:37,75.56
10:53:41,75.55
10:53:50,75.54
10:53:58,75.52
10:54:04,75.54
10:54:07,75.56
10:55:04,75.57
10:55:05,75.56
10:55:10,75.57
10:55:12,75.56
10:56:07,75.55
10:56:07,75.56
10:56:08,75.54
10:56:14,75.55
10:56:45,75.53
10:56:51,75.54
10:56:51,75.56
10:56:52,75.55
10:56:52,75.56
10:56:53,75.54
10:57:10,75.55
10:57:21,75.56
10:57:25,75.54
10:57:25,75.53
10:57:27,75.52
10:57:29,75.51
10:57:34,75.5
10:57:46,75.49
10:57:48,75.5
10:57:50,75.49
10:57:50,75.48
10:57:55,75.49
10:58:09,75.5
10:58:23,75.52
10:58:25,75.54
10:58:34,75.53
10:58:59,75.55
10:59:02,75.54
10:59:11,75.56
10:59:12,75.57
10:59:24,75.56
10:59:42,75.55
10:59:50,75.59
10:59:52,75.6
11:00:02,75.57
11:00:03,75.58
11:00:04,75.57
11:00:27,75.56
11:00:38,75.55
11:00:40,75.56
11:00:43,75.55
11:00:45,75.56
11:00:58,75.55
11:01:03,75.54
11:01:06,75.55
11:01:15,75.53
11:01:27,75.55
11:01:30,75.52
11:01:31,75.53
11:01:33,75.52
11:01:34,75.53
11:01:46,75.52
11:01:48,75.53
11:01:49,75.52
11:02:09,75.55
11:02:17,75.56
11:02:17,75.57
11:02:29,75.56
11:02:48,75.54
11:03:08,75.56
11:03:31,75.54
11:03:39,75.53
11:03:43,75.52
11:03:49,75.51
11:03:59,75.5
11:04:00,75.51
11:04:04,75.5
11:04:06,75.49
11:04:10,75.5
11:04:10,75.51
11:04:13,75.52
11:04:19,75.51
11:04:21,75.5
11:04:32,75.49
11:04:32,75.48
11:04:45,75.5
11:04:47,75.48
11:04:47,75.46
11:04:55,75.47
11:04:57,75.45
11:05:00,75.46
11:05:06,75.45
11:05:10,75.46
11:05:14,75.44
11:05:29,75.43
11:05:34,75.44
11:05:37,75.43
11:05:46,75.44
11:06:00,75.45
11:06:25,75.44
11:06:26,75.45
11:06:32,75.44
11:07:00,75.43
11:07:01,75.44
11:07:14,75.43
11:07:27,75.4
11:07:27,75.42
11:07:32,75.4
11:07:32,75.41
11:07:37,75.4
11:07:43,75.39
11:07:45,75.38
11:07:45,75.39
11:07:51,75.38
11:08:04,75.39
11:08:04,75.4
11:08:48,75.39
11:08:58,75.38
11:09:04,75.37
11:09:04,75.36
11:09:24,75.35
11:09:24,75.36
11:09:26,75.35
11:09:29,75.36
11:09:34,75.37
11:09:47,75.35
11:09:52,75.36
11:09:52,75.34
11:09:53,75.35
11:09:53,75.33
11:10:11,75.34
11:10:21,75.35
11:10:40,75.33
11:10:48,75.34
11:10:49,75.33
11:10:50,75.32
11:10:51,75.33
11:10:57,75.32
11:11:02,75.31
11:11:02,75.32
11:11:07,75.3
11:11:07,75.31
11:11:09,75.3
11:11:09,75.31
11:11:29,75.3
11:11:32,75.31
11:11:34,75.3
11:11:41,75.29
11:11:42,75.3
11:11:46,75.29
11:12:06,75.28
11:12:07,75.27
11:12:17,75.29
11:12:19,75.3
11:12:30,75.29
11:12:52,75.28
11:12:55,75.29
11:12:59,75.28
11:13:03,75.29
11:13:04,75.28
11:13:05,75.29
11:13:05,75.28
11:13:06,75.29
11:13:07,75.28
11:13:08,75.26
11:13:09,75.27
11:13:09,75.26
11:13:21,75.28
11:13:32,75.3
11:13:32,75.31
11:13:53,75.32
11:14:09,75.33
11:14:14,75.36
11:14:15,75.38
11:14:16,75.44
11:14:18,75.43
11:14:20,75.42
11:14:22,75.43
11:14:24,75.41
11:14:33,75.4
11:14:56,75.38
11:14:57,75.39
11:15:06,75.4
11:15:08,75.41
11:15:13,75.43
11:15:13,75.44
11:15:14,75.46
11:15:15,75.45
11:15:16,75.44
11:15:16,75.45
11:15:17,75.43
11:15:19,75.42
11:15:22,75.41
11:15:22,75.4
11:15:31,75.42
11:15:34,75.44
11:15:41,75.45
11:15:42,75.44
11:15:44,75.43
11:15:45,75.42
11:15:59,75.43
11:16:03,75.44
11:16:09,75.45
11:16:13,75.46
11:16:13,75.45
11:16:14,75.46
11:16:15,75.47
11:16:16,75.46
11:16:19,75.47
11:16:22,75.46
11:16:23,75.48
11:16:23,75.49
11:16:24,75.51
11:16:26,75.49
11:16:29,75.45
11:16:31,75.47
11:16:34,75.46
11:16:36,75.48
11:16:40,75.49
11:16:41,75.5
11:16:45,75.52
11:16:46,75.51
11:16:47,75.52
11:16:48,75.55
11:16:59,75.53
11:17:09,75.5
11:17:19,75.47
11:17:23,75.46
11:17:31,75.44
11:17:31,75.43
11:17:32,75.45
11:17:32,75.44
11:17:43,75.42
11:17:45,75.43
11:17:55,75.45
11:17:58,75.43
11:18:02,75.42
11:18:02,75.4
11:18:04,75.42
11:18:09,75.4
11:18:09,75.42
11:18:09,75.4
11:18:10,75.42
11:18:11,75.5
11:18:14,75.51
11:18:18,75.5
11:18:19,75.48
11:18:20,75.45
11:18:22,75.41
11:18:22,75.39
11:18:50,75.41
11:18:50,75.42
11:18:59,75.41
11:19:00,75.42
11:19:04,75.39
11:19:11,75.38
11:19:15,75.4
11:19:16,75.41
11:19:16,75.4
11:19:49,75.38
11:19:52,75.37
11:19:54,75.36
11:19:54,75.38
11:19:57,75.37
11:19:59,75.36
11:20:09,75.35
11:20:13,75.34
11:20:48,75.35
11:20:53,75.36
11:20:53,75.37
11:21:00,75.36
11:21:03,75.37
11:21:19,75.36
11:21:29,75.33
11:21:32,75.32
11:21:33,75.31
11:21:33,75.32
11:21:34,75.28
11:21:36,75.27
11:21:44,75.26
11:21:48,75.29
11:21:53,75.27
11:22:17,75.26
11:22:18,75.25
11:22:19,75.24
11:22:23,75.26
11:22:24,75.23
11:22:26,75.22
11:22:26,75.21
11:22:31,75.2
11:22:48,75.24
11:22:48,75.27
11:22:51,75.3
11:22:52,75.29
11:22:53,75.27
11:22:53,75.26
11:22:58,75.25
11:23:00,75.23
11:23:10,75.21
11:24:35,75.22
11:24:37,75.2
11:24:59,75.16
11:24:59,75.15
11:24:59,75.13
11:25:00,75.09
11:25:01,75.11
11:25:06,75.09
11:25:06,75.08
11:25:07,75.1
11:25:18,75.08
11:25:29,75.1
11:25:54,75.09
11:26:07,75.1
11:26:52,75.09
11:27:05,75.07
11:27:06,75.05
11:27:15,75.04
11:27:51,75.06
11:27:55,75.12
11:27:57,75.1
11:28:04,75.08
11:28:16,75.04
11:28:25,75.03
11:28:41,75
11:29:22,75.02
11:29:29,75.03
11:29:35,75.02
11:29:47,75.01
11:29:55,75.02
11:30:31,75.03
11:30:33,75.06
11:30:34,75.09
11:30:35,75.08
11:30:42,75.1
11:30:45,75.11
11:31:49,75.09
11:31:54,75.11
11:32:00,75.12
11:32:01,75.15
11:32:02,75.16
11:32:08,75.18
11:32:09,75.17
11:32:11,75.16
11:32:25,75.15
11:32:27,75.16
11:32:36,75.17
11:33:01,75.13
11:33:03,75.11
11:33:04,75.1
11:33:05,75.08
11:33:27,75.06
11:33:30,75.04
11:33:47,75.03
11:33:49,75.05
11:33:54,75.07
11:34:04,75.06
11:34:09,75.05
11:34:16,75.06
11:34:20,75.05
11:34:30,75.06
11:34:35,75.04
11:34:49,75.06
11:34:51,75.03
11:34:54,75.01
11:35:03,75
11:35:16,74.99
11:35:20,75.02
11:35:29,75.03
11:35:44,75.04
11:36:11,75.05
11:36:12,75.06
11:36:34,75.08
11:36:35,75.1
11:36:41,75.11
11:36:47,75.06
11:37:02,75.07
11:37:03,75.1
11:37:06,75.09
11:37:08,75.1
11:37:20,75.12
11:37:20,75.15
11:37:23,75.14
11:38:00,75.15
11:38:14,75.13
11:38:47,75.15
11:39:01,75.1
11:39:02,75.11
11:39:04,75.09
11:39:04,75.1
11:39:06,75.09
11:39:26,75.07
11:39:30,75.08
11:39:37,75.07
11:39:38,75.06
11:39:39,75.05
11:40:00,75.04
11:40:00,75.05
11:40:01,75.04
11:40:04,74.99
11:40:36,75.01
11:40:48,75.03
11:41:10,75.06
11:41:19,75.03
11:41:37,75.05
11:41:50,75.04
11:41:53,75.03
11:42:02,75.02
11:42:04,75.01
11:42:06,75.03
11:42:07,75.01
11:42:14,75.02
11:42:15,75.03
11:42:25,75
11:42:26,75.02
11:43:12,75.03
11:43:36,75.02
11:43:50,75.01
11:44:23,75.03
11:44:40,75.02
11:44:57,75.04
11:44:57,75.03
11:45:09,75.04
11:45:14,75.05
11:45:19,75.03
11:45:27,75.05
11:45:41,75.02
11:45:42,75.01
11:45:48,75
11:46:01,74.99
11:46:15,75
11:46:16,74.98
11:46:19,74.99
11:46:28,74.98
11:46:28,74.99
11:46:37,75
11:46:41,74.99
11:46:42,75
11:46:50,74.98
11:47:34,75
11:47:46,74.99
11:48:03,74.98
11:48:19,74.97
11:48:29,74.98
11:48:30,74.97
11:48:36,74.96
11:48:49,74.97
11:49:06,74.96
11:49:07,74.93
11:49:09,74.9
11:49:09,74.93
11:49:20,74.92
11:49:21,74.93
11:49:40,74.94
11:49:45,74.95
11:49:50,74.96
11:49:50,74.95
11:49:54,74.96
11:49:55,74.98
11:49:59,74.96
11:50:00,74.98
11:50:11,74.96
11:50:16,74.97
11:50:16,74.96
11:50:18,74.97
11:50:21,74.96
11:50:23,74.97
11:50:27,74.98
11:50:36,74.99
11:50:37,75
11:50:39,74.99
11:50:42,75
11:50:45,75.01
11:50:47,75
11:50:49,75.01
11:50:50,74.99
11:50:51,74.98
11:50:57,74.97
11:50:59,74.98
11:51:00,74.99
11:51:02,75
11:51:02,74.99
11:51:02,75
11:51:04,75.01
11:51:06,75.04
11:51:10,75.01
11:51:14,74.99
11:51:15,74.97
11:51:16,74.98
11:51:16,74.97
11:51:17,74.98
11:51:22,74.99
11:51:25,75
11:51:25,75.02
11:51:29,75.01
11:51:29,75.02
11:51:29,75.01
11:51:30,74.98
11:51:31,74.96
11:51:32,74.95
11:51:32,74.96
11:51:33,74.98
11:51:36,74.96
11:51:36,74.99
11:51:39,75.01
11:51:42,75
11:51:48,74.99
11:51:50,74.95
11:51:51,74.96
11:51:53,74.95
11:51:55,74.93
11:51:55,74.92
11:51:59,74.91
11:52:03,74.93
11:52:15,74.92
11:52:15,74.94
11:52:17,74.96
11:52:20,74.93
11:52:24,74.92
11:52:49,74.93
11:53:00,74.92
11:53:06,74.93
11:53:12,74.91
11:53:15,74.9
11:53:16,74.92
11:53:29,74.93
11:53:31,74.95
11:53:32,74.93
11:53:33,74.94
11:53:33,74.95
11:53:35,74.94
11:53:35,74.95
11:53:36,74.94
11:53:37,74.95
11:53:37,74.96
11:53:37,74.95
11:53:38,74.96
11:53:44,74.94
11:53:48,74.95
11:53:50,74.94
11:53:51,74.93
11:53:56,74.92
11:53:58,74.94
11:54:03,74.91
11:54:06,74.9
11:54:11,74.89
11:54:21,74.9
11:54:29,74.86
11:54:30,74.85
11:54:32,74.86
11:54:35,74.84
11:54:38,74.85
11:54:40,74.84
11:54:45,74.83
11:54:45,74.82
11:54:51,74.8
11:54:53,74.82
11:54:58,74.8
11:54:58,74.81
11:55:01,74.8
11:55:04,74.79
11:55:09,74.78
11:55:25,74.77
11:55:31,74.78
11:55:32,74.79
11:55:33,74.8
11:55:39,74.81
11:55:41,74.8
11:55:46,74.81
11:56:00,74.82
11:56:03,74.78
11:56:03,74.79
11:56:10,74.78
11:56:11,74.76
11:56:15,74.75
11:56:21,74.74
11:56:28,74.73
11:56:28,74.72
11:56:30,74.75
11:56:39,74.74
11:56:45,74.73
11:56:48,74.74
11:56:53,74.72
11:57:00,74.71
11:57:15,74.7
11:57:17,74.69
11:57:19,74.71
11:57:23,74.68
11:57:25,74.67
11:57:26,74.66
11:57:37,74.69
11:57:41,74.71
11:57:48,74.72
11:57:54,74.73
11:58:25,74.72
11:58:28,74.74
11:58:31,74.71
11:58:43,74.7
11:58:45,74.69
11:58:45,74.68
11:59:06,74.67
11:59:09,74.68
11:59:09,74.67
11:59:13,74.66
11:59:15,74.64
11:59:15,74.65
11:59:18,74.64
11:59:21,74.62
11:59:32,74.61
11:59:34,74.6
11:59:52,74.56
12:00:18,74.58
12:00:20,74.61
12:00:35,74.62
12:00:42,74.63
12:00:45,74.69
12:00:48,74.67
12:01:00,74.69
12:01:14,74.68
12:01:24,74.66
12:01:32,74.64
12:01:37,74.65
12:01:50,74.64
12:01:59,74.62
12:02:06,74.61
12:02:14,74.62
12:02:18,74.61
12:02:19,74.64
12:02:23,74.65
12:02:46,74.64
12:02:48,74.65
12:02:49,74.64
12:02:53,74.63
12:03:00,74.62
12:03:10,74.61
12:03:12,74.62
12:03:20,74.61
12:03:28,74.62
12:03:30,74.6
12:03:33,74.56
12:03:34,74.58
12:03:42,74.57
12:03:45,74.58
12:04:26,74.57
12:04:31,74.58
12:04:32,74.57
12:04:35,74.6
12:04:40,74.59
12:04:42,74.58
12:04:47,74.57
12:04:50,74.58
12:05:01,74.56
12:05:08,74.54
12:05:10,74.55
12:05:39,74.58
12:05:50,74.57
12:05:55,74.56
12:06:09,74.57
12:06:24,74.56
12:06:32,74.59
12:06:42,74.6
12:06:51,74.63
12:06:57,74.64
12:07:01,74.66
12:07:34,74.67
12:07:41,74.66
12:07:54,74.67
12:07:57,74.66
12:08:03,74.67
12:08:13,74.68
12:08:13,74.67
12:08:14,74.68
12:08:17,74.7
12:08:19,74.71
12:08:22,74.69
12:08:26,74.7
12:08:49,74.69
12:08:51,74.7
12:09:11,74.68
12:09:16,74.7
12:09:27,74.69
12:09:29,74.68
12:09:29,74.66
12:09:49,74.65
12:09:50,74.66
12:10:03,74.64
12:10:03,74.65
12:10:38,74.67
12:10:42,74.68
12:10:53,74.67
12:11:05,74.68
12:11:55,74.67
12:12:41,74.68
12:13:13,74.69
12:13:17,74.7
12:13:54,74.71
12:13:55,74.72
12:14:02,74.73
12:14:48,74.72
12:14:50,74.73
12:15:02,74.74
12:15:25,74.73
12:15:28,74.74
12:15:29,74.75
12:16:00,74.74
12:16:16,74.75
12:16:31,74.76
12:17:18,74.77
12:17:21,74.76
12:17:55,74.72
12:17:55,74.71
12:17:57,74.69
12:18:03,74.7
12:18:33,74.71
12:18:35,74.7
12:18:48,74.71
12:19:19,74.72
12:19:56,74.7
12:20:17,74.69
12:20:26,74.68
12:20:28,74.69
12:20:29,74.68
12:20:36,74.69
12:21:10,74.7
12:21:28,74.69
12:21:28,74.68
12:21:32,74.69
12:21:40,74.68
12:22:10,74.67
12:22:23,74.68
12:23:00,74.67
12:23:00,74.68
12:23:30,74.69
12:23:33,74.71
12:23:57,74.69
12:24:19,74.71
12:24:30,74.7
12:24:32,74.69
12:24:33,74.7
12:24:36,74.68
12:24:36,74.67
12:24:47,74.68
12:24:56,74.69
12:24:56,74.68
12:25:46,74.69
12:25:56,74.68
12:25:57,74.67
12:26:01,74.66
12:26:09,74.65
12:26:11,74.64
12:26:12,74.65
12:26:12,74.66
12:26:17,74.67
12:26:52,74.66
12:26:53,74.67
12:27:02,74.68
12:27:16,74.67
12:27:17,74.68
12:27:19,74.67
12:27:22,74.68
12:27:26,74.67
12:27:28,74.68
12:27:49,74.69
12:28:01,74.7
12:28:25,74.72
12:28:25,74.73
12:28:34,74.74
12:28:36,74.75
12:28:40,74.78
12:28:53,74.77
12:29:32,74.78
12:29:35,74.77
12:29:38,74.76
12:29:39,74.75
12:29:41,74.74
12:29:47,74.73
12:29:49,74.74
12:29:51,74.73
12:29:56,74.74
12:30:12,74.75
12:30:17,74.76
12:30:31,74.77
12:31:26,74.76
12:31:26,74.77
12:31:32,74.75
12:31:40,74.73
12:31:40,74.74
12:31:54,74.78
12:32:19,74.79
12:32:23,74.78
12:32:34,74.79
12:32:37,74.77
12:32:41,74.75
12:32:50,74.76
12:33:07,74.73
12:33:27,74.75
12:34:05,74.74
12:34:17,74.73
12:34:21,74.72
12:34:30,74.71
12:35:10,74.69
12:35:14,74.68
12:35:34,74.69
12:35:35,74.7
12:35:37,74.71
12:35:39,74.72
12:35:41,74.71
12:35:48,74.73
12:35:57,74.72
12:36:06,74.74
12:36:09,74.72
12:36:11,74.74
12:36:16,74.73
12:36:26,74.72
12:36:28,74.74
12:36:54,74.72
12:37:16,74.71
12:37:22,74.7
12:37:27,74.71
12:37:49,74.7
12:38:05,74.71
12:38:09,74.72
12:38:17,74.7
12:38:17,74.72
12:38:34,74.71
12:38:34,74.72
12:38:36,74.73
12:38:38,74.71
12:38:43,74.7
12:38:53,74.72
12:39:11,74.7
12:39:26,74.72
12:39:38,74.69
12:39:42,74.68
12:39:42,74.67
12:39:54,74.66
12:40:07,74.67
12:40:13,74.66
12:40:15,74.65
12:40:23,74.64
12:40:25,74.63
12:40:26,74.64
12:40:29,74.63
12:40:31,74.64
12:40:33,74.63
12:40:42,74.64
12:40:51,74.62
12:40:56,74.64
12:41:03,74.63
12:41:05,74.62
12:41:07,74.64
12:41:17,74.63
12:41:19,74.62
12:41:25,74.63
12:41:28,74.62
12:41:37,74.65
12:41:38,74.66
12:41:42,74.67
12:41:47,74.68
12:41:48,74.69
12:41:59,74.71
12:42:00,74.69
12:42:00,74.7
12:42:03,74.69
12:42:06,74.68
12:42:14,74.7
12:42:24,74.71
12:42:31,74.72
12:42:41,74.73
12:42:41,74.72
12:42:50,74.73
12:42:57,74.72
12:43:00,74.69
12:43:00,74.7
12:43:03,74.69
12:43:03,74.71
12:43:08,74.69
12:43:30,74.68
12:43:47,74.67
12:44:05,74.65
12:44:10,74.64
12:44:14,74.63
12:44:15,74.65
12:44:16,74.67
12:44:17,74.68
12:44:17,74.67
12:44:21,74.69
12:44:25,74.71
12:45:05,74.73
12:45:05,74.74
12:45:06,74.75
12:45:12,74.74
12:45:12,74.73
12:45:14,74.74
12:45:16,74.73
12:45:32,74.72
12:45:36,74.73
12:45:53,74.74
12:46:04,74.73
12:46:08,74.72
12:46:09,74.73
12:46:09,74.74
12:46:14,74.73
12:46:17,74.72
12:46:20,74.73
12:46:24,74.74
12:46:25,74.73
12:46:48,74.74
12:46:57,74.73
12:47:04,74.77
12:47:04,74.79
12:47:05,74.8
12:47:07,74.81
12:47:10,74.85
12:47:11,74.84
12:47:11,74.81
12:47:13,74.8
12:47:15,74.81
12:47:19,74.82
12:47:23,74.81
12:47:24,74.8
12:47:32,74.77
12:47:38,74.78
12:47:41,74.76
12:47:44,74.75
12:47:48,74.76
12:48:08,74.75
12:48:08,74.74
12:48:57,74.73
12:49:41,74.72
12:50:13,74.73
12:50:41,74.72
12:50:43,74.74
12:50:43,74.73
12:50:44,74.74
12:50:46,74.75
12:51:41,74.78
12:51:50,74.77
12:52:09,74.78
12:52:18,74.76
12:52:30,74.78
12:52:55,74.77
12:53:10,74.76
12:53:20,74.75
12:53:53,74.74
12:53:54,74.75
12:54:02,74.74
12:54:24,74.73
12:54:33,74.72
12:55:01,74.71
12:55:12,74.7
12:55:43,74.69
12:55:53,74.67
12:55:55,74.65
12:56:07,74.64
12:56:19,74.66
12:56:21,74.67
12:56:21,74.68
12:56:26,74.69
12:57:06,74.67
12:57:13,74.68
12:57:29,74.69
12:57:31,74.68
12:57:34,74.69
12:57:36,74.68
12:57:58,74.67
12:58:03,74.68
12:58:07,74.67
12:58:34,74.65
12:58:48,74.66
12:59:09,74.67
12:59:16,74.66
12:59:32,74.67
12:59:33,74.68
12:59:49,74.7
13:01:35,74.69
13:01:37,74.68
13:01:39,74.7
13:03:00,74.67
13:03:00,74.65
13:03:01,74.66
13:03:02,74.65
13:03:03,74.64
13:03:04,74.63
13:03:04,74.62
13:03:04,74.64
13:03:05,74.63
13:03:10,74.64
13:03:29,74.66
13:03:35,74.67
13:04:01,74.68
13:04:10,74.67
13:04:10,74.65
13:04:34,74.66
13:04:52,74.67
13:05:09,74.68
13:05:40,74.67
13:05:42,74.68
13:05:44,74.67
13:05:49,74.68
13:06:05,74.67
13:06:10,74.66
13:06:18,74.65
13:06:37,74.67
13:07:03,74.65
13:07:03,74.64
13:07:06,74.63
13:07:22,74.62
13:07:54,74.61
13:08:00,74.64
13:08:14,74.65
13:08:20,74.64
13:08:53,74.65
13:09:22,74.64
13:09:43,74.63
13:09:46,74.65
13:09:56,74.63
13:09:59,74.64
13:10:10,74.65
13:10:10,74.64
13:10:25,74.63
13:10:26,74.61
13:10:50,74.59
13:11:07,74.61
13:11:34,74.6
13:12:01,74.59
13:12:23,74.61
13:12:31,74.6
13:12:57,74.61
13:12:58,74.6
13:13:02,74.59
13:13:17,74.6
13:13:22,74.59
13:13:30,74.58
13:13:30,74.59
13:13:34,74.57
13:13:45,74.56
13:13:46,74.55
13:13:58,74.54
13:14:23,74.53
13:14:42,74.51
13:14:50,74.52
13:14:55,74.51
13:15:03,74.52
13:15:08,74.53
13:15:18,74.55
13:15:22,74.54
13:15:28,74.56
13:15:28,74.57
13:15:28,74.59
13:15:29,74.61
13:15:36,74.62
13:15:41,74.64
13:15:58,74.6
13:16:01,74.63
13:16:04,74.61
13:16:32,74.63
13:17:05,74.61
13:17:13,74.6
13:17:22,74.61
13:17:27,74.62
13:17:46,74.63
13:18:15,74.64
13:18:18,74.66
13:18:40,74.67
13:18:43,74.68
13:19:02,74.7
13:19:25,74.67
13:19:44,74.7
13:19:46,74.68
13:19:57,74.69
13:20:01,74.68
13:20:05,74.67
13:20:23,74.64
13:21:14,74.66
13:21:46,74.65
13:22:00,74.63
13:22:14,74.65
13:22:15,74.67
13:22:47,74.71
13:23:15,74.73
13:23:22,74.74
13:23:27,74.7
13:23:39,74.72
13:23:40,74.71
13:23:41,74.72
13:23:54,74.74
13:23:55,74.75
13:23:58,74.76
13:24:03,74.75
13:25:22,74.74
13:25:30,74.73
13:25:37,74.74
13:25:47,74.72
13:26:34,74.69
13:26:38,74.71
13:26:43,74.69
13:26:49,74.68
13:27:02,74.7
13:27:24,74.68
13:28:17,74.69
13:28:20,74.7
13:28:20,74.71
13:28:27,74.72
13:28:30,74.74
13:28:33,74.72
13:30:18,74.74
13:30:37,74.75
13:30:51,74.76
13:31:13,74.75
13:31:13,74.76
13:31:22,74.74
13:31:25,74.72
13:31:31,74.73
13:31:39,74.74
13:31:47,74.76
13:33:05,74.74
13:33:11,74.75
13:33:53,74.74
13:34:08,74.73
13:34:26,74.71
13:34:45,74.7
13:35:09,74.68
13:35:15,74.7
13:35:34,74.69
13:35:47,74.68
13:36:07,74.72
13:36:09,74.76
13:36:10,74.78
13:36:10,74.8
13:36:11,74.78
13:36:11,74.76
13:36:14,74.77
13:36:16,74.76
13:36:28,74.79
13:36:38,74.77
13:37:08,74.76
13:37:09,74.77
13:37:17,74.8
13:37:23,74.81
13:37:30,74.79
13:37:33,74.78
13:37:35,74.76
13:38:19,74.79
13:38:24,74.8
13:39:35,74.81
13:40:04,74.82
13:40:15,74.85
13:40:30,74.86
13:40:41,74.87
13:41:00,74.85
13:41:00,74.83
13:41:45,74.82
13:41:58,74.81
13:42:04,74.82
13:42:10,74.81
13:42:29,74.82
13:42:41,74.81
13:42:43,74.82
13:42:47,74.81
13:43:02,74.79
13:43:17,74.8
13:43:21,74.81
13:43:42,74.82
13:44:51,74.79
13:44:51,74.8
13:44:53,74.81
13:44:54,74.8
13:45:23,74.81
13:45:45,74.82
13:45:45,74.84
13:45:50,74.83
13:46:09,74.86
13:47:54,74.84
13:47:55,74.82
13:48:41,74.83
13:49:17,74.82
13:49:24,74.81
13:49:26,74.8
13:49:32,74.81
13:49:39,74.8
13:50:13,74.79
13:50:22,74.8
13:50:43,74.79
13:50:50,74.78
13:50:55,74.8
13:51:08,74.79
13:51:13,74.8
13:51:13,74.81
13:51:14,74.83
13:51:37,74.84
13:51:40,74.83
13:51:45,74.84
13:51:48,74.82
13:52:13,74.84
13:52:20,74.87
13:52:48,74.88
13:52:54,74.91
13:53:03,74.88
13:53:23,74.9
13:53:46,74.88
13:54:15,74.9
13:54:16,74.91
13:55:08,74.9
13:55:15,74.89
13:55:21,74.88
13:55:28,74.87
13:55:32,74.86
13:56:03,74.85
13:56:04,74.86
13:57:03,74.85
13:57:05,74.86
13:57:10,74.87
13:57:27,74.86
13:57:51,74.87
13:58:12,74.89
13:58:19,74.87
13:58:44,74.85
13:59:00,74.84
13:59:24,74.85
13:59:40,74.83
13:59:49,74.82
13:59:54,74.81
14:00:00,74.8
14:00:07,74.79
14:00:07,74.8
14:00:17,74.81
14:00:23,74.82
14:01:04,74.81
14:01:17,74.82
14:01:35,74.81
14:01:44,74.8
14:01:57,74.81
14:02:03,74.8
14:02:34,74.81
14:02:54,74.8
14:02:58,74.81
14:03:17,74.8
14:03:33,74.81
14:03:35,74.8
14:03:48,74.79
14:03:54,74.8
14:04:38,74.79
14:04:52,74.81
14:05:26,74.79
14:05:46,74.81
14:06:16,74.8
14:06:17,74.81
14:06:23,74.8
14:06:33,74.81
14:06:47,74.79
14:06:57,74.81
14:07:01,74.79
14:07:31,74.81
14:07:34,74.8
14:07:36,74.79
14:07:43,74.8
14:07:44,74.79
14:07:49,74.81
14:07:53,74.79
14:07:54,74.8
14:08:41,74.81
14:08:43,74.82
14:09:09,74.83
14:09:38,74.82
14:09:42,74.84
14:09:42,74.85
14:09:47,74.86
14:09:49,74.87
14:10:10,74.86
14:10:16,74.84
14:10:26,74.85
14:10:42,74.86
14:11:13,74.85
14:12:33,74.84
14:12:37,74.86
14:12:51,74.85
14:12:54,74.84
14:13:13,74.85
14:13:18,74.84
14:13:27,74.83
14:13:33,74.82
14:13:41,74.81
14:13:46,74.82
14:13:51,74.81
14:13:57,74.82
14:14:19,74.81
14:14:27,74.82
14:14:29,74.83
14:14:37,74.82
14:14:41,74.83
14:14:53,74.84
14:14:55,74.83
14:14:55,74.84
14:14:56,74.85
14:15:01,74.86
14:15:10,74.87
14:15:18,74.88
14:16:00,74.89
14:16:30,74.87
14:16:52,74.86
14:17:05,74.87
14:17:14,74.86
14:17:54,74.84
14:17:55,74.82
14:18:29,74.83
14:18:37,74.81
14:19:11,74.82
14:19:16,74.8
14:19:17,74.81
14:19:28,74.82
14:20:11,74.8
14:20:47,74.82
14:21:04,74.8
14:21:07,74.81
14:21:24,74.82
14:21:25,74.81
14:21:45,74.82
14:22:12,74.8
14:22:13,74.81
14:22:39,74.82
14:22:46,74.83
14:22:49,74.82
14:22:59,74.83
14:23:07,74.85
14:23:08,74.86
14:23:09,74.85
14:24:03,74.87
14:24:07,74.85
14:25:00,74.87
14:25:06,74.86
14:25:25,74.87
14:25:37,74.88
14:26:03,74.87
14:26:05,74.88
14:26:07,74.87
14:26:08,74.84
14:26:18,74.83
14:26:20,74.84
14:26:29,74.82
14:26:39,74.81
14:26:46,74.8
14:27:06,74.79
14:27:09,74.8
14:28:08,74.81
14:28:17,74.82
14:28:31,74.83
14:28:34,74.84
14:28:56,74.85
14:30:21,74.86
14:30:31,74.87
14:30:55,74.89
14:31:18,74.88
14:31:49,74.89
14:32:28,74.88
14:32:40,74.9
14:33:19,74.87
14:33:20,74.86
14:33:21,74.85
14:33:35,74.84
14:33:37,74.86
14:33:53,74.84
14:33:55,74.83
14:33:57,74.82
14:34:02,74.81
14:34:35,74.8
14:34:49,74.81
14:35:01,74.82
14:35:02,74.81
14:35:20,74.8
14:35:22,74.82
14:36:02,74.81
14:36:07,74.8
14:36:15,74.81
14:36:18,74.79
14:36:34,74.78
14:36:46,74.79
14:37:03,74.78
14:37:05,74.77
14:37:11,74.76
14:37:45,74.75
14:37:58,74.76
14:38:05,74.75
14:38:11,74.74
14:38:17,74.75
14:38:44,74.74
14:38:45,74.73
14:38:48,74.72
14:39:01,74.73
14:39:15,74.71
14:39:23,74.7
14:39:24,74.69
14:39:32,74.68
14:39:52,74.69
14:40:13,74.67
14:40:14,74.69
14:40:17,74.71
14:40:18,74.72
14:40:19,74.71
14:40:31,74.72
14:41:32,74.73
14:41:39,74.72
14:41:48,74.73
14:42:01,74.72
14:42:34,74.71
14:42:34,74.72
14:42:52,74.71
14:42:53,74.7
14:42:53,74.72
14:42:55,74.7
14:42:56,74.75
14:42:57,74.79
14:42:58,74.77
14:43:18,74.79
14:43:25,74.8
14:43:36,74.81
14:43:36,74.8
14:44:20,74.81
14:44:27,74.8
14:44:40,74.78
14:44:58,74.79
14:45:26,74.78
14:45:31,74.77
14:46:15,74.82
14:46:26,74.83
14:46:51,74.84
14:46:56,74.85
14:47:28,74.83
14:47:33,74.82
14:47:34,74.81
14:48:26,74.82
14:48:57,74.8
14:49:02,74.79
14:49:03,74.77
14:49:33,74.78
14:49:35,74.77
14:49:39,74.79
14:49:46,74.8
14:49:47,74.79
14:50:26,74.8
14:51:37,74.81
14:52:03,74.82
14:53:22,74.81
14:53:35,74.82
14:53:40,74.81
14:54:05,74.8
14:54:06,74.79
14:54:07,74.78
14:54:08,74.77
14:54:54,74.76
14:55:13,74.75
14:55:25,74.74
14:55:36,74.77
14:55:37,74.81
14:55:37,74.82
14:55:44,74.81
14:55:48,74.82
14:55:49,74.81
14:55:56,74.82
14:56:04,74.81
14:56:32,74.82
14:56:40,74.81
14:56:59,74.82
14:57:14,74.81
14:57:17,74.82
14:57:29,74.81
14:57:44,74.82
14:57:44,74.8
14:58:04,74.82
14:58:19,74.8
14:58:25,74.79
14:58:26,74.8
14:59:29,74.81
15:00:02,74.82
15:00:12,74.83
15:00:23,74.82
15:00:33,74.83
15:00:41,74.82
15:00:41,74.83
15:01:04,74.85
15:01:13,74.86
15:01:38,74.82
15:01:40,74.83
15:01:48,74.84
15:01:58,74.83
15:02:35,74.84
15:02:41,74.83
15:02:56,74.84
15:03:14,74.85
15:03:20,74.86
15:03:22,74.87
15:03:25,74.88
15:03:41,74.89
15:04:10,74.86
15:04:10,74.85
15:04:13,74.88
15:04:33,74.87
15:04:34,74.88
15:04:38,74.89
15:04:44,74.9
15:04:54,74.89
15:05:05,74.88
15:05:10,74.9
15:05:47,74.89
15:05:49,74.9
15:05:57,74.89
15:06:10,74.9
15:06:12,74.89
15:06:28,74.9
15:07:11,74.89
15:07:24,74.9
15:07:24,74.89
15:07:34,74.93
15:07:34,74.94
15:07:35,74.95
15:07:40,74.94
15:07:42,74.96
15:07:46,74.94
15:07:47,74.95
15:07:48,74.96
15:08:25,74.94
15:08:27,74.96
15:08:38,74.93
15:08:41,74.92
15:08:52,74.93
15:09:38,74.89
15:10:17,74.9
15:10:17,74.89
15:10:23,74.9
15:10:24,74.89
15:10:37,74.9
15:10:37,74.89
15:10:39,74.9
15:10:44,74.89
15:10:53,74.86
15:10:54,74.85
15:11:49,74.87
15:11:53,74.89
15:11:55,74.88
15:12:27,74.89
15:12:32,74.9
15:12:42,74.91
15:12:57,74.92
15:13:07,74.93
15:13:21,74.94
15:13:27,74.93
15:13:35,74.94
15:13:42,74.93
15:13:47,74.91
15:13:50,74.9
15:14:28,74.89
15:14:59,74.91
15:15:23,74.92
15:15:24,74.93
15:15:49,74.94
15:15:49,74.95
15:15:59,74.96
15:16:14,74.94
15:16:15,74.92
15:16:16,74.91
15:16:17,74.9
15:16:17,74.89
15:16:29,74.9
15:16:56,74.91
15:17:04,74.92
15:17:13,74.91
15:17:14,74.92
15:17:15,74.93
15:17:22,74.94
15:17:32,74.93
15:17:53,74.94
15:18:05,74.95
15:18:28,74.93
15:18:30,74.95
15:18:43,74.94
15:18:44,74.95
15:18:44,74.96
15:19:06,74.95
15:19:29,74.93
15:19:30,74.92
15:19:46,74.9
15:19:47,74.89
15:19:55,74.88
15:20:15,74.87
15:20:53,74.89
15:21:16,74.91
15:21:44,74.92
15:21:46,74.93
15:21:52,74.94
15:22:08,74.93
15:22:08,74.94
15:22:25,74.91
15:22:25,74.9
15:22:26,74.88
15:23:01,74.89
15:23:06,74.88
15:23:06,74.89
15:23:06,74.88
15:23:13,74.89
15:23:17,74.88
15:23:18,74.87
15:23:42,74.86
15:23:43,74.85
15:24:00,74.84
15:24:23,74.83
15:24:24,74.82
15:24:26,74.83
15:24:27,74.84
15:24:28,74.83
15:24:28,74.84
15:24:35,74.83
15:24:39,74.84
15:25:12,74.85
15:25:14,74.84
15:25:15,74.85
15:25:25,74.84
15:25:32,74.85
15:25:34,74.84
15:26:13,74.82
15:26:21,74.79
15:26:30,74.78
15:26:37,74.79
15:26:38,74.8
15:26:40,74.81
15:26:56,74.8
15:26:57,74.81
15:27:10,74.82
15:27:16,74.84
15:27:18,74.83
15:27:20,74.84
15:27:23,74.85
15:27:52,74.86
15:28:05,74.85
15:28:10,74.83
15:28:20,74.84
15:28:30,74.83
15:28:46,74.84
15:28:59,74.83
15:29:24,74.84
15:29:28,74.82
15:29:30,74.81
15:30:24,74.8
15:30:27,74.79
15:30:28,74.8
15:30:35,74.83
15:30:36,74.82
15:30:36,74.83
15:30:41,74.84
15:30:47,74.83
15:30:47,74.82
15:30:47,74.81
15:30:48,74.82
15:30:48,74.8
15:30:51,74.79
15:30:54,74.81
15:31:17,74.82
15:31:40,74.83
15:31:43,74.82
15:31:49,74.79
15:32:03,74.8
15:32:11,74.79
15:32:15,74.81
15:32:35,74.79
15:32:42,74.78
15:32:46,74.77
15:32:49,74.75
15:32:49,74.76
15:32:54,74.75
15:32:55,74.74
15:33:04,74.73
15:33:05,74.71
15:33:06,74.7
15:33:06,74.72
15:33:22,74.73
15:33:31,74.72
15:33:33,74.73
15:33:41,74.74
15:33:44,74.75
15:33:47,74.73
15:33:48,74.75
15:33:48,74.73
15:34:09,74.74
15:34:17,74.75
15:34:19,74.74
15:34:20,74.75
15:34:23,74.76
15:34:25,74.77
15:34:28,74.76
15:34:33,74.75
15:34:34,74.73
15:34:44,74.74
15:34:56,74.73
15:35:04,74.74
15:35:13,74.75
15:35:14,74.74
15:35:17,74.75
15:35:53,74.74
15:35:57,74.72
15:35:58,74.71
15:35:58,74.72
15:36:00,74.71
15:36:14,74.72
15:36:23,74.71
15:36:30,74.72
15:36:44,74.71
15:36:52,74.72
15:37:18,74.71
15:37:20,74.72
15:38:06,74.73
15:38:08,74.72
15:38:09,74.73
15:38:11,74.72
15:38:12,74.7
15:38:12,74.68
15:38:14,74.67
15:38:14,74.68
15:38:17,74.69
15:38:33,74.7
15:38:53,74.71
15:38:54,74.72
15:38:58,74.71
15:39:09,74.7
15:39:10,74.71
15:39:10,74.7
15:39:10,74.69
15:39:26,74.7
15:39:30,74.71
15:39:42,74.72
15:39:54,74.7
15:39:59,74.69
15:40:10,74.68
15:40:12,74.67
15:40:18,74.68
15:40:24,74.69
15:40:25,74.7
15:40:52,74.69
15:40:55,74.7
15:41:09,74.69
15:41:13,74.7
15:41:33,74.71
15:41:34,74.72
15:41:36,74.71
15:41:48,74.72
15:41:53,74.71
15:42:16,74.69
15:42:17,74.7
15:42:18,74.71
15:42:22,74.7
15:42:27,74.71
15:42:36,74.7
15:43:15,74.69
15:43:16,74.7
15:43:20,74.69
15:43:33,74.7
15:43:34,74.71
15:43:35,74.7
15:43:38,74.71
15:43:46,74.72
15:43:48,74.71
15:43:48,74.72
15:43:52,74.73
15:44:14,74.74
15:44:29,74.75
15:44:44,74.74
15:44:49,74.75
15:44:50,74.74
15:44:52,74.73
15:44:53,74.74
15:45:05,74.73
15:45:14,74.75
15:45:16,74.76
15:45:16,74.77
15:45:21,74.76
15:45:39,74.75
15:45:41,74.76
15:45:58,74.75
15:46:06,74.76
15:46:07,74.77
15:46:14,74.78
15:46:16,74.77
15:46:18,74.78
15:46:38,74.77
15:46:45,74.74
15:46:46,74.73
15:46:48,74.74
15:46:55,74.75
15:46:59,74.74
15:47:05,74.75
15:47:06,74.76
15:47:27,74.77
15:47:31,74.76
15:48:03,74.77
15:48:32,74.76
15:48:33,74.77
15:48:37,74.76
15:48:40,74.77
15:48:43,74.78
15:48:46,74.79
15:48:48,74.8
15:48:51,74.79
15:48:53,74.8
15:49:11,74.79
15:49:21,74.8
15:49:32,74.79
15:49:38,74.77
15:49:42,74.76
15:49:44,74.77
15:49:45,74.78
15:49:47,74.77
15:49:56,74.78
15:50:13,74.79
15:50:18,74.78
15:50:28,74.77
15:50:36,74.76
15:50:39,74.77
15:50:42,74.78
15:50:43,74.77
15:51:00,74.76
15:51:13,74.77
15:51:19,74.76
15:51:22,74.75
15:51:23,74.74
15:51:23,74.73
15:51:27,74.74
15:51:31,74.75
15:51:50,74.76
15:51:58,74.75
15:52:12,74.76
15:52:14,74.75
15:52:15,74.73
15:52:16,74.71
15:52:24,74.72
15:52:30,74.71
15:52:31,74.72
15:52:45,74.71
15:52:48,74.72
15:53:00,74.71
15:53:13,74.72
15:53:15,74.71
15:53:17,74.72
15:53:18,74.71
15:53:19,74.72
15:53:32,74.74
15:53:33,74.73
15:53:36,74.72
15:53:37,74.73
15:53:38,74.74
15:53:39,74.73
15:53:39,74.74
15:53:40,74.73
15:53:42,74.74
15:53:46,74.73
15:53:48,74.74
15:53:50,74.73
15:53:52,74.74
15:53:52,74.73
15:53:52,74.71
15:53:54,74.7
15:53:56,74.69
15:53:58,74.68
15:53:58,74.67
15:54:05,74.68
15:54:18,74.69
15:54:30,74.7
15:54:51,74.71
15:54:53,74.7
15:54:56,74.71
15:55:14,74.73
15:55:14,74.72
15:55:14,74.73
15:55:18,74.72
15:55:19,74.73
15:55:20,74.74
15:55:39,74.75
15:55:40,74.74
15:55:44,74.73
15:55:45,74.75
15:55:45,74.74
15:55:46,74.75
15:55:46,74.74
15:56:01,74.73
15:56:03,74.74
15:56:11,74.73
15:56:14,74.74
15:56:23,74.73
15:56:28,74.74
15:56:31,74.73
15:56:34,74.74
15:56:34,74.73
15:56:35,74.74
15:56:50,74.73
15:56:54,74.74
15:56:54,74.73
15:56:54,74.74
15:56:55,74.73
15:56:56,74.74
15:56:58,74.73
15:56:58,74.74
15:57:01,74.73
15:57:02,74.74
15:57:11,74.73
15:57:11,74.74
15:57:12,74.73
15:57:14,74.74
15:57:18,74.73
15:57:18,74.74
15:57:20,74.73
15:57:20,74.74
15:57:23,74.75
15:57:23,74.74
15:57:23,74.73
15:57:25,74.74
15:57:44,74.75
15:57:44,74.74
15:57:54,74.73
15:57:55,74.74
15:57:56,74.73
15:57:58,74.74
15:58:05,74.73
15:58:06,74.74
15:58:16,74.73
15:58:17,74.74
15:58:17,74.73
15:58:18,74.74
15:58:19,74.73
15:58:21,74.74
15:58:31,74.73
15:58:32,74.74
15:58:32,74.73
15:58:33,74.74
15:58:34,74.73
15:58:35,74.74
15:58:44,74.73
15:58:46,74.74
15:58:55,74.73
15:58:56,74.74
15:59:07,74.75
15:59:08,74.74
15:59:08,74.75
15:59:11,74.74
15:59:12,74.75
15:59:17,74.76
15:59:23,74.77
15:59:25,74.78
15:59:26,74.77
15:59:27,74.78
15:59:27,74.77
15:59:28,74.78
15:59:33,74.79
15:59:37,74.8
15:59:37,74.79
15:59:38,74.8
15:59:41,74.79
15:59:41,74.8
15:59:43,74.79
15:59:44,74.8
15:59:44,74.81
15:59:44,74.8
15:59:45,74.81
15:59:45,74.8
15:59:45,74.81
15:59:45,74.79
15:59:47,74.81
15:59:48,74.79
15:59:49,74.8
15:59:52,74.79
15:59:53,74.8
15:59:57,74.79
15:59:57,74.8
15:59:59,74.79
15:59:59,74.8
16:00:04,74.79
16:00:06,74.8
16:00:06,74.77
16:00:07,74.79
16:00:08,74.78
16:00:08,74.79
16:00:08,74.78
16:00:11,74.77
16:00:11,74.79
16:00:12,74.77
16:00:12,74.78
16:00:12,74.77
16:00:12,74.78
16:04:47,74.86
